SKU,Nazwa produktu,Kategoria,Data,Ilość wydana,Wartość jednostkowa
SKU-0001,Segregator A4 Compact,Artykuły biurowe,2024-08-01,2,24.11
SKU-0001,Segregator A4 Compact,Artykuły biurowe,2024-09-01,2,23.61
SKU-0001,Segregator A4 Compact,Artykuły biurowe,2024-10-01,2,23.55
SKU-0001,Segregator A4 Compact,Artykuły biurowe,2024-11-01,2,24.07
SKU-0001,Segregator A4 Compact,Artykuły biurowe,2024-12-01,2,22.59
SKU-0001,Segregator A4 Compact,Artykuły biurowe,2025-01-01,2,23.73
SKU-0001,Segregator A4 Compact,Artykuły biurowe,2025-02-01,2,22.78
SKU-0001,Segregator A4 Compact,Artykuły biurowe,2025-03-01,2,23.51
SKU-0001,Segregator A4 Compact,Artykuły biurowe,2025-04-01,2,22.91
SKU-0001,Segregator A4 Compact,Artykuły biurowe,2025-05-01,2,22.97
SKU-0001,Segregator A4 Compact,Artykuły biurowe,2025-06-01,2,24.16
SKU-0001,Segregator A4 Compact,Artykuły biurowe,2025-07-01,2,23.22
SKU-0001,Segregator A4 Compact,Artykuły biurowe,2025-08-01,2,23.8
SKU-0001,Segregator A4 Compact,Artykuły biurowe,2025-09-01,2,23.37
SKU-0001,Segregator A4 Compact,Artykuły biurowe,2025-10-01,2,24.7
SKU-0001,Segregator A4 Compact,Artykuły biurowe,2025-11-01,3,23.31
SKU-0001,Segregator A4 Compact,Artykuły biurowe,2025-12-01,2,24.61
SKU-0001,Segregator A4 Compact,Artykuły biurowe,2026-01-01,2,23.47
SKU-0001,Segregator A4 Compact,Artykuły biurowe,2026-02-01,2,24.57
SKU-0001,Segregator A4 Compact,Artykuły biurowe,2026-03-01,3,24.52
SKU-0001,Segregator A4 Compact,Artykuły biurowe,2026-04-01,3,23.98
SKU-0001,Segregator A4 Compact,Artykuły biurowe,2026-05-01,3,24.13
SKU-0001,Segregator A4 Compact,Artykuły biurowe,2026-06-01,3,22.81
SKU-0001,Segregator A4 Compact,Artykuły biurowe,2026-07-01,2,22.54
SKU-0002,Herbata czarna 100g Pro,Spożywcze,2024-08-01,13,35.05
SKU-0002,Herbata czarna 100g Pro,Spożywcze,2024-09-01,14,34.54
SKU-0002,Herbata czarna 100g Pro,Spożywcze,2024-10-01,13,35.27
SKU-0002,Herbata czarna 100g Pro,Spożywcze,2024-11-01,13,36.67
SKU-0002,Herbata czarna 100g Pro,Spożywcze,2024-12-01,13,37.95
SKU-0002,Herbata czarna 100g Pro,Spożywcze,2025-01-01,15,36.49
SKU-0002,Herbata czarna 100g Pro,Spożywcze,2025-02-01,13,36.99
SKU-0002,Herbata czarna 100g Pro,Spożywcze,2025-03-01,12,35.09
SKU-0002,Herbata czarna 100g Pro,Spożywcze,2025-04-01,10,36.76
SKU-0002,Herbata czarna 100g Pro,Spożywcze,2025-05-01,12,34.88
SKU-0002,Herbata czarna 100g Pro,Spożywcze,2025-06-01,11,34.98
SKU-0002,Herbata czarna 100g Pro,Spożywcze,2025-07-01,11,35.21
SKU-0002,Herbata czarna 100g Pro,Spożywcze,2025-08-01,12,36.31
SKU-0002,Herbata czarna 100g Pro,Spożywcze,2025-09-01,12,34.53
SKU-0002,Herbata czarna 100g Pro,Spożywcze,2025-10-01,16,36.96
SKU-0002,Herbata czarna 100g Pro,Spożywcze,2025-11-01,13,34.5
SKU-0002,Herbata czarna 100g Pro,Spożywcze,2025-12-01,15,37.45
SKU-0002,Herbata czarna 100g Pro,Spożywcze,2026-01-01,17,36.23
SKU-0002,Herbata czarna 100g Pro,Spożywcze,2026-02-01,16,35.13
SKU-0002,Herbata czarna 100g Pro,Spożywcze,2026-03-01,13,37.67
SKU-0002,Herbata czarna 100g Pro,Spożywcze,2026-04-01,12,37.38
SKU-0002,Herbata czarna 100g Pro,Spożywcze,2026-05-01,12,35.2
SKU-0002,Herbata czarna 100g Pro,Spożywcze,2026-06-01,12,34.71
SKU-0002,Herbata czarna 100g Pro,Spożywcze,2026-07-01,9,34.73
SKU-0003,Buty sportowe,Obuwie,2024-08-01,9,101.16
SKU-0003,Buty sportowe,Obuwie,2024-09-01,6,94.65
SKU-0003,Buty sportowe,Obuwie,2024-10-01,5,92.21
SKU-0003,Buty sportowe,Obuwie,2024-11-01,3,96.03
SKU-0003,Buty sportowe,Obuwie,2024-12-01,3,91.63
SKU-0003,Buty sportowe,Obuwie,2025-01-01,2,97.93
SKU-0003,Buty sportowe,Obuwie,2025-02-01,1,99.0
SKU-0003,Buty sportowe,Obuwie,2025-03-01,2,92.19
SKU-0003,Buty sportowe,Obuwie,2025-04-01,4,98.8
SKU-0003,Buty sportowe,Obuwie,2025-05-01,7,96.54
SKU-0003,Buty sportowe,Obuwie,2025-06-01,8,98.7
SKU-0003,Buty sportowe,Obuwie,2025-07-01,7,93.43
SKU-0003,Buty sportowe,Obuwie,2025-08-01,8,98.86
SKU-0003,Buty sportowe,Obuwie,2025-09-01,8,97.86
SKU-0003,Buty sportowe,Obuwie,2025-10-01,6,93.06
SKU-0003,Buty sportowe,Obuwie,2025-11-01,5,98.46
SKU-0003,Buty sportowe,Obuwie,2025-12-01,2,93.88
SKU-0003,Buty sportowe,Obuwie,2026-01-01,1,95.65
SKU-0003,Buty sportowe,Obuwie,2026-02-01,2,92.29
SKU-0003,Buty sportowe,Obuwie,2026-03-01,3,95.24
SKU-0003,Buty sportowe,Obuwie,2026-04-01,4,94.17
SKU-0003,Buty sportowe,Obuwie,2026-05-01,7,94.1
SKU-0003,Buty sportowe,Obuwie,2026-06-01,8,94.15
SKU-0003,Buty sportowe,Obuwie,2026-07-01,10,98.25
SKU-0004,Czekolada mleczna Compact,Spożywcze,2024-08-01,3,9.71
SKU-0004,Czekolada mleczna Compact,Spożywcze,2024-09-01,2,9.83
SKU-0004,Czekolada mleczna Compact,Spożywcze,2024-10-01,3,9.75
SKU-0004,Czekolada mleczna Compact,Spożywcze,2024-11-01,3,9.5
SKU-0004,Czekolada mleczna Compact,Spożywcze,2024-12-01,3,9.72
SKU-0004,Czekolada mleczna Compact,Spożywcze,2025-01-01,2,9.94
SKU-0004,Czekolada mleczna Compact,Spożywcze,2025-02-01,3,10.03
SKU-0004,Czekolada mleczna Compact,Spożywcze,2025-03-01,3,9.89
SKU-0004,Czekolada mleczna Compact,Spożywcze,2025-04-01,3,9.17
SKU-0004,Czekolada mleczna Compact,Spożywcze,2025-05-01,3,9.39
SKU-0004,Czekolada mleczna Compact,Spożywcze,2025-06-01,3,10.04
SKU-0004,Czekolada mleczna Compact,Spożywcze,2025-07-01,3,9.12
SKU-0004,Czekolada mleczna Compact,Spożywcze,2025-08-01,3,9.43
SKU-0004,Czekolada mleczna Compact,Spożywcze,2025-09-01,3,9.62
SKU-0004,Czekolada mleczna Compact,Spożywcze,2025-10-01,3,9.1
SKU-0004,Czekolada mleczna Compact,Spożywcze,2025-11-01,3,9.68
SKU-0004,Czekolada mleczna Compact,Spożywcze,2025-12-01,3,9.68
SKU-0004,Czekolada mleczna Compact,Spożywcze,2026-01-01,3,9.64
SKU-0004,Czekolada mleczna Compact,Spożywcze,2026-02-01,3,9.5
SKU-0004,Czekolada mleczna Compact,Spożywcze,2026-03-01,3,9.45
SKU-0004,Czekolada mleczna Compact,Spożywcze,2026-04-01,4,9.97
SKU-0004,Czekolada mleczna Compact,Spożywcze,2026-05-01,3,9.59
SKU-0004,Czekolada mleczna Compact,Spożywcze,2026-06-01,4,9.13
SKU-0004,Czekolada mleczna Compact,Spożywcze,2026-07-01,4,9.73
SKU-0005,Gra planszowa Compact,Zabawki,2024-08-01,249,59.86
SKU-0005,Gra planszowa Compact,Zabawki,2024-09-01,304,63.1
SKU-0005,Gra planszowa Compact,Zabawki,2024-10-01,288,59.79
SKU-0005,Gra planszowa Compact,Zabawki,2024-11-01,284,62.53
SKU-0005,Gra planszowa Compact,Zabawki,2024-12-01,254,62.96
SKU-0005,Gra planszowa Compact,Zabawki,2025-01-01,214,59.87
SKU-0005,Gra planszowa Compact,Zabawki,2025-02-01,248,63.8
SKU-0005,Gra planszowa Compact,Zabawki,2025-03-01,230,62.14
SKU-0005,Gra planszowa Compact,Zabawki,2025-04-01,173,62.37
SKU-0005,Gra planszowa Compact,Zabawki,2025-05-01,218,64.53
SKU-0005,Gra planszowa Compact,Zabawki,2025-06-01,264,59.15
SKU-0005,Gra planszowa Compact,Zabawki,2025-07-01,270,61.45
SKU-0005,Gra planszowa Compact,Zabawki,2025-08-01,249,64.29
SKU-0005,Gra planszowa Compact,Zabawki,2025-09-01,231,60.13
SKU-0005,Gra planszowa Compact,Zabawki,2025-10-01,253,63.79
SKU-0005,Gra planszowa Compact,Zabawki,2025-11-01,216,59.01
SKU-0005,Gra planszowa Compact,Zabawki,2025-12-01,223,61.7
SKU-0005,Gra planszowa Compact,Zabawki,2026-01-01,220,59.21
SKU-0005,Gra planszowa Compact,Zabawki,2026-02-01,190,63.88
SKU-0005,Gra planszowa Compact,Zabawki,2026-03-01,191,64.63
SKU-0005,Gra planszowa Compact,Zabawki,2026-04-01,191,60.13
SKU-0005,Gra planszowa Compact,Zabawki,2026-05-01,188,61.73
SKU-0005,Gra planszowa Compact,Zabawki,2026-06-01,199,59.74
SKU-0005,Gra planszowa Compact,Zabawki,2026-07-01,210,63.53
SKU-0006,Klapki basenowe Compact,Obuwie,2024-08-01,0,344.12
SKU-0006,Klapki basenowe Compact,Obuwie,2024-09-01,24,327.45
SKU-0006,Klapki basenowe Compact,Obuwie,2024-10-01,0,329.32
SKU-0006,Klapki basenowe Compact,Obuwie,2024-11-01,10,319.53
SKU-0006,Klapki basenowe Compact,Obuwie,2024-12-01,0,328.89
SKU-0006,Klapki basenowe Compact,Obuwie,2025-01-01,6,322.62
SKU-0006,Klapki basenowe Compact,Obuwie,2025-02-01,10,336.27
SKU-0006,Klapki basenowe Compact,Obuwie,2025-03-01,5,322.03
SKU-0006,Klapki basenowe Compact,Obuwie,2025-04-01,0,338.29
SKU-0006,Klapki basenowe Compact,Obuwie,2025-05-01,0,333.74
SKU-0006,Klapki basenowe Compact,Obuwie,2025-06-01,17,344.92
SKU-0006,Klapki basenowe Compact,Obuwie,2025-07-01,0,331.43
SKU-0006,Klapki basenowe Compact,Obuwie,2025-08-01,40,339.74
SKU-0006,Klapki basenowe Compact,Obuwie,2025-09-01,13,346.25
SKU-0006,Klapki basenowe Compact,Obuwie,2025-10-01,18,350.51
SKU-0006,Klapki basenowe Compact,Obuwie,2025-11-01,0,329.86
SKU-0006,Klapki basenowe Compact,Obuwie,2025-12-01,10,333.9
SKU-0006,Klapki basenowe Compact,Obuwie,2026-01-01,0,345.45
SKU-0006,Klapki basenowe Compact,Obuwie,2026-02-01,15,328.41
SKU-0006,Klapki basenowe Compact,Obuwie,2026-03-01,8,342.92
SKU-0006,Klapki basenowe Compact,Obuwie,2026-04-01,10,323.31
SKU-0006,Klapki basenowe Compact,Obuwie,2026-05-01,11,336.8
SKU-0006,Klapki basenowe Compact,Obuwie,2026-06-01,0,335.91
SKU-0006,Klapki basenowe Compact,Obuwie,2026-07-01,15,339.55
SKU-0007,Hantle 5kg Compact,Sport i rekreacja,2024-08-01,2,340.72
SKU-0007,Hantle 5kg Compact,Sport i rekreacja,2024-09-01,2,337.38
SKU-0007,Hantle 5kg Compact,Sport i rekreacja,2024-10-01,3,364.8
SKU-0007,Hantle 5kg Compact,Sport i rekreacja,2024-11-01,4,335.99
SKU-0007,Hantle 5kg Compact,Sport i rekreacja,2024-12-01,4,334.04
SKU-0007,Hantle 5kg Compact,Sport i rekreacja,2025-01-01,3,360.46
SKU-0007,Hantle 5kg Compact,Sport i rekreacja,2025-02-01,3,338.69
SKU-0007,Hantle 5kg Compact,Sport i rekreacja,2025-03-01,3,361.46
SKU-0007,Hantle 5kg Compact,Sport i rekreacja,2025-04-01,1,361.35
SKU-0007,Hantle 5kg Compact,Sport i rekreacja,2025-05-01,1,352.87
SKU-0007,Hantle 5kg Compact,Sport i rekreacja,2025-06-01,1,343.25
SKU-0007,Hantle 5kg Compact,Sport i rekreacja,2025-07-01,1,347.95
SKU-0007,Hantle 5kg Compact,Sport i rekreacja,2025-08-01,1,362.66
SKU-0007,Hantle 5kg Compact,Sport i rekreacja,2025-09-01,2,347.26
SKU-0007,Hantle 5kg Compact,Sport i rekreacja,2025-10-01,3,345.99
SKU-0007,Hantle 5kg Compact,Sport i rekreacja,2025-11-01,4,365.84
SKU-0007,Hantle 5kg Compact,Sport i rekreacja,2025-12-01,3,336.96
SKU-0007,Hantle 5kg Compact,Sport i rekreacja,2026-01-01,4,338.13
SKU-0007,Hantle 5kg Compact,Sport i rekreacja,2026-02-01,3,362.74
SKU-0007,Hantle 5kg Compact,Sport i rekreacja,2026-03-01,1,348.47
SKU-0007,Hantle 5kg Compact,Sport i rekreacja,2026-04-01,1,336.61
SKU-0007,Hantle 5kg Compact,Sport i rekreacja,2026-05-01,2,346.65
SKU-0007,Hantle 5kg Compact,Sport i rekreacja,2026-06-01,1,340.8
SKU-0007,Hantle 5kg Compact,Sport i rekreacja,2026-07-01,1,344.24
SKU-0008,Plecak trekkingowy Classic,Sport i rekreacja,2024-08-01,5,325.35
SKU-0008,Plecak trekkingowy Classic,Sport i rekreacja,2024-09-01,4,329.12
SKU-0008,Plecak trekkingowy Classic,Sport i rekreacja,2024-10-01,2,334.2
SKU-0008,Plecak trekkingowy Classic,Sport i rekreacja,2024-11-01,3,321.76
SKU-0008,Plecak trekkingowy Classic,Sport i rekreacja,2024-12-01,4,329.03
SKU-0008,Plecak trekkingowy Classic,Sport i rekreacja,2025-01-01,7,322.13
SKU-0008,Plecak trekkingowy Classic,Sport i rekreacja,2025-02-01,9,330.08
SKU-0008,Plecak trekkingowy Classic,Sport i rekreacja,2025-03-01,12,344.04
SKU-0008,Plecak trekkingowy Classic,Sport i rekreacja,2025-04-01,14,351.02
SKU-0008,Plecak trekkingowy Classic,Sport i rekreacja,2025-05-01,11,330.49
SKU-0008,Plecak trekkingowy Classic,Sport i rekreacja,2025-06-01,12,331.65
SKU-0008,Plecak trekkingowy Classic,Sport i rekreacja,2025-07-01,11,323.78
SKU-0008,Plecak trekkingowy Classic,Sport i rekreacja,2025-08-01,4,349.32
SKU-0008,Plecak trekkingowy Classic,Sport i rekreacja,2025-09-01,3,327.39
SKU-0008,Plecak trekkingowy Classic,Sport i rekreacja,2025-10-01,2,324.23
SKU-0008,Plecak trekkingowy Classic,Sport i rekreacja,2025-11-01,2,341.23
SKU-0008,Plecak trekkingowy Classic,Sport i rekreacja,2025-12-01,3,337.03
SKU-0008,Plecak trekkingowy Classic,Sport i rekreacja,2026-01-01,2,346.5
SKU-0008,Plecak trekkingowy Classic,Sport i rekreacja,2026-02-01,9,348.74
SKU-0008,Plecak trekkingowy Classic,Sport i rekreacja,2026-03-01,14,322.99
SKU-0008,Plecak trekkingowy Classic,Sport i rekreacja,2026-04-01,9,351.01
SKU-0008,Plecak trekkingowy Classic,Sport i rekreacja,2026-05-01,15,351.84
SKU-0008,Plecak trekkingowy Classic,Sport i rekreacja,2026-06-01,12,327.55
SKU-0008,Plecak trekkingowy Classic,Sport i rekreacja,2026-07-01,6,332.67
SKU-0009,Długopis żelowy Mini,Artykuły biurowe,2024-08-01,0,59.61
SKU-0009,Długopis żelowy Mini,Artykuły biurowe,2024-09-01,11,57.0
SKU-0009,Długopis żelowy Mini,Artykuły biurowe,2024-10-01,0,57.85
SKU-0009,Długopis żelowy Mini,Artykuły biurowe,2024-11-01,0,56.01
SKU-0009,Długopis żelowy Mini,Artykuły biurowe,2024-12-01,19,59.6
SKU-0009,Długopis żelowy Mini,Artykuły biurowe,2025-01-01,11,60.75
SKU-0009,Długopis żelowy Mini,Artykuły biurowe,2025-02-01,12,60.56
SKU-0009,Długopis żelowy Mini,Artykuły biurowe,2025-03-01,19,57.23
SKU-0009,Długopis żelowy Mini,Artykuły biurowe,2025-04-01,9,58.03
SKU-0009,Długopis żelowy Mini,Artykuły biurowe,2025-05-01,0,61.04
SKU-0009,Długopis żelowy Mini,Artykuły biurowe,2025-06-01,0,59.16
SKU-0009,Długopis żelowy Mini,Artykuły biurowe,2025-07-01,17,55.93
SKU-0009,Długopis żelowy Mini,Artykuły biurowe,2025-08-01,0,60.79
SKU-0009,Długopis żelowy Mini,Artykuły biurowe,2025-09-01,2,61.06
SKU-0009,Długopis żelowy Mini,Artykuły biurowe,2025-10-01,0,55.64
SKU-0009,Długopis żelowy Mini,Artykuły biurowe,2025-11-01,4,57.99
SKU-0009,Długopis żelowy Mini,Artykuły biurowe,2025-12-01,0,58.69
SKU-0009,Długopis żelowy Mini,Artykuły biurowe,2026-01-01,1,60.12
SKU-0009,Długopis żelowy Mini,Artykuły biurowe,2026-02-01,8,57.44
SKU-0009,Długopis żelowy Mini,Artykuły biurowe,2026-03-01,17,57.24
SKU-0009,Długopis żelowy Mini,Artykuły biurowe,2026-04-01,0,56.62
SKU-0009,Długopis żelowy Mini,Artykuły biurowe,2026-05-01,0,60.04
SKU-0009,Długopis żelowy Mini,Artykuły biurowe,2026-06-01,7,57.09
SKU-0009,Długopis żelowy Mini,Artykuły biurowe,2026-07-01,19,56.02
SKU-0010,Długopis żelowy XL,Artykuły biurowe,2024-08-01,13,19.89
SKU-0010,Długopis żelowy XL,Artykuły biurowe,2024-09-01,21,20.68
SKU-0010,Długopis żelowy XL,Artykuły biurowe,2024-10-01,30,21.0
SKU-0010,Długopis żelowy XL,Artykuły biurowe,2024-11-01,30,19.97
SKU-0010,Długopis żelowy XL,Artykuły biurowe,2024-12-01,35,21.79
SKU-0010,Długopis żelowy XL,Artykuły biurowe,2025-01-01,45,19.99
SKU-0010,Długopis żelowy XL,Artykuły biurowe,2025-02-01,51,21.57
SKU-0010,Długopis żelowy XL,Artykuły biurowe,2025-03-01,22,21.1
SKU-0010,Długopis żelowy XL,Artykuły biurowe,2025-04-01,21,20.57
SKU-0010,Długopis żelowy XL,Artykuły biurowe,2025-05-01,17,21.24
SKU-0010,Długopis żelowy XL,Artykuły biurowe,2025-06-01,12,20.21
SKU-0010,Długopis żelowy XL,Artykuły biurowe,2025-07-01,11,21.55
SKU-0010,Długopis żelowy XL,Artykuły biurowe,2025-08-01,12,21.66
SKU-0010,Długopis żelowy XL,Artykuły biurowe,2025-09-01,17,20.31
SKU-0010,Długopis żelowy XL,Artykuły biurowe,2025-10-01,38,20.29
SKU-0010,Długopis żelowy XL,Artykuły biurowe,2025-11-01,37,21.78
SKU-0010,Długopis żelowy XL,Artykuły biurowe,2025-12-01,46,20.67
SKU-0010,Długopis żelowy XL,Artykuły biurowe,2026-01-01,54,20.94
SKU-0010,Długopis żelowy XL,Artykuły biurowe,2026-02-01,38,21.55
SKU-0010,Długopis żelowy XL,Artykuły biurowe,2026-03-01,52,21.56
SKU-0010,Długopis żelowy XL,Artykuły biurowe,2026-04-01,36,20.62
SKU-0010,Długopis żelowy XL,Artykuły biurowe,2026-05-01,21,20.35
SKU-0010,Długopis żelowy XL,Artykuły biurowe,2026-06-01,13,20.47
SKU-0010,Długopis żelowy XL,Artykuły biurowe,2026-07-01,13,20.51
SKU-0011,Suszarka do włosów Mini,AGD,2024-08-01,2,201.36
SKU-0011,Suszarka do włosów Mini,AGD,2024-09-01,3,210.76
SKU-0011,Suszarka do włosów Mini,AGD,2024-10-01,2,199.72
SKU-0011,Suszarka do włosów Mini,AGD,2024-11-01,3,194.81
SKU-0011,Suszarka do włosów Mini,AGD,2024-12-01,5,196.75
SKU-0011,Suszarka do włosów Mini,AGD,2025-01-01,4,197.99
SKU-0011,Suszarka do włosów Mini,AGD,2025-02-01,0,205.46
SKU-0011,Suszarka do włosów Mini,AGD,2025-03-01,3,197.56
SKU-0011,Suszarka do włosów Mini,AGD,2025-04-01,2,212.65
SKU-0011,Suszarka do włosów Mini,AGD,2025-05-01,0,202.32
SKU-0011,Suszarka do włosów Mini,AGD,2025-06-01,0,199.07
SKU-0011,Suszarka do włosów Mini,AGD,2025-07-01,0,211.36
SKU-0011,Suszarka do włosów Mini,AGD,2025-08-01,3,202.87
SKU-0011,Suszarka do włosów Mini,AGD,2025-09-01,0,195.09
SKU-0011,Suszarka do włosów Mini,AGD,2025-10-01,0,206.21
SKU-0011,Suszarka do włosów Mini,AGD,2025-11-01,0,210.39
SKU-0011,Suszarka do włosów Mini,AGD,2025-12-01,3,202.42
SKU-0011,Suszarka do włosów Mini,AGD,2026-01-01,3,205.41
SKU-0011,Suszarka do włosów Mini,AGD,2026-02-01,0,212.78
SKU-0011,Suszarka do włosów Mini,AGD,2026-03-01,1,205.53
SKU-0011,Suszarka do włosów Mini,AGD,2026-04-01,2,210.76
SKU-0011,Suszarka do włosów Mini,AGD,2026-05-01,0,198.91
SKU-0011,Suszarka do włosów Mini,AGD,2026-06-01,2,212.09
SKU-0011,Suszarka do włosów Mini,AGD,2026-07-01,0,198.6
SKU-0012,Kosiarka elektryczna Advanced,Ogród,2024-08-01,7,129.87
SKU-0012,Kosiarka elektryczna Advanced,Ogród,2024-09-01,9,126.81
SKU-0012,Kosiarka elektryczna Advanced,Ogród,2024-10-01,11,126.71
SKU-0012,Kosiarka elektryczna Advanced,Ogród,2024-11-01,11,128.21
SKU-0012,Kosiarka elektryczna Advanced,Ogród,2024-12-01,11,125.43
SKU-0012,Kosiarka elektryczna Advanced,Ogród,2025-01-01,11,129.83
SKU-0012,Kosiarka elektryczna Advanced,Ogród,2025-02-01,12,128.1
SKU-0012,Kosiarka elektryczna Advanced,Ogród,2025-03-01,14,136.44
SKU-0012,Kosiarka elektryczna Advanced,Ogród,2025-04-01,12,127.84
SKU-0012,Kosiarka elektryczna Advanced,Ogród,2025-05-01,12,135.53
SKU-0012,Kosiarka elektryczna Advanced,Ogród,2025-06-01,13,126.74
SKU-0012,Kosiarka elektryczna Advanced,Ogród,2025-07-01,12,129.42
SKU-0012,Kosiarka elektryczna Advanced,Ogród,2025-08-01,10,137.72
SKU-0012,Kosiarka elektryczna Advanced,Ogród,2025-09-01,12,137.66
SKU-0012,Kosiarka elektryczna Advanced,Ogród,2025-10-01,12,128.49
SKU-0012,Kosiarka elektryczna Advanced,Ogród,2025-11-01,14,132.82
SKU-0012,Kosiarka elektryczna Advanced,Ogród,2025-12-01,12,132.09
SKU-0012,Kosiarka elektryczna Advanced,Ogród,2026-01-01,12,127.33
SKU-0012,Kosiarka elektryczna Advanced,Ogród,2026-02-01,15,131.99
SKU-0012,Kosiarka elektryczna Advanced,Ogród,2026-03-01,15,124.9
SKU-0012,Kosiarka elektryczna Advanced,Ogród,2026-04-01,13,128.01
SKU-0012,Kosiarka elektryczna Advanced,Ogród,2026-05-01,13,126.04
SKU-0012,Kosiarka elektryczna Advanced,Ogród,2026-06-01,14,133.57
SKU-0012,Kosiarka elektryczna Advanced,Ogród,2026-07-01,13,132.6
SKU-0013,Głośnik Bluetooth Advanced,Elektronika,2024-08-01,7,308.3
SKU-0013,Głośnik Bluetooth Advanced,Elektronika,2024-09-01,7,306.74
SKU-0013,Głośnik Bluetooth Advanced,Elektronika,2024-10-01,6,323.16
SKU-0013,Głośnik Bluetooth Advanced,Elektronika,2024-11-01,7,301.49
SKU-0013,Głośnik Bluetooth Advanced,Elektronika,2024-12-01,7,301.02
SKU-0013,Głośnik Bluetooth Advanced,Elektronika,2025-01-01,7,310.37
SKU-0013,Głośnik Bluetooth Advanced,Elektronika,2025-02-01,8,314.28
SKU-0013,Głośnik Bluetooth Advanced,Elektronika,2025-03-01,8,302.17
SKU-0013,Głośnik Bluetooth Advanced,Elektronika,2025-04-01,7,305.11
SKU-0013,Głośnik Bluetooth Advanced,Elektronika,2025-05-01,9,320.54
SKU-0013,Głośnik Bluetooth Advanced,Elektronika,2025-06-01,7,315.38
SKU-0013,Głośnik Bluetooth Advanced,Elektronika,2025-07-01,7,302.44
SKU-0013,Głośnik Bluetooth Advanced,Elektronika,2025-08-01,5,312.42
SKU-0013,Głośnik Bluetooth Advanced,Elektronika,2025-09-01,7,322.14
SKU-0013,Głośnik Bluetooth Advanced,Elektronika,2025-10-01,6,327.99
SKU-0013,Głośnik Bluetooth Advanced,Elektronika,2025-11-01,5,320.93
SKU-0013,Głośnik Bluetooth Advanced,Elektronika,2025-12-01,7,299.64
SKU-0013,Głośnik Bluetooth Advanced,Elektronika,2026-01-01,7,306.47
SKU-0013,Głośnik Bluetooth Advanced,Elektronika,2026-02-01,8,300.11
SKU-0013,Głośnik Bluetooth Advanced,Elektronika,2026-03-01,9,309.8
SKU-0013,Głośnik Bluetooth Advanced,Elektronika,2026-04-01,8,303.85
SKU-0013,Głośnik Bluetooth Advanced,Elektronika,2026-05-01,9,325.83
SKU-0013,Głośnik Bluetooth Advanced,Elektronika,2026-06-01,7,312.28
SKU-0013,Głośnik Bluetooth Advanced,Elektronika,2026-07-01,7,324.19
SKU-0014,Taśma miernicza Pro,Narzędzia,2024-08-01,1,64.59
SKU-0014,Taśma miernicza Pro,Narzędzia,2024-09-01,2,70.28
SKU-0014,Taśma miernicza Pro,Narzędzia,2024-10-01,2,65.08
SKU-0014,Taśma miernicza Pro,Narzędzia,2024-11-01,4,67.09
SKU-0014,Taśma miernicza Pro,Narzędzia,2024-12-01,4,65.15
SKU-0014,Taśma miernicza Pro,Narzędzia,2025-01-01,8,65.16
SKU-0014,Taśma miernicza Pro,Narzędzia,2025-02-01,9,71.26
SKU-0014,Taśma miernicza Pro,Narzędzia,2025-03-01,3,70.02
SKU-0014,Taśma miernicza Pro,Narzędzia,2025-04-01,5,69.07
SKU-0014,Taśma miernicza Pro,Narzędzia,2025-05-01,4,66.65
SKU-0014,Taśma miernicza Pro,Narzędzia,2025-06-01,3,68.43
SKU-0014,Taśma miernicza Pro,Narzędzia,2025-07-01,2,69.26
SKU-0014,Taśma miernicza Pro,Narzędzia,2025-08-01,2,69.46
SKU-0014,Taśma miernicza Pro,Narzędzia,2025-09-01,2,65.77
SKU-0014,Taśma miernicza Pro,Narzędzia,2025-10-01,4,65.84
SKU-0014,Taśma miernicza Pro,Narzędzia,2025-11-01,3,71.05
SKU-0014,Taśma miernicza Pro,Narzędzia,2025-12-01,6,68.18
SKU-0014,Taśma miernicza Pro,Narzędzia,2026-01-01,6,64.89
SKU-0014,Taśma miernicza Pro,Narzędzia,2026-02-01,8,66.09
SKU-0014,Taśma miernicza Pro,Narzędzia,2026-03-01,6,70.07
SKU-0014,Taśma miernicza Pro,Narzędzia,2026-04-01,7,66.22
SKU-0014,Taśma miernicza Pro,Narzędzia,2026-05-01,5,68.67
SKU-0014,Taśma miernicza Pro,Narzędzia,2026-06-01,5,68.86
SKU-0014,Taśma miernicza Pro,Narzędzia,2026-07-01,3,65.79
SKU-0015,Lalka interaktywna Compact,Zabawki,2024-08-01,3,232.68
SKU-0015,Lalka interaktywna Compact,Zabawki,2024-09-01,0,219.37
SKU-0015,Lalka interaktywna Compact,Zabawki,2024-10-01,0,221.16
SKU-0015,Lalka interaktywna Compact,Zabawki,2024-11-01,3,222.47
SKU-0015,Lalka interaktywna Compact,Zabawki,2024-12-01,0,215.01
SKU-0015,Lalka interaktywna Compact,Zabawki,2025-01-01,2,233.98
SKU-0015,Lalka interaktywna Compact,Zabawki,2025-02-01,2,223.62
SKU-0015,Lalka interaktywna Compact,Zabawki,2025-03-01,0,227.02
SKU-0015,Lalka interaktywna Compact,Zabawki,2025-04-01,0,232.06
SKU-0015,Lalka interaktywna Compact,Zabawki,2025-05-01,0,220.97
SKU-0015,Lalka interaktywna Compact,Zabawki,2025-06-01,2,213.69
SKU-0015,Lalka interaktywna Compact,Zabawki,2025-07-01,7,233.33
SKU-0015,Lalka interaktywna Compact,Zabawki,2025-08-01,0,222.99
SKU-0015,Lalka interaktywna Compact,Zabawki,2025-09-01,2,225.32
SKU-0015,Lalka interaktywna Compact,Zabawki,2025-10-01,0,221.07
SKU-0015,Lalka interaktywna Compact,Zabawki,2025-11-01,0,228.73
SKU-0015,Lalka interaktywna Compact,Zabawki,2025-12-01,6,225.21
SKU-0015,Lalka interaktywna Compact,Zabawki,2026-01-01,5,230.26
SKU-0015,Lalka interaktywna Compact,Zabawki,2026-02-01,1,232.61
SKU-0015,Lalka interaktywna Compact,Zabawki,2026-03-01,4,218.94
SKU-0015,Lalka interaktywna Compact,Zabawki,2026-04-01,4,225.63
SKU-0015,Lalka interaktywna Compact,Zabawki,2026-05-01,0,233.31
SKU-0015,Lalka interaktywna Compact,Zabawki,2026-06-01,5,214.11
SKU-0015,Lalka interaktywna Compact,Zabawki,2026-07-01,7,226.4
SKU-0016,Kawa mielona 500g Advanced,Spożywcze,2024-08-01,10,27.37
SKU-0016,Kawa mielona 500g Advanced,Spożywcze,2024-09-01,13,27.19
SKU-0016,Kawa mielona 500g Advanced,Spożywcze,2024-10-01,15,27.35
SKU-0016,Kawa mielona 500g Advanced,Spożywcze,2024-11-01,7,26.16
SKU-0016,Kawa mielona 500g Advanced,Spożywcze,2024-12-01,11,26.59
SKU-0016,Kawa mielona 500g Advanced,Spożywcze,2025-01-01,9,25.04
SKU-0016,Kawa mielona 500g Advanced,Spożywcze,2025-02-01,8,25.47
SKU-0016,Kawa mielona 500g Advanced,Spożywcze,2025-03-01,4,25.03
SKU-0016,Kawa mielona 500g Advanced,Spożywcze,2025-04-01,3,25.82
SKU-0016,Kawa mielona 500g Advanced,Spożywcze,2025-05-01,2,26.35
SKU-0016,Kawa mielona 500g Advanced,Spożywcze,2025-06-01,4,26.47
SKU-0016,Kawa mielona 500g Advanced,Spożywcze,2025-07-01,7,27.41
SKU-0016,Kawa mielona 500g Advanced,Spożywcze,2025-08-01,12,26.54
SKU-0016,Kawa mielona 500g Advanced,Spożywcze,2025-09-01,13,25.38
SKU-0016,Kawa mielona 500g Advanced,Spożywcze,2025-10-01,13,26.27
SKU-0016,Kawa mielona 500g Advanced,Spożywcze,2025-11-01,11,26.65
SKU-0016,Kawa mielona 500g Advanced,Spożywcze,2025-12-01,11,25.38
SKU-0016,Kawa mielona 500g Advanced,Spożywcze,2026-01-01,8,25.91
SKU-0016,Kawa mielona 500g Advanced,Spożywcze,2026-02-01,6,26.17
SKU-0016,Kawa mielona 500g Advanced,Spożywcze,2026-03-01,3,27.1
SKU-0016,Kawa mielona 500g Advanced,Spożywcze,2026-04-01,2,25.09
SKU-0016,Kawa mielona 500g Advanced,Spożywcze,2026-05-01,2,26.38
SKU-0016,Kawa mielona 500g Advanced,Spożywcze,2026-06-01,3,25.03
SKU-0016,Kawa mielona 500g Advanced,Spożywcze,2026-07-01,6,25.01
SKU-0017,Balsam do ciała Advanced,Kosmetyki,2024-08-01,3,11.0
SKU-0017,Balsam do ciała Advanced,Kosmetyki,2024-09-01,2,11.91
SKU-0017,Balsam do ciała Advanced,Kosmetyki,2024-10-01,2,11.09
SKU-0017,Balsam do ciała Advanced,Kosmetyki,2024-11-01,1,11.54
SKU-0017,Balsam do ciała Advanced,Kosmetyki,2024-12-01,1,11.73
SKU-0017,Balsam do ciała Advanced,Kosmetyki,2025-01-01,0,11.11
SKU-0017,Balsam do ciała Advanced,Kosmetyki,2025-02-01,0,10.95
SKU-0017,Balsam do ciała Advanced,Kosmetyki,2025-03-01,0,11.68
SKU-0017,Balsam do ciała Advanced,Kosmetyki,2025-04-01,1,10.97
SKU-0017,Balsam do ciała Advanced,Kosmetyki,2025-05-01,1,11.15
SKU-0017,Balsam do ciała Advanced,Kosmetyki,2025-06-01,3,11.4
SKU-0017,Balsam do ciała Advanced,Kosmetyki,2025-07-01,3,11.06
SKU-0017,Balsam do ciała Advanced,Kosmetyki,2025-08-01,3,11.57
SKU-0017,Balsam do ciała Advanced,Kosmetyki,2025-09-01,2,12.01
SKU-0017,Balsam do ciała Advanced,Kosmetyki,2025-10-01,2,11.85
SKU-0017,Balsam do ciała Advanced,Kosmetyki,2025-11-01,1,11.22
SKU-0017,Balsam do ciała Advanced,Kosmetyki,2025-12-01,1,11.4
SKU-0017,Balsam do ciała Advanced,Kosmetyki,2026-01-01,0,12.07
SKU-0017,Balsam do ciała Advanced,Kosmetyki,2026-02-01,0,11.79
SKU-0017,Balsam do ciała Advanced,Kosmetyki,2026-03-01,0,11.61
SKU-0017,Balsam do ciała Advanced,Kosmetyki,2026-04-01,1,11.01
SKU-0017,Balsam do ciała Advanced,Kosmetyki,2026-05-01,2,11.11
SKU-0017,Balsam do ciała Advanced,Kosmetyki,2026-06-01,3,11.54
SKU-0017,Balsam do ciała Advanced,Kosmetyki,2026-07-01,2,11.1
SKU-0018,Doniczka ceramiczna Pro,Ogród,2024-08-01,33,441.4
SKU-0018,Doniczka ceramiczna Pro,Ogród,2024-09-01,40,474.35
SKU-0018,Doniczka ceramiczna Pro,Ogród,2024-10-01,33,456.26
SKU-0018,Doniczka ceramiczna Pro,Ogród,2024-11-01,31,450.5
SKU-0018,Doniczka ceramiczna Pro,Ogród,2024-12-01,38,455.71
SKU-0018,Doniczka ceramiczna Pro,Ogród,2025-01-01,39,460.21
SKU-0018,Doniczka ceramiczna Pro,Ogród,2025-02-01,35,450.37
SKU-0018,Doniczka ceramiczna Pro,Ogród,2025-03-01,31,459.92
SKU-0018,Doniczka ceramiczna Pro,Ogród,2025-04-01,36,470.54
SKU-0018,Doniczka ceramiczna Pro,Ogród,2025-05-01,31,462.03
SKU-0018,Doniczka ceramiczna Pro,Ogród,2025-06-01,30,453.3
SKU-0018,Doniczka ceramiczna Pro,Ogród,2025-07-01,33,457.63
SKU-0018,Doniczka ceramiczna Pro,Ogród,2025-08-01,28,435.24
SKU-0018,Doniczka ceramiczna Pro,Ogród,2025-09-01,33,477.18
SKU-0018,Doniczka ceramiczna Pro,Ogród,2025-10-01,32,462.74
SKU-0018,Doniczka ceramiczna Pro,Ogród,2025-11-01,29,452.77
SKU-0018,Doniczka ceramiczna Pro,Ogród,2025-12-01,34,435.18
SKU-0018,Doniczka ceramiczna Pro,Ogród,2026-01-01,32,460.52
SKU-0018,Doniczka ceramiczna Pro,Ogród,2026-02-01,32,453.79
SKU-0018,Doniczka ceramiczna Pro,Ogród,2026-03-01,34,475.88
SKU-0018,Doniczka ceramiczna Pro,Ogród,2026-04-01,28,443.23
SKU-0018,Doniczka ceramiczna Pro,Ogród,2026-05-01,32,448.15
SKU-0018,Doniczka ceramiczna Pro,Ogród,2026-06-01,37,462.27
SKU-0018,Doniczka ceramiczna Pro,Ogród,2026-07-01,35,438.16
SKU-0019,Sandały letnie Premium,Obuwie,2024-08-01,0,321.1
SKU-0019,Sandały letnie Premium,Obuwie,2024-09-01,2,338.45
SKU-0019,Sandały letnie Premium,Obuwie,2024-10-01,40,312.46
SKU-0019,Sandały letnie Premium,Obuwie,2024-11-01,0,340.88
SKU-0019,Sandały letnie Premium,Obuwie,2024-12-01,46,334.09
SKU-0019,Sandały letnie Premium,Obuwie,2025-01-01,0,344.52
SKU-0019,Sandały letnie Premium,Obuwie,2025-02-01,4,313.41
SKU-0019,Sandały letnie Premium,Obuwie,2025-03-01,0,341.25
SKU-0019,Sandały letnie Premium,Obuwie,2025-04-01,0,340.0
SKU-0019,Sandały letnie Premium,Obuwie,2025-05-01,9,333.95
SKU-0019,Sandały letnie Premium,Obuwie,2025-06-01,33,322.06
SKU-0019,Sandały letnie Premium,Obuwie,2025-07-01,11,318.68
SKU-0019,Sandały letnie Premium,Obuwie,2025-08-01,28,321.76
SKU-0019,Sandały letnie Premium,Obuwie,2025-09-01,30,336.94
SKU-0019,Sandały letnie Premium,Obuwie,2025-10-01,8,335.74
SKU-0019,Sandały letnie Premium,Obuwie,2025-11-01,20,318.59
SKU-0019,Sandały letnie Premium,Obuwie,2025-12-01,0,332.98
SKU-0019,Sandały letnie Premium,Obuwie,2026-01-01,18,319.42
SKU-0019,Sandały letnie Premium,Obuwie,2026-02-01,0,337.51
SKU-0019,Sandały letnie Premium,Obuwie,2026-03-01,8,323.95
SKU-0019,Sandały letnie Premium,Obuwie,2026-04-01,22,317.8
SKU-0019,Sandały letnie Premium,Obuwie,2026-05-01,24,324.16
SKU-0019,Sandały letnie Premium,Obuwie,2026-06-01,16,315.38
SKU-0019,Sandały letnie Premium,Obuwie,2026-07-01,0,322.2
SKU-0020,Router Wi-Fi Plus,Elektronika,2024-08-01,64,237.79
SKU-0020,Router Wi-Fi Plus,Elektronika,2024-09-01,56,235.64
SKU-0020,Router Wi-Fi Plus,Elektronika,2024-10-01,54,233.75
SKU-0020,Router Wi-Fi Plus,Elektronika,2024-11-01,14,229.57
SKU-0020,Router Wi-Fi Plus,Elektronika,2024-12-01,0,225.25
SKU-0020,Router Wi-Fi Plus,Elektronika,2025-01-01,63,237.86
SKU-0020,Router Wi-Fi Plus,Elektronika,2025-02-01,48,236.72
SKU-0020,Router Wi-Fi Plus,Elektronika,2025-03-01,4,225.27
SKU-0020,Router Wi-Fi Plus,Elektronika,2025-04-01,64,223.87
SKU-0020,Router Wi-Fi Plus,Elektronika,2025-05-01,71,221.96
SKU-0020,Router Wi-Fi Plus,Elektronika,2025-06-01,52,237.57
SKU-0020,Router Wi-Fi Plus,Elektronika,2025-07-01,46,221.95
SKU-0020,Router Wi-Fi Plus,Elektronika,2025-08-01,0,234.62
SKU-0020,Router Wi-Fi Plus,Elektronika,2025-09-01,84,231.95
SKU-0020,Router Wi-Fi Plus,Elektronika,2025-10-01,72,234.37
SKU-0020,Router Wi-Fi Plus,Elektronika,2025-11-01,0,237.34
SKU-0020,Router Wi-Fi Plus,Elektronika,2025-12-01,47,238.27
SKU-0020,Router Wi-Fi Plus,Elektronika,2026-01-01,40,220.67
SKU-0020,Router Wi-Fi Plus,Elektronika,2026-02-01,0,240.15
SKU-0020,Router Wi-Fi Plus,Elektronika,2026-03-01,24,232.58
SKU-0020,Router Wi-Fi Plus,Elektronika,2026-04-01,12,224.93
SKU-0020,Router Wi-Fi Plus,Elektronika,2026-05-01,17,227.11
SKU-0020,Router Wi-Fi Plus,Elektronika,2026-06-01,58,226.28
SKU-0020,Router Wi-Fi Plus,Elektronika,2026-07-01,48,230.03
SKU-0021,Odkurzacz pionowy Eco,AGD,2024-08-01,80,175.5
SKU-0021,Odkurzacz pionowy Eco,AGD,2024-09-01,0,183.83
SKU-0021,Odkurzacz pionowy Eco,AGD,2024-10-01,38,177.03
SKU-0021,Odkurzacz pionowy Eco,AGD,2024-11-01,40,174.0
SKU-0021,Odkurzacz pionowy Eco,AGD,2024-12-01,25,177.97
SKU-0021,Odkurzacz pionowy Eco,AGD,2025-01-01,64,174.62
SKU-0021,Odkurzacz pionowy Eco,AGD,2025-02-01,77,172.22
SKU-0021,Odkurzacz pionowy Eco,AGD,2025-03-01,21,184.05
SKU-0021,Odkurzacz pionowy Eco,AGD,2025-04-01,82,167.55
SKU-0021,Odkurzacz pionowy Eco,AGD,2025-05-01,0,173.93
SKU-0021,Odkurzacz pionowy Eco,AGD,2025-06-01,0,167.78
SKU-0021,Odkurzacz pionowy Eco,AGD,2025-07-01,69,182.88
SKU-0021,Odkurzacz pionowy Eco,AGD,2025-08-01,15,172.71
SKU-0021,Odkurzacz pionowy Eco,AGD,2025-09-01,40,177.49
SKU-0021,Odkurzacz pionowy Eco,AGD,2025-10-01,0,184.03
SKU-0021,Odkurzacz pionowy Eco,AGD,2025-11-01,0,167.54
SKU-0021,Odkurzacz pionowy Eco,AGD,2025-12-01,84,174.38
SKU-0021,Odkurzacz pionowy Eco,AGD,2026-01-01,32,175.52
SKU-0021,Odkurzacz pionowy Eco,AGD,2026-02-01,59,183.9
SKU-0021,Odkurzacz pionowy Eco,AGD,2026-03-01,52,170.95
SKU-0021,Odkurzacz pionowy Eco,AGD,2026-04-01,63,168.3
SKU-0021,Odkurzacz pionowy Eco,AGD,2026-05-01,56,172.65
SKU-0021,Odkurzacz pionowy Eco,AGD,2026-06-01,79,181.1
SKU-0021,Odkurzacz pionowy Eco,AGD,2026-07-01,0,171.99
SKU-0022,Bluza z kapturem Mini,Odzież,2024-08-01,6,58.1
SKU-0022,Bluza z kapturem Mini,Odzież,2024-09-01,6,58.73
SKU-0022,Bluza z kapturem Mini,Odzież,2024-10-01,5,62.41
SKU-0022,Bluza z kapturem Mini,Odzież,2024-11-01,6,58.96
SKU-0022,Bluza z kapturem Mini,Odzież,2024-12-01,6,58.9
SKU-0022,Bluza z kapturem Mini,Odzież,2025-01-01,6,61.68
SKU-0022,Bluza z kapturem Mini,Odzież,2025-02-01,6,57.4
SKU-0022,Bluza z kapturem Mini,Odzież,2025-03-01,6,58.12
SKU-0022,Bluza z kapturem Mini,Odzież,2025-04-01,6,62.71
SKU-0022,Bluza z kapturem Mini,Odzież,2025-05-01,6,62.14
SKU-0022,Bluza z kapturem Mini,Odzież,2025-06-01,6,60.05
SKU-0022,Bluza z kapturem Mini,Odzież,2025-07-01,6,62.59
SKU-0022,Bluza z kapturem Mini,Odzież,2025-08-01,6,58.71
SKU-0022,Bluza z kapturem Mini,Odzież,2025-09-01,6,59.34
SKU-0022,Bluza z kapturem Mini,Odzież,2025-10-01,6,57.99
SKU-0022,Bluza z kapturem Mini,Odzież,2025-11-01,7,60.0
SKU-0022,Bluza z kapturem Mini,Odzież,2025-12-01,7,57.92
SKU-0022,Bluza z kapturem Mini,Odzież,2026-01-01,7,57.51
SKU-0022,Bluza z kapturem Mini,Odzież,2026-02-01,6,58.62
SKU-0022,Bluza z kapturem Mini,Odzież,2026-03-01,5,62.7
SKU-0022,Bluza z kapturem Mini,Odzież,2026-04-01,6,59.33
SKU-0022,Bluza z kapturem Mini,Odzież,2026-05-01,6,57.83
SKU-0022,Bluza z kapturem Mini,Odzież,2026-06-01,6,59.27
SKU-0022,Bluza z kapturem Mini,Odzież,2026-07-01,6,59.04
SKU-0023,Żarówka LED H7 XL,Motoryzacja,2024-08-01,0,140.4
SKU-0023,Żarówka LED H7 XL,Motoryzacja,2024-09-01,5,139.72
SKU-0023,Żarówka LED H7 XL,Motoryzacja,2024-10-01,0,132.29
SKU-0023,Żarówka LED H7 XL,Motoryzacja,2024-11-01,4,136.33
SKU-0023,Żarówka LED H7 XL,Motoryzacja,2024-12-01,1,138.74
SKU-0023,Żarówka LED H7 XL,Motoryzacja,2025-01-01,1,129.56
SKU-0023,Żarówka LED H7 XL,Motoryzacja,2025-02-01,0,136.43
SKU-0023,Żarówka LED H7 XL,Motoryzacja,2025-03-01,1,137.15
SKU-0023,Żarówka LED H7 XL,Motoryzacja,2025-04-01,0,134.09
SKU-0023,Żarówka LED H7 XL,Motoryzacja,2025-05-01,2,130.21
SKU-0023,Żarówka LED H7 XL,Motoryzacja,2025-06-01,0,137.07
SKU-0023,Żarówka LED H7 XL,Motoryzacja,2025-07-01,1,128.53
SKU-0023,Żarówka LED H7 XL,Motoryzacja,2025-08-01,0,128.87
SKU-0023,Żarówka LED H7 XL,Motoryzacja,2025-09-01,0,131.79
SKU-0023,Żarówka LED H7 XL,Motoryzacja,2025-10-01,0,131.92
SKU-0023,Żarówka LED H7 XL,Motoryzacja,2025-11-01,2,129.96
SKU-0023,Żarówka LED H7 XL,Motoryzacja,2025-12-01,3,135.24
SKU-0023,Żarówka LED H7 XL,Motoryzacja,2026-01-01,4,130.41
SKU-0023,Żarówka LED H7 XL,Motoryzacja,2026-02-01,0,132.34
SKU-0023,Żarówka LED H7 XL,Motoryzacja,2026-03-01,0,137.71
SKU-0023,Żarówka LED H7 XL,Motoryzacja,2026-04-01,0,131.24
SKU-0023,Żarówka LED H7 XL,Motoryzacja,2026-05-01,3,130.84
SKU-0023,Żarówka LED H7 XL,Motoryzacja,2026-06-01,4,132.39
SKU-0023,Żarówka LED H7 XL,Motoryzacja,2026-07-01,4,133.77
SKU-0024,Lampion ogrodowy Plus,Oświetlenie,2024-08-01,46,97.92
SKU-0024,Lampion ogrodowy Plus,Oświetlenie,2024-09-01,55,100.28
SKU-0024,Lampion ogrodowy Plus,Oświetlenie,2024-10-01,53,95.92
SKU-0024,Lampion ogrodowy Plus,Oświetlenie,2024-11-01,48,101.54
SKU-0024,Lampion ogrodowy Plus,Oświetlenie,2024-12-01,63,100.61
SKU-0024,Lampion ogrodowy Plus,Oświetlenie,2025-01-01,61,92.89
SKU-0024,Lampion ogrodowy Plus,Oświetlenie,2025-02-01,66,99.67
SKU-0024,Lampion ogrodowy Plus,Oświetlenie,2025-03-01,54,98.56
SKU-0024,Lampion ogrodowy Plus,Oświetlenie,2025-04-01,61,94.37
SKU-0024,Lampion ogrodowy Plus,Oświetlenie,2025-05-01,55,99.67
SKU-0024,Lampion ogrodowy Plus,Oświetlenie,2025-06-01,52,99.34
SKU-0024,Lampion ogrodowy Plus,Oświetlenie,2025-07-01,59,96.54
SKU-0024,Lampion ogrodowy Plus,Oświetlenie,2025-08-01,64,99.27
SKU-0024,Lampion ogrodowy Plus,Oświetlenie,2025-09-01,59,96.73
SKU-0024,Lampion ogrodowy Plus,Oświetlenie,2025-10-01,58,92.77
SKU-0024,Lampion ogrodowy Plus,Oświetlenie,2025-11-01,58,94.74
SKU-0024,Lampion ogrodowy Plus,Oświetlenie,2025-12-01,65,93.88
SKU-0024,Lampion ogrodowy Plus,Oświetlenie,2026-01-01,63,98.22
SKU-0024,Lampion ogrodowy Plus,Oświetlenie,2026-02-01,66,97.97
SKU-0024,Lampion ogrodowy Plus,Oświetlenie,2026-03-01,65,98.69
SKU-0024,Lampion ogrodowy Plus,Oświetlenie,2026-04-01,60,98.2
SKU-0024,Lampion ogrodowy Plus,Oświetlenie,2026-05-01,58,96.99
SKU-0024,Lampion ogrodowy Plus,Oświetlenie,2026-06-01,60,93.24
SKU-0024,Lampion ogrodowy Plus,Oświetlenie,2026-07-01,67,100.63
SKU-0025,Taśma LED RGB Compact,Oświetlenie,2024-08-01,16,25.45
SKU-0025,Taśma LED RGB Compact,Oświetlenie,2024-09-01,15,25.27
SKU-0025,Taśma LED RGB Compact,Oświetlenie,2024-10-01,16,24.49
SKU-0025,Taśma LED RGB Compact,Oświetlenie,2024-11-01,17,25.82
SKU-0025,Taśma LED RGB Compact,Oświetlenie,2024-12-01,17,25.48
SKU-0025,Taśma LED RGB Compact,Oświetlenie,2025-01-01,21,25.0
SKU-0025,Taśma LED RGB Compact,Oświetlenie,2025-02-01,18,25.01
SKU-0025,Taśma LED RGB Compact,Oświetlenie,2025-03-01,20,25.18
SKU-0025,Taśma LED RGB Compact,Oświetlenie,2025-04-01,19,26.1
SKU-0025,Taśma LED RGB Compact,Oświetlenie,2025-05-01,18,25.98
SKU-0025,Taśma LED RGB Compact,Oświetlenie,2025-06-01,21,25.35
SKU-0025,Taśma LED RGB Compact,Oświetlenie,2025-07-01,23,25.19
SKU-0025,Taśma LED RGB Compact,Oświetlenie,2025-08-01,26,24.98
SKU-0025,Taśma LED RGB Compact,Oświetlenie,2025-09-01,19,25.69
SKU-0025,Taśma LED RGB Compact,Oświetlenie,2025-10-01,24,24.37
SKU-0025,Taśma LED RGB Compact,Oświetlenie,2025-11-01,20,24.55
SKU-0025,Taśma LED RGB Compact,Oświetlenie,2025-12-01,18,23.78
SKU-0025,Taśma LED RGB Compact,Oświetlenie,2026-01-01,22,24.52
SKU-0025,Taśma LED RGB Compact,Oświetlenie,2026-02-01,26,23.9
SKU-0025,Taśma LED RGB Compact,Oświetlenie,2026-03-01,24,24.97
SKU-0025,Taśma LED RGB Compact,Oświetlenie,2026-04-01,21,24.75
SKU-0025,Taśma LED RGB Compact,Oświetlenie,2026-05-01,25,23.95
SKU-0025,Taśma LED RGB Compact,Oświetlenie,2026-06-01,24,24.94
SKU-0025,Taśma LED RGB Compact,Oświetlenie,2026-07-01,26,23.84
SKU-0026,Nawóz uniwersalny Premium,Ogród,2024-08-01,10,149.6
SKU-0026,Nawóz uniwersalny Premium,Ogród,2024-09-01,12,150.62
SKU-0026,Nawóz uniwersalny Premium,Ogród,2024-10-01,10,152.88
SKU-0026,Nawóz uniwersalny Premium,Ogród,2024-11-01,6,149.4
SKU-0026,Nawóz uniwersalny Premium,Ogród,2024-12-01,6,153.98
SKU-0026,Nawóz uniwersalny Premium,Ogród,2025-01-01,1,150.44
SKU-0026,Nawóz uniwersalny Premium,Ogród,2025-02-01,1,163.9
SKU-0026,Nawóz uniwersalny Premium,Ogród,2025-03-01,1,162.32
SKU-0026,Nawóz uniwersalny Premium,Ogród,2025-04-01,5,158.65
SKU-0026,Nawóz uniwersalny Premium,Ogród,2025-05-01,8,156.32
SKU-0026,Nawóz uniwersalny Premium,Ogród,2025-06-01,8,163.25
SKU-0026,Nawóz uniwersalny Premium,Ogród,2025-07-01,15,156.38
SKU-0026,Nawóz uniwersalny Premium,Ogród,2025-08-01,14,152.68
SKU-0026,Nawóz uniwersalny Premium,Ogród,2025-09-01,15,162.11
SKU-0026,Nawóz uniwersalny Premium,Ogród,2025-10-01,13,149.02
SKU-0026,Nawóz uniwersalny Premium,Ogród,2025-11-01,13,154.67
SKU-0026,Nawóz uniwersalny Premium,Ogród,2025-12-01,4,163.37
SKU-0026,Nawóz uniwersalny Premium,Ogród,2026-01-01,2,150.74
SKU-0026,Nawóz uniwersalny Premium,Ogród,2026-02-01,1,162.55
SKU-0026,Nawóz uniwersalny Premium,Ogród,2026-03-01,2,162.85
SKU-0026,Nawóz uniwersalny Premium,Ogród,2026-04-01,3,151.93
SKU-0026,Nawóz uniwersalny Premium,Ogród,2026-05-01,8,160.68
SKU-0026,Nawóz uniwersalny Premium,Ogród,2026-06-01,9,160.62
SKU-0026,Nawóz uniwersalny Premium,Ogród,2026-07-01,17,152.31
SKU-0027,Doniczka ceramiczna Plus,Ogród,2024-08-01,27,229.43
SKU-0027,Doniczka ceramiczna Plus,Ogród,2024-09-01,42,241.3
SKU-0027,Doniczka ceramiczna Plus,Ogród,2024-10-01,52,236.34
SKU-0027,Doniczka ceramiczna Plus,Ogród,2024-11-01,67,231.66
SKU-0027,Doniczka ceramiczna Plus,Ogród,2024-12-01,104,220.64
SKU-0027,Doniczka ceramiczna Plus,Ogród,2025-01-01,83,239.66
SKU-0027,Doniczka ceramiczna Plus,Ogród,2025-02-01,101,240.17
SKU-0027,Doniczka ceramiczna Plus,Ogród,2025-03-01,65,240.31
SKU-0027,Doniczka ceramiczna Plus,Ogród,2025-04-01,43,224.98
SKU-0027,Doniczka ceramiczna Plus,Ogród,2025-05-01,52,234.77
SKU-0027,Doniczka ceramiczna Plus,Ogród,2025-06-01,33,220.11
SKU-0027,Doniczka ceramiczna Plus,Ogród,2025-07-01,22,225.15
SKU-0027,Doniczka ceramiczna Plus,Ogród,2025-08-01,38,227.32
SKU-0027,Doniczka ceramiczna Plus,Ogród,2025-09-01,48,228.64
SKU-0027,Doniczka ceramiczna Plus,Ogród,2025-10-01,54,223.68
SKU-0027,Doniczka ceramiczna Plus,Ogród,2025-11-01,75,236.05
SKU-0027,Doniczka ceramiczna Plus,Ogród,2025-12-01,108,235.73
SKU-0027,Doniczka ceramiczna Plus,Ogród,2026-01-01,60,219.99
SKU-0027,Doniczka ceramiczna Plus,Ogród,2026-02-01,78,226.81
SKU-0027,Doniczka ceramiczna Plus,Ogród,2026-03-01,44,219.96
SKU-0027,Doniczka ceramiczna Plus,Ogród,2026-04-01,66,232.4
SKU-0027,Doniczka ceramiczna Plus,Ogród,2026-05-01,42,228.29
SKU-0027,Doniczka ceramiczna Plus,Ogród,2026-06-01,25,218.81
SKU-0027,Doniczka ceramiczna Plus,Ogród,2026-07-01,34,233.86
SKU-0028,Kabel USB-C Plus,Elektronika,2024-08-01,50,98.23
SKU-0028,Kabel USB-C Plus,Elektronika,2024-09-01,48,103.07
SKU-0028,Kabel USB-C Plus,Elektronika,2024-10-01,53,102.62
SKU-0028,Kabel USB-C Plus,Elektronika,2024-11-01,58,98.76
SKU-0028,Kabel USB-C Plus,Elektronika,2024-12-01,55,94.88
SKU-0028,Kabel USB-C Plus,Elektronika,2025-01-01,55,98.82
SKU-0028,Kabel USB-C Plus,Elektronika,2025-02-01,57,102.75
SKU-0028,Kabel USB-C Plus,Elektronika,2025-03-01,53,102.24
SKU-0028,Kabel USB-C Plus,Elektronika,2025-04-01,52,99.13
SKU-0028,Kabel USB-C Plus,Elektronika,2025-05-01,53,98.71
SKU-0028,Kabel USB-C Plus,Elektronika,2025-06-01,48,95.34
SKU-0028,Kabel USB-C Plus,Elektronika,2025-07-01,50,101.78
SKU-0028,Kabel USB-C Plus,Elektronika,2025-08-01,39,97.35
SKU-0028,Kabel USB-C Plus,Elektronika,2025-09-01,43,97.46
SKU-0028,Kabel USB-C Plus,Elektronika,2025-10-01,44,102.88
SKU-0028,Kabel USB-C Plus,Elektronika,2025-11-01,47,101.09
SKU-0028,Kabel USB-C Plus,Elektronika,2025-12-01,48,95.88
SKU-0028,Kabel USB-C Plus,Elektronika,2026-01-01,47,94.28
SKU-0028,Kabel USB-C Plus,Elektronika,2026-02-01,47,100.06
SKU-0028,Kabel USB-C Plus,Elektronika,2026-03-01,51,94.33
SKU-0028,Kabel USB-C Plus,Elektronika,2026-04-01,49,99.36
SKU-0028,Kabel USB-C Plus,Elektronika,2026-05-01,47,97.91
SKU-0028,Kabel USB-C Plus,Elektronika,2026-06-01,47,103.58
SKU-0028,Kabel USB-C Plus,Elektronika,2026-07-01,36,98.54
SKU-0029,Fotel wypoczynkowy XL,Meble,2024-08-01,23,639.1
SKU-0029,Fotel wypoczynkowy XL,Meble,2024-09-01,20,686.14
SKU-0029,Fotel wypoczynkowy XL,Meble,2024-10-01,21,630.96
SKU-0029,Fotel wypoczynkowy XL,Meble,2024-11-01,19,654.22
SKU-0029,Fotel wypoczynkowy XL,Meble,2024-12-01,19,640.68
SKU-0029,Fotel wypoczynkowy XL,Meble,2025-01-01,19,682.6
SKU-0029,Fotel wypoczynkowy XL,Meble,2025-02-01,23,621.27
SKU-0029,Fotel wypoczynkowy XL,Meble,2025-03-01,20,682.84
SKU-0029,Fotel wypoczynkowy XL,Meble,2025-04-01,25,637.7
SKU-0029,Fotel wypoczynkowy XL,Meble,2025-05-01,27,666.15
SKU-0029,Fotel wypoczynkowy XL,Meble,2025-06-01,28,647.37
SKU-0029,Fotel wypoczynkowy XL,Meble,2025-07-01,24,684.74
SKU-0029,Fotel wypoczynkowy XL,Meble,2025-08-01,27,635.72
SKU-0029,Fotel wypoczynkowy XL,Meble,2025-09-01,29,666.28
SKU-0029,Fotel wypoczynkowy XL,Meble,2025-10-01,26,645.11
SKU-0029,Fotel wypoczynkowy XL,Meble,2025-11-01,25,632.0
SKU-0029,Fotel wypoczynkowy XL,Meble,2025-12-01,21,671.96
SKU-0029,Fotel wypoczynkowy XL,Meble,2026-01-01,22,672.76
SKU-0029,Fotel wypoczynkowy XL,Meble,2026-02-01,22,636.44
SKU-0029,Fotel wypoczynkowy XL,Meble,2026-03-01,30,653.83
SKU-0029,Fotel wypoczynkowy XL,Meble,2026-04-01,30,684.06
SKU-0029,Fotel wypoczynkowy XL,Meble,2026-05-01,37,677.29
SKU-0029,Fotel wypoczynkowy XL,Meble,2026-06-01,33,658.97
SKU-0029,Fotel wypoczynkowy XL,Meble,2026-07-01,30,645.18
SKU-0030,Odświeżacz powietrza do auta,Motoryzacja,2024-08-01,1,44.59
SKU-0030,Odświeżacz powietrza do auta,Motoryzacja,2024-09-01,2,45.02
SKU-0030,Odświeżacz powietrza do auta,Motoryzacja,2024-10-01,3,42.77
SKU-0030,Odświeżacz powietrza do auta,Motoryzacja,2024-11-01,3,43.12
SKU-0030,Odświeżacz powietrza do auta,Motoryzacja,2024-12-01,2,41.08
SKU-0030,Odświeżacz powietrza do auta,Motoryzacja,2025-01-01,3,42.52
SKU-0030,Odświeżacz powietrza do auta,Motoryzacja,2025-02-01,2,42.24
SKU-0030,Odświeżacz powietrza do auta,Motoryzacja,2025-03-01,2,42.19
SKU-0030,Odświeżacz powietrza do auta,Motoryzacja,2025-04-01,1,43.34
SKU-0030,Odświeżacz powietrza do auta,Motoryzacja,2025-05-01,1,41.9
SKU-0030,Odświeżacz powietrza do auta,Motoryzacja,2025-06-01,1,41.24
SKU-0030,Odświeżacz powietrza do auta,Motoryzacja,2025-07-01,1,41.14
SKU-0030,Odświeżacz powietrza do auta,Motoryzacja,2025-08-01,2,44.48
SKU-0030,Odświeżacz powietrza do auta,Motoryzacja,2025-09-01,3,44.49
SKU-0030,Odświeżacz powietrza do auta,Motoryzacja,2025-10-01,2,44.96
SKU-0030,Odświeżacz powietrza do auta,Motoryzacja,2025-11-01,3,41.72
SKU-0030,Odświeżacz powietrza do auta,Motoryzacja,2025-12-01,4,41.4
SKU-0030,Odświeżacz powietrza do auta,Motoryzacja,2026-01-01,2,41.89
SKU-0030,Odświeżacz powietrza do auta,Motoryzacja,2026-02-01,3,41.79
SKU-0030,Odświeżacz powietrza do auta,Motoryzacja,2026-03-01,2,42.54
SKU-0030,Odświeżacz powietrza do auta,Motoryzacja,2026-04-01,1,42.22
SKU-0030,Odświeżacz powietrza do auta,Motoryzacja,2026-05-01,1,43.04
SKU-0030,Odświeżacz powietrza do auta,Motoryzacja,2026-06-01,1,42.41
SKU-0030,Odświeżacz powietrza do auta,Motoryzacja,2026-07-01,1,42.2
SKU-0031,Żyrandol sufitowy XL,Oświetlenie,2024-08-01,64,84.03
SKU-0031,Żyrandol sufitowy XL,Oświetlenie,2024-09-01,55,86.44
SKU-0031,Żyrandol sufitowy XL,Oświetlenie,2024-10-01,41,83.05
SKU-0031,Żyrandol sufitowy XL,Oświetlenie,2024-11-01,43,86.73
SKU-0031,Żyrandol sufitowy XL,Oświetlenie,2024-12-01,25,88.32
SKU-0031,Żyrandol sufitowy XL,Oświetlenie,2025-01-01,9,86.94
SKU-0031,Żyrandol sufitowy XL,Oświetlenie,2025-02-01,5,83.39
SKU-0031,Żyrandol sufitowy XL,Oświetlenie,2025-03-01,12,88.1
SKU-0031,Żyrandol sufitowy XL,Oświetlenie,2025-04-01,27,80.99
SKU-0031,Żyrandol sufitowy XL,Oświetlenie,2025-05-01,38,84.73
SKU-0031,Żyrandol sufitowy XL,Oświetlenie,2025-06-01,36,83.3
SKU-0031,Żyrandol sufitowy XL,Oświetlenie,2025-07-01,47,84.49
SKU-0031,Żyrandol sufitowy XL,Oświetlenie,2025-08-01,61,87.14
SKU-0031,Żyrandol sufitowy XL,Oświetlenie,2025-09-01,61,87.07
SKU-0031,Żyrandol sufitowy XL,Oświetlenie,2025-10-01,47,85.46
SKU-0031,Żyrandol sufitowy XL,Oświetlenie,2025-11-01,27,84.45
SKU-0031,Żyrandol sufitowy XL,Oświetlenie,2025-12-01,18,81.25
SKU-0031,Żyrandol sufitowy XL,Oświetlenie,2026-01-01,11,83.04
SKU-0031,Żyrandol sufitowy XL,Oświetlenie,2026-02-01,6,87.3
SKU-0031,Żyrandol sufitowy XL,Oświetlenie,2026-03-01,10,81.44
SKU-0031,Żyrandol sufitowy XL,Oświetlenie,2026-04-01,9,86.07
SKU-0031,Żyrandol sufitowy XL,Oświetlenie,2026-05-01,40,87.58
SKU-0031,Żyrandol sufitowy XL,Oświetlenie,2026-06-01,34,80.98
SKU-0031,Żyrandol sufitowy XL,Oświetlenie,2026-07-01,50,81.71
SKU-0032,Buty trekkingowe XL,Obuwie,2024-08-01,12,321.65
SKU-0032,Buty trekkingowe XL,Obuwie,2024-09-01,0,324.83
SKU-0032,Buty trekkingowe XL,Obuwie,2024-10-01,0,322.57
SKU-0032,Buty trekkingowe XL,Obuwie,2024-11-01,10,333.97
SKU-0032,Buty trekkingowe XL,Obuwie,2024-12-01,5,303.02
SKU-0032,Buty trekkingowe XL,Obuwie,2025-01-01,4,325.31
SKU-0032,Buty trekkingowe XL,Obuwie,2025-02-01,18,306.32
SKU-0032,Buty trekkingowe XL,Obuwie,2025-03-01,27,333.49
SKU-0032,Buty trekkingowe XL,Obuwie,2025-04-01,0,313.76
SKU-0032,Buty trekkingowe XL,Obuwie,2025-05-01,33,324.55
SKU-0032,Buty trekkingowe XL,Obuwie,2025-06-01,12,317.15
SKU-0032,Buty trekkingowe XL,Obuwie,2025-07-01,22,322.63
SKU-0032,Buty trekkingowe XL,Obuwie,2025-08-01,0,333.17
SKU-0032,Buty trekkingowe XL,Obuwie,2025-09-01,0,317.44
SKU-0032,Buty trekkingowe XL,Obuwie,2025-10-01,35,324.99
SKU-0032,Buty trekkingowe XL,Obuwie,2025-11-01,0,312.28
SKU-0032,Buty trekkingowe XL,Obuwie,2025-12-01,0,321.25
SKU-0032,Buty trekkingowe XL,Obuwie,2026-01-01,5,330.57
SKU-0032,Buty trekkingowe XL,Obuwie,2026-02-01,0,323.57
SKU-0032,Buty trekkingowe XL,Obuwie,2026-03-01,0,310.02
SKU-0032,Buty trekkingowe XL,Obuwie,2026-04-01,33,309.97
SKU-0032,Buty trekkingowe XL,Obuwie,2026-05-01,17,308.36
SKU-0032,Buty trekkingowe XL,Obuwie,2026-06-01,0,329.08
SKU-0032,Buty trekkingowe XL,Obuwie,2026-07-01,34,313.13
SKU-0033,Parasol ogrodowy XL,Ogród,2024-08-01,18,443.3
SKU-0033,Parasol ogrodowy XL,Ogród,2024-09-01,20,425.97
SKU-0033,Parasol ogrodowy XL,Ogród,2024-10-01,23,419.85
SKU-0033,Parasol ogrodowy XL,Ogród,2024-11-01,22,453.73
SKU-0033,Parasol ogrodowy XL,Ogród,2024-12-01,19,429.75
SKU-0033,Parasol ogrodowy XL,Ogród,2025-01-01,19,450.02
SKU-0033,Parasol ogrodowy XL,Ogród,2025-02-01,23,447.38
SKU-0033,Parasol ogrodowy XL,Ogród,2025-03-01,25,433.19
SKU-0033,Parasol ogrodowy XL,Ogród,2025-04-01,23,445.32
SKU-0033,Parasol ogrodowy XL,Ogród,2025-05-01,22,422.34
SKU-0033,Parasol ogrodowy XL,Ogród,2025-06-01,22,452.06
SKU-0033,Parasol ogrodowy XL,Ogród,2025-07-01,24,454.39
SKU-0033,Parasol ogrodowy XL,Ogród,2025-08-01,21,431.51
SKU-0033,Parasol ogrodowy XL,Ogród,2025-09-01,24,419.17
SKU-0033,Parasol ogrodowy XL,Ogród,2025-10-01,21,425.43
SKU-0033,Parasol ogrodowy XL,Ogród,2025-11-01,24,439.43
SKU-0033,Parasol ogrodowy XL,Ogród,2025-12-01,24,457.79
SKU-0033,Parasol ogrodowy XL,Ogród,2026-01-01,22,446.1
SKU-0033,Parasol ogrodowy XL,Ogród,2026-02-01,22,443.8
SKU-0033,Parasol ogrodowy XL,Ogród,2026-03-01,22,431.3
SKU-0033,Parasol ogrodowy XL,Ogród,2026-04-01,19,430.55
SKU-0033,Parasol ogrodowy XL,Ogród,2026-05-01,21,433.28
SKU-0033,Parasol ogrodowy XL,Ogród,2026-06-01,20,429.38
SKU-0033,Parasol ogrodowy XL,Ogród,2026-07-01,24,422.25
SKU-0034,Kamera IP,Elektronika,2024-08-01,46,34.96
SKU-0034,Kamera IP,Elektronika,2024-09-01,47,34.89
SKU-0034,Kamera IP,Elektronika,2024-10-01,43,32.74
SKU-0034,Kamera IP,Elektronika,2024-11-01,52,32.21
SKU-0034,Kamera IP,Elektronika,2024-12-01,46,32.2
SKU-0034,Kamera IP,Elektronika,2025-01-01,42,33.88
SKU-0034,Kamera IP,Elektronika,2025-02-01,41,33.52
SKU-0034,Kamera IP,Elektronika,2025-03-01,44,34.01
SKU-0034,Kamera IP,Elektronika,2025-04-01,34,33.25
SKU-0034,Kamera IP,Elektronika,2025-05-01,40,33.63
SKU-0034,Kamera IP,Elektronika,2025-06-01,40,35.0
SKU-0034,Kamera IP,Elektronika,2025-07-01,37,34.02
SKU-0034,Kamera IP,Elektronika,2025-08-01,44,34.34
SKU-0034,Kamera IP,Elektronika,2025-09-01,41,33.01
SKU-0034,Kamera IP,Elektronika,2025-10-01,41,32.77
SKU-0034,Kamera IP,Elektronika,2025-11-01,51,34.86
SKU-0034,Kamera IP,Elektronika,2025-12-01,45,31.95
SKU-0034,Kamera IP,Elektronika,2026-01-01,44,34.78
SKU-0034,Kamera IP,Elektronika,2026-02-01,44,34.13
SKU-0034,Kamera IP,Elektronika,2026-03-01,40,32.98
SKU-0034,Kamera IP,Elektronika,2026-04-01,33,32.52
SKU-0034,Kamera IP,Elektronika,2026-05-01,36,33.08
SKU-0034,Kamera IP,Elektronika,2026-06-01,33,34.77
SKU-0034,Kamera IP,Elektronika,2026-07-01,38,34.47
SKU-0035,Fotel wypoczynkowy Compact,Meble,2024-08-01,42,723.46
SKU-0035,Fotel wypoczynkowy Compact,Meble,2024-09-01,35,715.08
SKU-0035,Fotel wypoczynkowy Compact,Meble,2024-10-01,36,716.53
SKU-0035,Fotel wypoczynkowy Compact,Meble,2024-11-01,35,665.99
SKU-0035,Fotel wypoczynkowy Compact,Meble,2024-12-01,30,728.35
SKU-0035,Fotel wypoczynkowy Compact,Meble,2025-01-01,37,679.4
SKU-0035,Fotel wypoczynkowy Compact,Meble,2025-02-01,32,694.35
SKU-0035,Fotel wypoczynkowy Compact,Meble,2025-03-01,29,690.82
SKU-0035,Fotel wypoczynkowy Compact,Meble,2025-04-01,36,684.94
SKU-0035,Fotel wypoczynkowy Compact,Meble,2025-05-01,38,664.76
SKU-0035,Fotel wypoczynkowy Compact,Meble,2025-06-01,38,692.81
SKU-0035,Fotel wypoczynkowy Compact,Meble,2025-07-01,32,689.86
SKU-0035,Fotel wypoczynkowy Compact,Meble,2025-08-01,40,688.39
SKU-0035,Fotel wypoczynkowy Compact,Meble,2025-09-01,43,703.61
SKU-0035,Fotel wypoczynkowy Compact,Meble,2025-10-01,34,661.01
SKU-0035,Fotel wypoczynkowy Compact,Meble,2025-11-01,35,676.28
SKU-0035,Fotel wypoczynkowy Compact,Meble,2025-12-01,35,695.0
SKU-0035,Fotel wypoczynkowy Compact,Meble,2026-01-01,30,726.51
SKU-0035,Fotel wypoczynkowy Compact,Meble,2026-02-01,35,660.45
SKU-0035,Fotel wypoczynkowy Compact,Meble,2026-03-01,30,700.6
SKU-0035,Fotel wypoczynkowy Compact,Meble,2026-04-01,36,689.21
SKU-0035,Fotel wypoczynkowy Compact,Meble,2026-05-01,27,690.6
SKU-0035,Fotel wypoczynkowy Compact,Meble,2026-06-01,34,700.72
SKU-0035,Fotel wypoczynkowy Compact,Meble,2026-07-01,41,676.29
SKU-0036,Biurko komputerowe,Meble,2024-08-01,14,893.93
SKU-0036,Biurko komputerowe,Meble,2024-09-01,4,931.58
SKU-0036,Biurko komputerowe,Meble,2024-10-01,8,927.69
SKU-0036,Biurko komputerowe,Meble,2024-11-01,11,961.47
SKU-0036,Biurko komputerowe,Meble,2024-12-01,29,954.25
SKU-0036,Biurko komputerowe,Meble,2025-01-01,32,911.59
SKU-0036,Biurko komputerowe,Meble,2025-02-01,105,887.88
SKU-0036,Biurko komputerowe,Meble,2025-03-01,135,892.79
SKU-0036,Biurko komputerowe,Meble,2025-04-01,93,919.1
SKU-0036,Biurko komputerowe,Meble,2025-05-01,91,920.0
SKU-0036,Biurko komputerowe,Meble,2025-06-01,53,927.33
SKU-0036,Biurko komputerowe,Meble,2025-07-01,26,941.54
SKU-0036,Biurko komputerowe,Meble,2025-08-01,11,955.15
SKU-0036,Biurko komputerowe,Meble,2025-09-01,4,908.64
SKU-0036,Biurko komputerowe,Meble,2025-10-01,8,931.31
SKU-0036,Biurko komputerowe,Meble,2025-11-01,28,923.93
SKU-0036,Biurko komputerowe,Meble,2025-12-01,58,936.0
SKU-0036,Biurko komputerowe,Meble,2026-01-01,63,931.96
SKU-0036,Biurko komputerowe,Meble,2026-02-01,118,900.58
SKU-0036,Biurko komputerowe,Meble,2026-03-01,116,960.78
SKU-0036,Biurko komputerowe,Meble,2026-04-01,136,889.69
SKU-0036,Biurko komputerowe,Meble,2026-05-01,75,896.03
SKU-0036,Biurko komputerowe,Meble,2026-06-01,44,950.83
SKU-0036,Biurko komputerowe,Meble,2026-07-01,31,901.56
SKU-0037,Kamera sportowa,RTV,2024-08-01,2,312.3
SKU-0037,Kamera sportowa,RTV,2024-09-01,2,327.06
SKU-0037,Kamera sportowa,RTV,2024-10-01,2,319.06
SKU-0037,Kamera sportowa,RTV,2024-11-01,1,333.35
SKU-0037,Kamera sportowa,RTV,2024-12-01,1,332.09
SKU-0037,Kamera sportowa,RTV,2025-01-01,1,336.15
SKU-0037,Kamera sportowa,RTV,2025-02-01,1,334.62
SKU-0037,Kamera sportowa,RTV,2025-03-01,2,337.92
SKU-0037,Kamera sportowa,RTV,2025-04-01,2,307.68
SKU-0037,Kamera sportowa,RTV,2025-05-01,2,308.58
SKU-0037,Kamera sportowa,RTV,2025-06-01,2,333.73
SKU-0037,Kamera sportowa,RTV,2025-07-01,2,324.66
SKU-0037,Kamera sportowa,RTV,2025-08-01,2,329.26
SKU-0037,Kamera sportowa,RTV,2025-09-01,1,331.87
SKU-0037,Kamera sportowa,RTV,2025-10-01,2,312.71
SKU-0037,Kamera sportowa,RTV,2025-11-01,2,326.96
SKU-0037,Kamera sportowa,RTV,2025-12-01,2,315.32
SKU-0037,Kamera sportowa,RTV,2026-01-01,2,333.58
SKU-0037,Kamera sportowa,RTV,2026-02-01,2,331.49
SKU-0037,Kamera sportowa,RTV,2026-03-01,2,324.82
SKU-0037,Kamera sportowa,RTV,2026-04-01,2,334.72
SKU-0037,Kamera sportowa,RTV,2026-05-01,2,310.34
SKU-0037,Kamera sportowa,RTV,2026-06-01,2,311.3
SKU-0037,Kamera sportowa,RTV,2026-07-01,2,310.41
SKU-0038,Kalkulator naukowy Pro,Artykuły biurowe,2024-08-01,0,37.58
SKU-0038,Kalkulator naukowy Pro,Artykuły biurowe,2024-09-01,5,37.59
SKU-0038,Kalkulator naukowy Pro,Artykuły biurowe,2024-10-01,0,40.03
SKU-0038,Kalkulator naukowy Pro,Artykuły biurowe,2024-11-01,3,37.17
SKU-0038,Kalkulator naukowy Pro,Artykuły biurowe,2024-12-01,1,39.61
SKU-0038,Kalkulator naukowy Pro,Artykuły biurowe,2025-01-01,0,38.63
SKU-0038,Kalkulator naukowy Pro,Artykuły biurowe,2025-02-01,6,38.2
SKU-0038,Kalkulator naukowy Pro,Artykuły biurowe,2025-03-01,4,38.58
SKU-0038,Kalkulator naukowy Pro,Artykuły biurowe,2025-04-01,1,39.89
SKU-0038,Kalkulator naukowy Pro,Artykuły biurowe,2025-05-01,0,37.97
SKU-0038,Kalkulator naukowy Pro,Artykuły biurowe,2025-06-01,0,39.74
SKU-0038,Kalkulator naukowy Pro,Artykuły biurowe,2025-07-01,3,37.97
SKU-0038,Kalkulator naukowy Pro,Artykuły biurowe,2025-08-01,3,37.86
SKU-0038,Kalkulator naukowy Pro,Artykuły biurowe,2025-09-01,0,38.46
SKU-0038,Kalkulator naukowy Pro,Artykuły biurowe,2025-10-01,4,38.06
SKU-0038,Kalkulator naukowy Pro,Artykuły biurowe,2025-11-01,0,40.41
SKU-0038,Kalkulator naukowy Pro,Artykuły biurowe,2025-12-01,0,38.45
SKU-0038,Kalkulator naukowy Pro,Artykuły biurowe,2026-01-01,2,37.47
SKU-0038,Kalkulator naukowy Pro,Artykuły biurowe,2026-02-01,8,38.86
SKU-0038,Kalkulator naukowy Pro,Artykuły biurowe,2026-03-01,0,39.54
SKU-0038,Kalkulator naukowy Pro,Artykuły biurowe,2026-04-01,6,39.47
SKU-0038,Kalkulator naukowy Pro,Artykuły biurowe,2026-05-01,4,40.18
SKU-0038,Kalkulator naukowy Pro,Artykuły biurowe,2026-06-01,4,37.0
SKU-0038,Kalkulator naukowy Pro,Artykuły biurowe,2026-07-01,0,40.32
SKU-0039,Hantle 5kg Plus,Sport i rekreacja,2024-08-01,3,114.23
SKU-0039,Hantle 5kg Plus,Sport i rekreacja,2024-09-01,3,116.02
SKU-0039,Hantle 5kg Plus,Sport i rekreacja,2024-10-01,3,109.33
SKU-0039,Hantle 5kg Plus,Sport i rekreacja,2024-11-01,3,119.4
SKU-0039,Hantle 5kg Plus,Sport i rekreacja,2024-12-01,3,111.45
SKU-0039,Hantle 5kg Plus,Sport i rekreacja,2025-01-01,3,111.27
SKU-0039,Hantle 5kg Plus,Sport i rekreacja,2025-02-01,3,108.92
SKU-0039,Hantle 5kg Plus,Sport i rekreacja,2025-03-01,2,109.2
SKU-0039,Hantle 5kg Plus,Sport i rekreacja,2025-04-01,3,117.15
SKU-0039,Hantle 5kg Plus,Sport i rekreacja,2025-05-01,3,112.15
SKU-0039,Hantle 5kg Plus,Sport i rekreacja,2025-06-01,3,113.58
SKU-0039,Hantle 5kg Plus,Sport i rekreacja,2025-07-01,3,118.79
SKU-0039,Hantle 5kg Plus,Sport i rekreacja,2025-08-01,4,108.75
SKU-0039,Hantle 5kg Plus,Sport i rekreacja,2025-09-01,4,108.4
SKU-0039,Hantle 5kg Plus,Sport i rekreacja,2025-10-01,4,117.54
SKU-0039,Hantle 5kg Plus,Sport i rekreacja,2025-11-01,4,111.46
SKU-0039,Hantle 5kg Plus,Sport i rekreacja,2025-12-01,3,113.59
SKU-0039,Hantle 5kg Plus,Sport i rekreacja,2026-01-01,3,119.25
SKU-0039,Hantle 5kg Plus,Sport i rekreacja,2026-02-01,3,117.55
SKU-0039,Hantle 5kg Plus,Sport i rekreacja,2026-03-01,3,114.03
SKU-0039,Hantle 5kg Plus,Sport i rekreacja,2026-04-01,3,111.66
SKU-0039,Hantle 5kg Plus,Sport i rekreacja,2026-05-01,3,110.42
SKU-0039,Hantle 5kg Plus,Sport i rekreacja,2026-06-01,3,109.69
SKU-0039,Hantle 5kg Plus,Sport i rekreacja,2026-07-01,4,115.34
SKU-0040,Żarówka LED H7 Plus,Motoryzacja,2024-08-01,0,247.12
SKU-0040,Żarówka LED H7 Plus,Motoryzacja,2024-09-01,0,228.73
SKU-0040,Żarówka LED H7 Plus,Motoryzacja,2024-10-01,18,242.53
SKU-0040,Żarówka LED H7 Plus,Motoryzacja,2024-11-01,0,249.64
SKU-0040,Żarówka LED H7 Plus,Motoryzacja,2024-12-01,17,228.22
SKU-0040,Żarówka LED H7 Plus,Motoryzacja,2025-01-01,6,229.94
SKU-0040,Żarówka LED H7 Plus,Motoryzacja,2025-02-01,0,246.18
SKU-0040,Żarówka LED H7 Plus,Motoryzacja,2025-03-01,0,235.75
SKU-0040,Żarówka LED H7 Plus,Motoryzacja,2025-04-01,8,243.89
SKU-0040,Żarówka LED H7 Plus,Motoryzacja,2025-05-01,0,235.76
SKU-0040,Żarówka LED H7 Plus,Motoryzacja,2025-06-01,0,250.55
SKU-0040,Żarówka LED H7 Plus,Motoryzacja,2025-07-01,15,236.32
SKU-0040,Żarówka LED H7 Plus,Motoryzacja,2025-08-01,63,231.16
SKU-0040,Żarówka LED H7 Plus,Motoryzacja,2025-09-01,49,247.14
SKU-0040,Żarówka LED H7 Plus,Motoryzacja,2025-10-01,93,248.35
SKU-0040,Żarówka LED H7 Plus,Motoryzacja,2025-11-01,94,229.26
SKU-0040,Żarówka LED H7 Plus,Motoryzacja,2025-12-01,105,241.49
SKU-0040,Żarówka LED H7 Plus,Motoryzacja,2026-01-01,0,246.05
SKU-0040,Żarówka LED H7 Plus,Motoryzacja,2026-02-01,29,231.15
SKU-0040,Żarówka LED H7 Plus,Motoryzacja,2026-03-01,44,227.43
SKU-0040,Żarówka LED H7 Plus,Motoryzacja,2026-04-01,62,242.85
SKU-0040,Żarówka LED H7 Plus,Motoryzacja,2026-05-01,0,232.14
SKU-0040,Żarówka LED H7 Plus,Motoryzacja,2026-06-01,37,229.32
SKU-0040,Żarówka LED H7 Plus,Motoryzacja,2026-07-01,77,242.24
SKU-0041,Papier do drukarki Mini,Artykuły biurowe,2024-08-01,10,26.96
SKU-0041,Papier do drukarki Mini,Artykuły biurowe,2024-09-01,7,27.24
SKU-0041,Papier do drukarki Mini,Artykuły biurowe,2024-10-01,5,26.01
SKU-0041,Papier do drukarki Mini,Artykuły biurowe,2024-11-01,2,27.0
SKU-0041,Papier do drukarki Mini,Artykuły biurowe,2024-12-01,1,27.01
SKU-0041,Papier do drukarki Mini,Artykuły biurowe,2025-01-01,0,26.65
SKU-0041,Papier do drukarki Mini,Artykuły biurowe,2025-02-01,1,26.53
SKU-0041,Papier do drukarki Mini,Artykuły biurowe,2025-03-01,2,26.35
SKU-0041,Papier do drukarki Mini,Artykuły biurowe,2025-04-01,4,26.32
SKU-0041,Papier do drukarki Mini,Artykuły biurowe,2025-05-01,6,26.68
SKU-0041,Papier do drukarki Mini,Artykuły biurowe,2025-06-01,11,26.68
SKU-0041,Papier do drukarki Mini,Artykuły biurowe,2025-07-01,9,26.47
SKU-0041,Papier do drukarki Mini,Artykuły biurowe,2025-08-01,11,26.9
SKU-0041,Papier do drukarki Mini,Artykuły biurowe,2025-09-01,7,26.21
SKU-0041,Papier do drukarki Mini,Artykuły biurowe,2025-10-01,5,27.04
SKU-0041,Papier do drukarki Mini,Artykuły biurowe,2025-11-01,3,25.57
SKU-0041,Papier do drukarki Mini,Artykuły biurowe,2025-12-01,1,26.45
SKU-0041,Papier do drukarki Mini,Artykuły biurowe,2026-01-01,1,26.01
SKU-0041,Papier do drukarki Mini,Artykuły biurowe,2026-02-01,1,25.63
SKU-0041,Papier do drukarki Mini,Artykuły biurowe,2026-03-01,2,27.41
SKU-0041,Papier do drukarki Mini,Artykuły biurowe,2026-04-01,5,27.49
SKU-0041,Papier do drukarki Mini,Artykuły biurowe,2026-05-01,10,26.0
SKU-0041,Papier do drukarki Mini,Artykuły biurowe,2026-06-01,5,27.22
SKU-0041,Papier do drukarki Mini,Artykuły biurowe,2026-07-01,8,27.7
SKU-0042,Młotek stolarski,Narzędzia,2024-08-01,0,420.08
SKU-0042,Młotek stolarski,Narzędzia,2024-09-01,17,409.25
SKU-0042,Młotek stolarski,Narzędzia,2024-10-01,0,403.62
SKU-0042,Młotek stolarski,Narzędzia,2024-11-01,15,419.62
SKU-0042,Młotek stolarski,Narzędzia,2024-12-01,0,407.8
SKU-0042,Młotek stolarski,Narzędzia,2025-01-01,0,399.47
SKU-0042,Młotek stolarski,Narzędzia,2025-02-01,23,404.13
SKU-0042,Młotek stolarski,Narzędzia,2025-03-01,0,387.38
SKU-0042,Młotek stolarski,Narzędzia,2025-04-01,58,394.36
SKU-0042,Młotek stolarski,Narzędzia,2025-05-01,30,417.36
SKU-0042,Młotek stolarski,Narzędzia,2025-06-01,41,416.47
SKU-0042,Młotek stolarski,Narzędzia,2025-07-01,32,402.04
SKU-0042,Młotek stolarski,Narzędzia,2025-08-01,50,410.57
SKU-0042,Młotek stolarski,Narzędzia,2025-09-01,0,403.44
SKU-0042,Młotek stolarski,Narzędzia,2025-10-01,14,408.59
SKU-0042,Młotek stolarski,Narzędzia,2025-11-01,7,391.94
SKU-0042,Młotek stolarski,Narzędzia,2025-12-01,0,415.15
SKU-0042,Młotek stolarski,Narzędzia,2026-01-01,21,416.17
SKU-0042,Młotek stolarski,Narzędzia,2026-02-01,0,416.42
SKU-0042,Młotek stolarski,Narzędzia,2026-03-01,22,393.41
SKU-0042,Młotek stolarski,Narzędzia,2026-04-01,0,394.92
SKU-0042,Młotek stolarski,Narzędzia,2026-05-01,27,396.67
SKU-0042,Młotek stolarski,Narzędzia,2026-06-01,19,417.49
SKU-0042,Młotek stolarski,Narzędzia,2026-07-01,1,401.05
SKU-0043,Sandały letnie XL,Obuwie,2024-08-01,0,225.17
SKU-0043,Sandały letnie XL,Obuwie,2024-09-01,30,222.74
SKU-0043,Sandały letnie XL,Obuwie,2024-10-01,39,240.83
SKU-0043,Sandały letnie XL,Obuwie,2024-11-01,0,231.0
SKU-0043,Sandały letnie XL,Obuwie,2024-12-01,47,221.76
SKU-0043,Sandały letnie XL,Obuwie,2025-01-01,0,231.33
SKU-0043,Sandały letnie XL,Obuwie,2025-02-01,78,230.29
SKU-0043,Sandały letnie XL,Obuwie,2025-03-01,0,231.84
SKU-0043,Sandały letnie XL,Obuwie,2025-04-01,0,223.53
SKU-0043,Sandały letnie XL,Obuwie,2025-05-01,20,228.48
SKU-0043,Sandały letnie XL,Obuwie,2025-06-01,0,234.94
SKU-0043,Sandały letnie XL,Obuwie,2025-07-01,22,225.3
SKU-0043,Sandały letnie XL,Obuwie,2025-08-01,12,236.79
SKU-0043,Sandały letnie XL,Obuwie,2025-09-01,26,238.12
SKU-0043,Sandały letnie XL,Obuwie,2025-10-01,33,240.44
SKU-0043,Sandały letnie XL,Obuwie,2025-11-01,35,221.82
SKU-0043,Sandały letnie XL,Obuwie,2025-12-01,10,230.25
SKU-0043,Sandały letnie XL,Obuwie,2026-01-01,46,219.35
SKU-0043,Sandały letnie XL,Obuwie,2026-02-01,46,227.97
SKU-0043,Sandały letnie XL,Obuwie,2026-03-01,1,235.6
SKU-0043,Sandały letnie XL,Obuwie,2026-04-01,0,224.14
SKU-0043,Sandały letnie XL,Obuwie,2026-05-01,62,222.13
SKU-0043,Sandały letnie XL,Obuwie,2026-06-01,0,237.12
SKU-0043,Sandały letnie XL,Obuwie,2026-07-01,0,220.96
SKU-0044,Radio kuchenne,RTV,2024-08-01,0,714.46
SKU-0044,Radio kuchenne,RTV,2024-09-01,9,721.91
SKU-0044,Radio kuchenne,RTV,2024-10-01,0,712.75
SKU-0044,Radio kuchenne,RTV,2024-11-01,20,713.87
SKU-0044,Radio kuchenne,RTV,2024-12-01,0,708.89
SKU-0044,Radio kuchenne,RTV,2025-01-01,14,669.27
SKU-0044,Radio kuchenne,RTV,2025-02-01,7,671.44
SKU-0044,Radio kuchenne,RTV,2025-03-01,0,727.7
SKU-0044,Radio kuchenne,RTV,2025-04-01,18,720.98
SKU-0044,Radio kuchenne,RTV,2025-05-01,6,659.11
SKU-0044,Radio kuchenne,RTV,2025-06-01,7,720.05
SKU-0044,Radio kuchenne,RTV,2025-07-01,7,700.55
SKU-0044,Radio kuchenne,RTV,2025-08-01,12,677.1
SKU-0044,Radio kuchenne,RTV,2025-09-01,7,664.45
SKU-0044,Radio kuchenne,RTV,2025-10-01,0,689.12
SKU-0044,Radio kuchenne,RTV,2025-11-01,46,694.65
SKU-0044,Radio kuchenne,RTV,2025-12-01,15,707.9
SKU-0044,Radio kuchenne,RTV,2026-01-01,17,662.15
SKU-0044,Radio kuchenne,RTV,2026-02-01,0,698.47
SKU-0044,Radio kuchenne,RTV,2026-03-01,0,683.17
SKU-0044,Radio kuchenne,RTV,2026-04-01,17,687.61
SKU-0044,Radio kuchenne,RTV,2026-05-01,23,658.89
SKU-0044,Radio kuchenne,RTV,2026-06-01,10,677.25
SKU-0044,Radio kuchenne,RTV,2026-07-01,6,697.92
SKU-0045,Parasol ogrodowy Classic,Ogród,2024-08-01,10,311.32
SKU-0045,Parasol ogrodowy Classic,Ogród,2024-09-01,26,299.98
SKU-0045,Parasol ogrodowy Classic,Ogród,2024-10-01,54,307.91
SKU-0045,Parasol ogrodowy Classic,Ogród,2024-11-01,67,325.27
SKU-0045,Parasol ogrodowy Classic,Ogród,2024-12-01,84,306.35
SKU-0045,Parasol ogrodowy Classic,Ogród,2025-01-01,137,316.7
SKU-0045,Parasol ogrodowy Classic,Ogród,2025-02-01,172,323.79
SKU-0045,Parasol ogrodowy Classic,Ogród,2025-03-01,121,302.1
SKU-0045,Parasol ogrodowy Classic,Ogród,2025-04-01,81,308.12
SKU-0045,Parasol ogrodowy Classic,Ogród,2025-05-01,40,322.44
SKU-0045,Parasol ogrodowy Classic,Ogród,2025-06-01,28,310.1
SKU-0045,Parasol ogrodowy Classic,Ogród,2025-07-01,11,321.22
SKU-0045,Parasol ogrodowy Classic,Ogród,2025-08-01,12,315.42
SKU-0045,Parasol ogrodowy Classic,Ogród,2025-09-01,24,303.83
SKU-0045,Parasol ogrodowy Classic,Ogród,2025-10-01,65,320.41
SKU-0045,Parasol ogrodowy Classic,Ogród,2025-11-01,108,302.78
SKU-0045,Parasol ogrodowy Classic,Ogród,2025-12-01,127,309.05
SKU-0045,Parasol ogrodowy Classic,Ogród,2026-01-01,194,316.88
SKU-0045,Parasol ogrodowy Classic,Ogród,2026-02-01,135,323.38
SKU-0045,Parasol ogrodowy Classic,Ogród,2026-03-01,102,326.54
SKU-0045,Parasol ogrodowy Classic,Ogród,2026-04-01,82,326.59
SKU-0045,Parasol ogrodowy Classic,Ogród,2026-05-01,41,325.42
SKU-0045,Parasol ogrodowy Classic,Ogród,2026-06-01,25,311.56
SKU-0045,Parasol ogrodowy Classic,Ogród,2026-07-01,12,308.5
SKU-0046,Puzzle 1000 elementów Advanced,Zabawki,2024-08-01,6,93.88
SKU-0046,Puzzle 1000 elementów Advanced,Zabawki,2024-09-01,4,96.76
SKU-0046,Puzzle 1000 elementów Advanced,Zabawki,2024-10-01,4,96.74
SKU-0046,Puzzle 1000 elementów Advanced,Zabawki,2024-11-01,5,90.94
SKU-0046,Puzzle 1000 elementów Advanced,Zabawki,2024-12-01,8,90.31
SKU-0046,Puzzle 1000 elementów Advanced,Zabawki,2025-01-01,8,97.82
SKU-0046,Puzzle 1000 elementów Advanced,Zabawki,2025-02-01,8,94.69
SKU-0046,Puzzle 1000 elementów Advanced,Zabawki,2025-03-01,14,91.91
SKU-0046,Puzzle 1000 elementów Advanced,Zabawki,2025-04-01,12,89.86
SKU-0046,Puzzle 1000 elementów Advanced,Zabawki,2025-05-01,14,93.03
SKU-0046,Puzzle 1000 elementów Advanced,Zabawki,2025-06-01,9,91.77
SKU-0046,Puzzle 1000 elementów Advanced,Zabawki,2025-07-01,8,97.29
SKU-0046,Puzzle 1000 elementów Advanced,Zabawki,2025-08-01,8,93.07
SKU-0046,Puzzle 1000 elementów Advanced,Zabawki,2025-09-01,5,92.49
SKU-0046,Puzzle 1000 elementów Advanced,Zabawki,2025-10-01,5,92.57
SKU-0046,Puzzle 1000 elementów Advanced,Zabawki,2025-11-01,4,97.43
SKU-0046,Puzzle 1000 elementów Advanced,Zabawki,2025-12-01,6,98.24
SKU-0046,Puzzle 1000 elementów Advanced,Zabawki,2026-01-01,9,91.9
SKU-0046,Puzzle 1000 elementów Advanced,Zabawki,2026-02-01,11,93.63
SKU-0046,Puzzle 1000 elementów Advanced,Zabawki,2026-03-01,12,93.84
SKU-0046,Puzzle 1000 elementów Advanced,Zabawki,2026-04-01,10,90.42
SKU-0046,Puzzle 1000 elementów Advanced,Zabawki,2026-05-01,9,93.75
SKU-0046,Puzzle 1000 elementów Advanced,Zabawki,2026-06-01,8,90.56
SKU-0046,Puzzle 1000 elementów Advanced,Zabawki,2026-07-01,8,97.33
SKU-0047,Odświeżacz powietrza do auta Eco,Motoryzacja,2024-08-01,1,119.85
SKU-0047,Odświeżacz powietrza do auta Eco,Motoryzacja,2024-09-01,1,122.51
SKU-0047,Odświeżacz powietrza do auta Eco,Motoryzacja,2024-10-01,2,127.76
SKU-0047,Odświeżacz powietrza do auta Eco,Motoryzacja,2024-11-01,2,116.55
SKU-0047,Odświeżacz powietrza do auta Eco,Motoryzacja,2024-12-01,2,116.71
SKU-0047,Odświeżacz powietrza do auta Eco,Motoryzacja,2025-01-01,1,121.13
SKU-0047,Odświeżacz powietrza do auta Eco,Motoryzacja,2025-02-01,1,119.15
SKU-0047,Odświeżacz powietrza do auta Eco,Motoryzacja,2025-03-01,1,117.6
SKU-0047,Odświeżacz powietrza do auta Eco,Motoryzacja,2025-04-01,1,126.68
SKU-0047,Odświeżacz powietrza do auta Eco,Motoryzacja,2025-05-01,0,118.48
SKU-0047,Odświeżacz powietrza do auta Eco,Motoryzacja,2025-06-01,1,126.24
SKU-0047,Odświeżacz powietrza do auta Eco,Motoryzacja,2025-07-01,1,117.66
SKU-0047,Odświeżacz powietrza do auta Eco,Motoryzacja,2025-08-01,1,121.17
SKU-0047,Odświeżacz powietrza do auta Eco,Motoryzacja,2025-09-01,1,116.32
SKU-0047,Odświeżacz powietrza do auta Eco,Motoryzacja,2025-10-01,2,119.5
SKU-0047,Odświeżacz powietrza do auta Eco,Motoryzacja,2025-11-01,1,126.3
SKU-0047,Odświeżacz powietrza do auta Eco,Motoryzacja,2025-12-01,2,119.35
SKU-0047,Odświeżacz powietrza do auta Eco,Motoryzacja,2026-01-01,2,119.51
SKU-0047,Odświeżacz powietrza do auta Eco,Motoryzacja,2026-02-01,1,119.46
SKU-0047,Odświeżacz powietrza do auta Eco,Motoryzacja,2026-03-01,1,122.07
SKU-0047,Odświeżacz powietrza do auta Eco,Motoryzacja,2026-04-01,1,125.39
SKU-0047,Odświeżacz powietrza do auta Eco,Motoryzacja,2026-05-01,0,120.84
SKU-0047,Odświeżacz powietrza do auta Eco,Motoryzacja,2026-06-01,1,116.29
SKU-0047,Odświeżacz powietrza do auta Eco,Motoryzacja,2026-07-01,1,125.34
SKU-0048,Lampa biurkowa Plus,Oświetlenie,2024-08-01,12,119.41
SKU-0048,Lampa biurkowa Plus,Oświetlenie,2024-09-01,13,116.86
SKU-0048,Lampa biurkowa Plus,Oświetlenie,2024-10-01,17,119.79
SKU-0048,Lampa biurkowa Plus,Oświetlenie,2024-11-01,12,118.02
SKU-0048,Lampa biurkowa Plus,Oświetlenie,2024-12-01,14,113.37
SKU-0048,Lampa biurkowa Plus,Oświetlenie,2025-01-01,14,109.76
SKU-0048,Lampa biurkowa Plus,Oświetlenie,2025-02-01,16,110.53
SKU-0048,Lampa biurkowa Plus,Oświetlenie,2025-03-01,15,115.82
SKU-0048,Lampa biurkowa Plus,Oświetlenie,2025-04-01,13,109.56
SKU-0048,Lampa biurkowa Plus,Oświetlenie,2025-05-01,11,119.4
SKU-0048,Lampa biurkowa Plus,Oświetlenie,2025-06-01,13,112.48
SKU-0048,Lampa biurkowa Plus,Oświetlenie,2025-07-01,13,111.89
SKU-0048,Lampa biurkowa Plus,Oświetlenie,2025-08-01,13,119.14
SKU-0048,Lampa biurkowa Plus,Oświetlenie,2025-09-01,14,109.63
SKU-0048,Lampa biurkowa Plus,Oświetlenie,2025-10-01,11,110.79
SKU-0048,Lampa biurkowa Plus,Oświetlenie,2025-11-01,14,119.7
SKU-0048,Lampa biurkowa Plus,Oświetlenie,2025-12-01,13,112.63
SKU-0048,Lampa biurkowa Plus,Oświetlenie,2026-01-01,14,113.71
SKU-0048,Lampa biurkowa Plus,Oświetlenie,2026-02-01,14,111.78
SKU-0048,Lampa biurkowa Plus,Oświetlenie,2026-03-01,14,111.09
SKU-0048,Lampa biurkowa Plus,Oświetlenie,2026-04-01,13,119.4
SKU-0048,Lampa biurkowa Plus,Oświetlenie,2026-05-01,11,112.84
SKU-0048,Lampa biurkowa Plus,Oświetlenie,2026-06-01,13,119.05
SKU-0048,Lampa biurkowa Plus,Oświetlenie,2026-07-01,11,113.13
SKU-0049,Papier do drukarki Advanced,Artykuły biurowe,2024-08-01,209,36.24
SKU-0049,Papier do drukarki Advanced,Artykuły biurowe,2024-09-01,265,37.83
SKU-0049,Papier do drukarki Advanced,Artykuły biurowe,2024-10-01,294,38.68
SKU-0049,Papier do drukarki Advanced,Artykuły biurowe,2024-11-01,333,36.42
SKU-0049,Papier do drukarki Advanced,Artykuły biurowe,2024-12-01,423,38.07
SKU-0049,Papier do drukarki Advanced,Artykuły biurowe,2025-01-01,280,39.95
SKU-0049,Papier do drukarki Advanced,Artykuły biurowe,2025-02-01,207,36.88
SKU-0049,Papier do drukarki Advanced,Artykuły biurowe,2025-03-01,125,39.7
SKU-0049,Papier do drukarki Advanced,Artykuły biurowe,2025-04-01,50,36.41
SKU-0049,Papier do drukarki Advanced,Artykuły biurowe,2025-05-01,42,38.38
SKU-0049,Papier do drukarki Advanced,Artykuły biurowe,2025-06-01,38,38.7
SKU-0049,Papier do drukarki Advanced,Artykuły biurowe,2025-07-01,101,38.66
SKU-0049,Papier do drukarki Advanced,Artykuły biurowe,2025-08-01,163,36.71
SKU-0049,Papier do drukarki Advanced,Artykuły biurowe,2025-09-01,268,38.04
SKU-0049,Papier do drukarki Advanced,Artykuły biurowe,2025-10-01,442,37.41
SKU-0049,Papier do drukarki Advanced,Artykuły biurowe,2025-11-01,344,39.53
SKU-0049,Papier do drukarki Advanced,Artykuły biurowe,2025-12-01,370,39.13
SKU-0049,Papier do drukarki Advanced,Artykuły biurowe,2026-01-01,348,37.1
SKU-0049,Papier do drukarki Advanced,Artykuły biurowe,2026-02-01,242,36.25
SKU-0049,Papier do drukarki Advanced,Artykuły biurowe,2026-03-01,203,37.6
SKU-0049,Papier do drukarki Advanced,Artykuły biurowe,2026-04-01,102,39.87
SKU-0049,Papier do drukarki Advanced,Artykuły biurowe,2026-05-01,36,37.75
SKU-0049,Papier do drukarki Advanced,Artykuły biurowe,2026-06-01,45,36.71
SKU-0049,Papier do drukarki Advanced,Artykuły biurowe,2026-07-01,113,37.6
SKU-0050,Mikser ręczny Classic,AGD,2024-08-01,0,229.94
SKU-0050,Mikser ręczny Classic,AGD,2024-09-01,0,225.66
SKU-0050,Mikser ręczny Classic,AGD,2024-10-01,0,235.09
SKU-0050,Mikser ręczny Classic,AGD,2024-11-01,171,217.13
SKU-0050,Mikser ręczny Classic,AGD,2024-12-01,88,235.25
SKU-0050,Mikser ręczny Classic,AGD,2025-01-01,3,223.15
SKU-0050,Mikser ręczny Classic,AGD,2025-02-01,0,216.96
SKU-0050,Mikser ręczny Classic,AGD,2025-03-01,0,221.73
SKU-0050,Mikser ręczny Classic,AGD,2025-04-01,87,229.45
SKU-0050,Mikser ręczny Classic,AGD,2025-05-01,97,237.0
SKU-0050,Mikser ręczny Classic,AGD,2025-06-01,0,220.5
SKU-0050,Mikser ręczny Classic,AGD,2025-07-01,0,233.7
SKU-0050,Mikser ręczny Classic,AGD,2025-08-01,13,216.25
SKU-0050,Mikser ręczny Classic,AGD,2025-09-01,0,220.99
SKU-0050,Mikser ręczny Classic,AGD,2025-10-01,0,220.61
SKU-0050,Mikser ręczny Classic,AGD,2025-11-01,42,235.95
SKU-0050,Mikser ręczny Classic,AGD,2025-12-01,62,233.27
SKU-0050,Mikser ręczny Classic,AGD,2026-01-01,68,234.84
SKU-0050,Mikser ręczny Classic,AGD,2026-02-01,0,238.65
SKU-0050,Mikser ręczny Classic,AGD,2026-03-01,239,219.71
SKU-0050,Mikser ręczny Classic,AGD,2026-04-01,13,229.61
SKU-0050,Mikser ręczny Classic,AGD,2026-05-01,162,235.28
SKU-0050,Mikser ręczny Classic,AGD,2026-06-01,72,231.35
SKU-0050,Mikser ręczny Classic,AGD,2026-07-01,0,225.24
SKU-0051,Długopis żelowy Compact,Artykuły biurowe,2024-08-01,3,3.43
SKU-0051,Długopis żelowy Compact,Artykuły biurowe,2024-09-01,4,3.3
SKU-0051,Długopis żelowy Compact,Artykuły biurowe,2024-10-01,3,3.48
SKU-0051,Długopis żelowy Compact,Artykuły biurowe,2024-11-01,3,3.46
SKU-0051,Długopis żelowy Compact,Artykuły biurowe,2024-12-01,3,3.38
SKU-0051,Długopis żelowy Compact,Artykuły biurowe,2025-01-01,3,3.61
SKU-0051,Długopis żelowy Compact,Artykuły biurowe,2025-02-01,3,3.57
SKU-0051,Długopis żelowy Compact,Artykuły biurowe,2025-03-01,4,3.51
SKU-0051,Długopis żelowy Compact,Artykuły biurowe,2025-04-01,3,3.36
SKU-0051,Długopis żelowy Compact,Artykuły biurowe,2025-05-01,3,3.45
SKU-0051,Długopis żelowy Compact,Artykuły biurowe,2025-06-01,3,3.36
SKU-0051,Długopis żelowy Compact,Artykuły biurowe,2025-07-01,4,3.52
SKU-0051,Długopis żelowy Compact,Artykuły biurowe,2025-08-01,4,3.56
SKU-0051,Długopis żelowy Compact,Artykuły biurowe,2025-09-01,4,3.46
SKU-0051,Długopis żelowy Compact,Artykuły biurowe,2025-10-01,4,3.33
SKU-0051,Długopis żelowy Compact,Artykuły biurowe,2025-11-01,4,3.62
SKU-0051,Długopis żelowy Compact,Artykuły biurowe,2025-12-01,3,3.5
SKU-0051,Długopis żelowy Compact,Artykuły biurowe,2026-01-01,4,3.31
SKU-0051,Długopis żelowy Compact,Artykuły biurowe,2026-02-01,4,3.37
SKU-0051,Długopis żelowy Compact,Artykuły biurowe,2026-03-01,4,3.51
SKU-0051,Długopis żelowy Compact,Artykuły biurowe,2026-04-01,4,3.38
SKU-0051,Długopis żelowy Compact,Artykuły biurowe,2026-05-01,4,3.44
SKU-0051,Długopis żelowy Compact,Artykuły biurowe,2026-06-01,4,3.36
SKU-0051,Długopis żelowy Compact,Artykuły biurowe,2026-07-01,4,3.61
SKU-0052,Dezodorant w kulce,Kosmetyki,2024-08-01,73,84.71
SKU-0052,Dezodorant w kulce,Kosmetyki,2024-09-01,123,91.37
SKU-0052,Dezodorant w kulce,Kosmetyki,2024-10-01,104,86.08
SKU-0052,Dezodorant w kulce,Kosmetyki,2024-11-01,64,91.95
SKU-0052,Dezodorant w kulce,Kosmetyki,2024-12-01,124,85.06
SKU-0052,Dezodorant w kulce,Kosmetyki,2025-01-01,78,90.13
SKU-0052,Dezodorant w kulce,Kosmetyki,2025-02-01,105,84.74
SKU-0052,Dezodorant w kulce,Kosmetyki,2025-03-01,86,84.8
SKU-0052,Dezodorant w kulce,Kosmetyki,2025-04-01,41,89.97
SKU-0052,Dezodorant w kulce,Kosmetyki,2025-05-01,39,85.56
SKU-0052,Dezodorant w kulce,Kosmetyki,2025-06-01,47,84.54
SKU-0052,Dezodorant w kulce,Kosmetyki,2025-07-01,38,91.47
SKU-0052,Dezodorant w kulce,Kosmetyki,2025-08-01,85,87.69
SKU-0052,Dezodorant w kulce,Kosmetyki,2025-09-01,93,88.74
SKU-0052,Dezodorant w kulce,Kosmetyki,2025-10-01,116,89.78
SKU-0052,Dezodorant w kulce,Kosmetyki,2025-11-01,196,84.09
SKU-0052,Dezodorant w kulce,Kosmetyki,2025-12-01,148,85.76
SKU-0052,Dezodorant w kulce,Kosmetyki,2026-01-01,169,91.44
SKU-0052,Dezodorant w kulce,Kosmetyki,2026-02-01,143,87.82
SKU-0052,Dezodorant w kulce,Kosmetyki,2026-03-01,71,90.41
SKU-0052,Dezodorant w kulce,Kosmetyki,2026-04-01,54,87.23
SKU-0052,Dezodorant w kulce,Kosmetyki,2026-05-01,27,90.42
SKU-0052,Dezodorant w kulce,Kosmetyki,2026-06-01,25,88.95
SKU-0052,Dezodorant w kulce,Kosmetyki,2026-07-01,68,87.91
SKU-0053,Gra planszowa Plus,Zabawki,2024-08-01,1,145.88
SKU-0053,Gra planszowa Plus,Zabawki,2024-09-01,2,149.14
SKU-0053,Gra planszowa Plus,Zabawki,2024-10-01,1,139.64
SKU-0053,Gra planszowa Plus,Zabawki,2024-11-01,2,140.67
SKU-0053,Gra planszowa Plus,Zabawki,2024-12-01,2,149.55
SKU-0053,Gra planszowa Plus,Zabawki,2025-01-01,1,140.49
SKU-0053,Gra planszowa Plus,Zabawki,2025-02-01,2,146.89
SKU-0053,Gra planszowa Plus,Zabawki,2025-03-01,1,148.39
SKU-0053,Gra planszowa Plus,Zabawki,2025-04-01,1,152.13
SKU-0053,Gra planszowa Plus,Zabawki,2025-05-01,1,139.6
SKU-0053,Gra planszowa Plus,Zabawki,2025-06-01,1,144.43
SKU-0053,Gra planszowa Plus,Zabawki,2025-07-01,1,145.91
SKU-0053,Gra planszowa Plus,Zabawki,2025-08-01,1,150.63
SKU-0053,Gra planszowa Plus,Zabawki,2025-09-01,1,144.31
SKU-0053,Gra planszowa Plus,Zabawki,2025-10-01,1,138.69
SKU-0053,Gra planszowa Plus,Zabawki,2025-11-01,1,150.54
SKU-0053,Gra planszowa Plus,Zabawki,2025-12-01,1,151.29
SKU-0053,Gra planszowa Plus,Zabawki,2026-01-01,1,151.14
SKU-0053,Gra planszowa Plus,Zabawki,2026-02-01,1,138.64
SKU-0053,Gra planszowa Plus,Zabawki,2026-03-01,1,144.46
SKU-0053,Gra planszowa Plus,Zabawki,2026-04-01,1,138.01
SKU-0053,Gra planszowa Plus,Zabawki,2026-05-01,1,139.16
SKU-0053,Gra planszowa Plus,Zabawki,2026-06-01,1,143.16
SKU-0053,Gra planszowa Plus,Zabawki,2026-07-01,1,152.01
SKU-0054,Żel pod prysznic XL,Kosmetyki,2024-08-01,98,21.79
SKU-0054,Żel pod prysznic XL,Kosmetyki,2024-09-01,100,20.15
SKU-0054,Żel pod prysznic XL,Kosmetyki,2024-10-01,106,20.06
SKU-0054,Żel pod prysznic XL,Kosmetyki,2024-11-01,114,21.26
SKU-0054,Żel pod prysznic XL,Kosmetyki,2024-12-01,104,20.55
SKU-0054,Żel pod prysznic XL,Kosmetyki,2025-01-01,93,21.72
SKU-0054,Żel pod prysznic XL,Kosmetyki,2025-02-01,103,20.98
SKU-0054,Żel pod prysznic XL,Kosmetyki,2025-03-01,109,22.0
SKU-0054,Żel pod prysznic XL,Kosmetyki,2025-04-01,108,21.29
SKU-0054,Żel pod prysznic XL,Kosmetyki,2025-05-01,98,20.85
SKU-0054,Żel pod prysznic XL,Kosmetyki,2025-06-01,115,21.87
SKU-0054,Żel pod prysznic XL,Kosmetyki,2025-07-01,108,20.57
SKU-0054,Żel pod prysznic XL,Kosmetyki,2025-08-01,112,20.71
SKU-0054,Żel pod prysznic XL,Kosmetyki,2025-09-01,118,22.03
SKU-0054,Żel pod prysznic XL,Kosmetyki,2025-10-01,116,21.94
SKU-0054,Żel pod prysznic XL,Kosmetyki,2025-11-01,113,21.07
SKU-0054,Żel pod prysznic XL,Kosmetyki,2025-12-01,135,20.36
SKU-0054,Żel pod prysznic XL,Kosmetyki,2026-01-01,117,21.5
SKU-0054,Żel pod prysznic XL,Kosmetyki,2026-02-01,123,21.76
SKU-0054,Żel pod prysznic XL,Kosmetyki,2026-03-01,108,21.04
SKU-0054,Żel pod prysznic XL,Kosmetyki,2026-04-01,109,20.51
SKU-0054,Żel pod prysznic XL,Kosmetyki,2026-05-01,115,21.07
SKU-0054,Żel pod prysznic XL,Kosmetyki,2026-06-01,121,20.98
SKU-0054,Żel pod prysznic XL,Kosmetyki,2026-07-01,130,20.51
SKU-0055,Żel pod prysznic Classic,Kosmetyki,2024-08-01,7,63.8
SKU-0055,Żel pod prysznic Classic,Kosmetyki,2024-09-01,4,58.31
SKU-0055,Żel pod prysznic Classic,Kosmetyki,2024-10-01,9,62.7
SKU-0055,Żel pod prysznic Classic,Kosmetyki,2024-11-01,4,63.83
SKU-0055,Żel pod prysznic Classic,Kosmetyki,2024-12-01,4,60.83
SKU-0055,Żel pod prysznic Classic,Kosmetyki,2025-01-01,4,63.25
SKU-0055,Żel pod prysznic Classic,Kosmetyki,2025-02-01,4,61.59
SKU-0055,Żel pod prysznic Classic,Kosmetyki,2025-03-01,9,63.56
SKU-0055,Żel pod prysznic Classic,Kosmetyki,2025-04-01,15,61.75
SKU-0055,Żel pod prysznic Classic,Kosmetyki,2025-05-01,18,58.54
SKU-0055,Żel pod prysznic Classic,Kosmetyki,2025-06-01,7,58.6
SKU-0055,Żel pod prysznic Classic,Kosmetyki,2025-07-01,15,59.12
SKU-0055,Żel pod prysznic Classic,Kosmetyki,2025-08-01,11,60.04
SKU-0055,Żel pod prysznic Classic,Kosmetyki,2025-09-01,9,64.02
SKU-0055,Żel pod prysznic Classic,Kosmetyki,2025-10-01,5,58.21
SKU-0055,Żel pod prysznic Classic,Kosmetyki,2025-11-01,3,61.33
SKU-0055,Żel pod prysznic Classic,Kosmetyki,2025-12-01,4,63.52
SKU-0055,Żel pod prysznic Classic,Kosmetyki,2026-01-01,5,59.58
SKU-0055,Żel pod prysznic Classic,Kosmetyki,2026-02-01,7,60.53
SKU-0055,Żel pod prysznic Classic,Kosmetyki,2026-03-01,9,59.38
SKU-0055,Żel pod prysznic Classic,Kosmetyki,2026-04-01,13,60.78
SKU-0055,Żel pod prysznic Classic,Kosmetyki,2026-05-01,11,63.1
SKU-0055,Żel pod prysznic Classic,Kosmetyki,2026-06-01,23,59.17
SKU-0055,Żel pod prysznic Classic,Kosmetyki,2026-07-01,11,62.42
SKU-0056,Wycieraczki samochodowe Pro,Motoryzacja,2024-08-01,4,156.47
SKU-0056,Wycieraczki samochodowe Pro,Motoryzacja,2024-09-01,2,155.71
SKU-0056,Wycieraczki samochodowe Pro,Motoryzacja,2024-10-01,2,160.42
SKU-0056,Wycieraczki samochodowe Pro,Motoryzacja,2024-11-01,2,157.17
SKU-0056,Wycieraczki samochodowe Pro,Motoryzacja,2024-12-01,1,164.06
SKU-0056,Wycieraczki samochodowe Pro,Motoryzacja,2025-01-01,1,153.5
SKU-0056,Wycieraczki samochodowe Pro,Motoryzacja,2025-02-01,2,151.1
SKU-0056,Wycieraczki samochodowe Pro,Motoryzacja,2025-03-01,2,160.08
SKU-0056,Wycieraczki samochodowe Pro,Motoryzacja,2025-04-01,4,153.95
SKU-0056,Wycieraczki samochodowe Pro,Motoryzacja,2025-05-01,3,151.74
SKU-0056,Wycieraczki samochodowe Pro,Motoryzacja,2025-06-01,2,159.44
SKU-0056,Wycieraczki samochodowe Pro,Motoryzacja,2025-07-01,6,165.67
SKU-0056,Wycieraczki samochodowe Pro,Motoryzacja,2025-08-01,3,153.97
SKU-0056,Wycieraczki samochodowe Pro,Motoryzacja,2025-09-01,5,155.71
SKU-0056,Wycieraczki samochodowe Pro,Motoryzacja,2025-10-01,2,155.96
SKU-0056,Wycieraczki samochodowe Pro,Motoryzacja,2025-11-01,2,160.18
SKU-0056,Wycieraczki samochodowe Pro,Motoryzacja,2025-12-01,1,150.52
SKU-0056,Wycieraczki samochodowe Pro,Motoryzacja,2026-01-01,2,158.0
SKU-0056,Wycieraczki samochodowe Pro,Motoryzacja,2026-02-01,2,150.11
SKU-0056,Wycieraczki samochodowe Pro,Motoryzacja,2026-03-01,1,156.96
SKU-0056,Wycieraczki samochodowe Pro,Motoryzacja,2026-04-01,3,157.74
SKU-0056,Wycieraczki samochodowe Pro,Motoryzacja,2026-05-01,4,160.62
SKU-0056,Wycieraczki samochodowe Pro,Motoryzacja,2026-06-01,5,162.65
SKU-0056,Wycieraczki samochodowe Pro,Motoryzacja,2026-07-01,5,156.18
SKU-0057,Odkurzacz pionowy Pro,AGD,2024-08-01,16,312.94
SKU-0057,Odkurzacz pionowy Pro,AGD,2024-09-01,13,338.17
SKU-0057,Odkurzacz pionowy Pro,AGD,2024-10-01,16,337.6
SKU-0057,Odkurzacz pionowy Pro,AGD,2024-11-01,13,314.62
SKU-0057,Odkurzacz pionowy Pro,AGD,2024-12-01,15,321.07
SKU-0057,Odkurzacz pionowy Pro,AGD,2025-01-01,15,340.78
SKU-0057,Odkurzacz pionowy Pro,AGD,2025-02-01,16,318.2
SKU-0057,Odkurzacz pionowy Pro,AGD,2025-03-01,15,312.23
SKU-0057,Odkurzacz pionowy Pro,AGD,2025-04-01,14,334.19
SKU-0057,Odkurzacz pionowy Pro,AGD,2025-05-01,11,330.4
SKU-0057,Odkurzacz pionowy Pro,AGD,2025-06-01,15,318.86
SKU-0057,Odkurzacz pionowy Pro,AGD,2025-07-01,16,314.28
SKU-0057,Odkurzacz pionowy Pro,AGD,2025-08-01,13,333.3
SKU-0057,Odkurzacz pionowy Pro,AGD,2025-09-01,12,321.85
SKU-0057,Odkurzacz pionowy Pro,AGD,2025-10-01,11,312.38
SKU-0057,Odkurzacz pionowy Pro,AGD,2025-11-01,12,342.7
SKU-0057,Odkurzacz pionowy Pro,AGD,2025-12-01,12,333.38
SKU-0057,Odkurzacz pionowy Pro,AGD,2026-01-01,14,323.74
SKU-0057,Odkurzacz pionowy Pro,AGD,2026-02-01,12,325.07
SKU-0057,Odkurzacz pionowy Pro,AGD,2026-03-01,15,326.98
SKU-0057,Odkurzacz pionowy Pro,AGD,2026-04-01,14,332.07
SKU-0057,Odkurzacz pionowy Pro,AGD,2026-05-01,13,333.93
SKU-0057,Odkurzacz pionowy Pro,AGD,2026-06-01,13,312.19
SKU-0057,Odkurzacz pionowy Pro,AGD,2026-07-01,12,311.62
SKU-0058,Taśma LED RGB Premium,Oświetlenie,2024-08-01,0,184.3
SKU-0058,Taśma LED RGB Premium,Oświetlenie,2024-09-01,0,173.91
SKU-0058,Taśma LED RGB Premium,Oświetlenie,2024-10-01,59,183.57
SKU-0058,Taśma LED RGB Premium,Oświetlenie,2024-11-01,34,177.97
SKU-0058,Taśma LED RGB Premium,Oświetlenie,2024-12-01,54,184.02
SKU-0058,Taśma LED RGB Premium,Oświetlenie,2025-01-01,29,172.21
SKU-0058,Taśma LED RGB Premium,Oświetlenie,2025-02-01,33,186.97
SKU-0058,Taśma LED RGB Premium,Oświetlenie,2025-03-01,0,188.69
SKU-0058,Taśma LED RGB Premium,Oświetlenie,2025-04-01,10,187.14
SKU-0058,Taśma LED RGB Premium,Oświetlenie,2025-05-01,53,182.93
SKU-0058,Taśma LED RGB Premium,Oświetlenie,2025-06-01,54,174.68
SKU-0058,Taśma LED RGB Premium,Oświetlenie,2025-07-01,7,174.09
SKU-0058,Taśma LED RGB Premium,Oświetlenie,2025-08-01,0,178.94
SKU-0058,Taśma LED RGB Premium,Oświetlenie,2025-09-01,55,184.27
SKU-0058,Taśma LED RGB Premium,Oświetlenie,2025-10-01,29,181.05
SKU-0058,Taśma LED RGB Premium,Oświetlenie,2025-11-01,0,183.3
SKU-0058,Taśma LED RGB Premium,Oświetlenie,2025-12-01,63,178.8
SKU-0058,Taśma LED RGB Premium,Oświetlenie,2026-01-01,29,184.38
SKU-0058,Taśma LED RGB Premium,Oświetlenie,2026-02-01,78,188.57
SKU-0058,Taśma LED RGB Premium,Oświetlenie,2026-03-01,27,171.67
SKU-0058,Taśma LED RGB Premium,Oświetlenie,2026-04-01,0,171.31
SKU-0058,Taśma LED RGB Premium,Oświetlenie,2026-05-01,0,176.86
SKU-0058,Taśma LED RGB Premium,Oświetlenie,2026-06-01,0,183.27
SKU-0058,Taśma LED RGB Premium,Oświetlenie,2026-07-01,32,174.48
SKU-0059,Telewizor 43'' Pro,RTV,2024-08-01,12,962.59
SKU-0059,Telewizor 43'' Pro,RTV,2024-09-01,13,1028.93
SKU-0059,Telewizor 43'' Pro,RTV,2024-10-01,36,1014.67
SKU-0059,Telewizor 43'' Pro,RTV,2024-11-01,46,1011.97
SKU-0059,Telewizor 43'' Pro,RTV,2024-12-01,44,997.81
SKU-0059,Telewizor 43'' Pro,RTV,2025-01-01,37,975.56
SKU-0059,Telewizor 43'' Pro,RTV,2025-02-01,42,982.04
SKU-0059,Telewizor 43'' Pro,RTV,2025-03-01,28,1003.89
SKU-0059,Telewizor 43'' Pro,RTV,2025-04-01,12,1005.54
SKU-0059,Telewizor 43'' Pro,RTV,2025-05-01,5,1044.14
SKU-0059,Telewizor 43'' Pro,RTV,2025-06-01,0,996.02
SKU-0059,Telewizor 43'' Pro,RTV,2025-07-01,3,1024.52
SKU-0059,Telewizor 43'' Pro,RTV,2025-08-01,8,1031.48
SKU-0059,Telewizor 43'' Pro,RTV,2025-09-01,24,1035.8
SKU-0059,Telewizor 43'' Pro,RTV,2025-10-01,33,1015.54
SKU-0059,Telewizor 43'' Pro,RTV,2025-11-01,26,1016.68
SKU-0059,Telewizor 43'' Pro,RTV,2025-12-01,30,1022.79
SKU-0059,Telewizor 43'' Pro,RTV,2026-01-01,32,983.33
SKU-0059,Telewizor 43'' Pro,RTV,2026-02-01,41,1031.77
SKU-0059,Telewizor 43'' Pro,RTV,2026-03-01,23,984.47
SKU-0059,Telewizor 43'' Pro,RTV,2026-04-01,11,1043.08
SKU-0059,Telewizor 43'' Pro,RTV,2026-05-01,3,1039.91
SKU-0059,Telewizor 43'' Pro,RTV,2026-06-01,0,1040.76
SKU-0059,Telewizor 43'' Pro,RTV,2026-07-01,2,1022.54
SKU-0060,Krem nawilżający Plus,Kosmetyki,2024-08-01,10,15.84
SKU-0060,Krem nawilżający Plus,Kosmetyki,2024-09-01,9,15.2
SKU-0060,Krem nawilżający Plus,Kosmetyki,2024-10-01,10,15.31
SKU-0060,Krem nawilżający Plus,Kosmetyki,2024-11-01,10,15.11
SKU-0060,Krem nawilżający Plus,Kosmetyki,2024-12-01,9,15.46
SKU-0060,Krem nawilżający Plus,Kosmetyki,2025-01-01,11,15.93
SKU-0060,Krem nawilżający Plus,Kosmetyki,2025-02-01,11,16.03
SKU-0060,Krem nawilżający Plus,Kosmetyki,2025-03-01,10,16.07
SKU-0060,Krem nawilżający Plus,Kosmetyki,2025-04-01,11,16.16
SKU-0060,Krem nawilżający Plus,Kosmetyki,2025-05-01,10,16.37
SKU-0060,Krem nawilżający Plus,Kosmetyki,2025-06-01,11,15.12
SKU-0060,Krem nawilżający Plus,Kosmetyki,2025-07-01,11,16.11
SKU-0060,Krem nawilżający Plus,Kosmetyki,2025-08-01,12,15.58
SKU-0060,Krem nawilżający Plus,Kosmetyki,2025-09-01,13,16.12
SKU-0060,Krem nawilżający Plus,Kosmetyki,2025-10-01,13,15.49
SKU-0060,Krem nawilżający Plus,Kosmetyki,2025-11-01,12,15.02
SKU-0060,Krem nawilżający Plus,Kosmetyki,2025-12-01,13,15.8
SKU-0060,Krem nawilżający Plus,Kosmetyki,2026-01-01,11,15.03
SKU-0060,Krem nawilżający Plus,Kosmetyki,2026-02-01,12,16.44
SKU-0060,Krem nawilżający Plus,Kosmetyki,2026-03-01,12,15.9
SKU-0060,Krem nawilżający Plus,Kosmetyki,2026-04-01,11,16.01
SKU-0060,Krem nawilżający Plus,Kosmetyki,2026-05-01,12,14.98
SKU-0060,Krem nawilżający Plus,Kosmetyki,2026-06-01,11,15.18
SKU-0060,Krem nawilżający Plus,Kosmetyki,2026-07-01,11,15.48
SKU-0061,Samochodzik zdalnie sterowany Classic,Zabawki,2024-08-01,34,30.21
SKU-0061,Samochodzik zdalnie sterowany Classic,Zabawki,2024-09-01,32,30.32
SKU-0061,Samochodzik zdalnie sterowany Classic,Zabawki,2024-10-01,29,31.78
SKU-0061,Samochodzik zdalnie sterowany Classic,Zabawki,2024-11-01,25,33.13
SKU-0061,Samochodzik zdalnie sterowany Classic,Zabawki,2024-12-01,26,31.35
SKU-0061,Samochodzik zdalnie sterowany Classic,Zabawki,2025-01-01,26,32.45
SKU-0061,Samochodzik zdalnie sterowany Classic,Zabawki,2025-02-01,26,31.21
SKU-0061,Samochodzik zdalnie sterowany Classic,Zabawki,2025-03-01,24,30.45
SKU-0061,Samochodzik zdalnie sterowany Classic,Zabawki,2025-04-01,25,32.92
SKU-0061,Samochodzik zdalnie sterowany Classic,Zabawki,2025-05-01,25,31.59
SKU-0061,Samochodzik zdalnie sterowany Classic,Zabawki,2025-06-01,33,32.9
SKU-0061,Samochodzik zdalnie sterowany Classic,Zabawki,2025-07-01,32,31.54
SKU-0061,Samochodzik zdalnie sterowany Classic,Zabawki,2025-08-01,29,32.09
SKU-0061,Samochodzik zdalnie sterowany Classic,Zabawki,2025-09-01,27,31.71
SKU-0061,Samochodzik zdalnie sterowany Classic,Zabawki,2025-10-01,29,31.08
SKU-0061,Samochodzik zdalnie sterowany Classic,Zabawki,2025-11-01,23,31.48
SKU-0061,Samochodzik zdalnie sterowany Classic,Zabawki,2025-12-01,21,30.77
SKU-0061,Samochodzik zdalnie sterowany Classic,Zabawki,2026-01-01,22,30.77
SKU-0061,Samochodzik zdalnie sterowany Classic,Zabawki,2026-02-01,21,30.17
SKU-0061,Samochodzik zdalnie sterowany Classic,Zabawki,2026-03-01,21,30.25
SKU-0061,Samochodzik zdalnie sterowany Classic,Zabawki,2026-04-01,28,31.37
SKU-0061,Samochodzik zdalnie sterowany Classic,Zabawki,2026-05-01,29,30.29
SKU-0061,Samochodzik zdalnie sterowany Classic,Zabawki,2026-06-01,26,32.96
SKU-0061,Samochodzik zdalnie sterowany Classic,Zabawki,2026-07-01,26,32.75
SKU-0062,Makaron pszenny 500g,Spożywcze,2024-08-01,0,35.39
SKU-0062,Makaron pszenny 500g,Spożywcze,2024-09-01,1,35.76
SKU-0062,Makaron pszenny 500g,Spożywcze,2024-10-01,2,37.0
SKU-0062,Makaron pszenny 500g,Spożywcze,2024-11-01,6,35.72
SKU-0062,Makaron pszenny 500g,Spożywcze,2024-12-01,8,34.75
SKU-0062,Makaron pszenny 500g,Spożywcze,2025-01-01,9,36.83
SKU-0062,Makaron pszenny 500g,Spożywcze,2025-02-01,11,35.72
SKU-0062,Makaron pszenny 500g,Spożywcze,2025-03-01,9,35.44
SKU-0062,Makaron pszenny 500g,Spożywcze,2025-04-01,7,34.84
SKU-0062,Makaron pszenny 500g,Spożywcze,2025-05-01,6,34.4
SKU-0062,Makaron pszenny 500g,Spożywcze,2025-06-01,3,36.51
SKU-0062,Makaron pszenny 500g,Spożywcze,2025-07-01,1,34.25
SKU-0062,Makaron pszenny 500g,Spożywcze,2025-08-01,0,36.71
SKU-0062,Makaron pszenny 500g,Spożywcze,2025-09-01,1,35.17
SKU-0062,Makaron pszenny 500g,Spożywcze,2025-10-01,2,36.05
SKU-0062,Makaron pszenny 500g,Spożywcze,2025-11-01,5,35.66
SKU-0062,Makaron pszenny 500g,Spożywcze,2025-12-01,11,34.55
SKU-0062,Makaron pszenny 500g,Spożywcze,2026-01-01,8,34.47
SKU-0062,Makaron pszenny 500g,Spożywcze,2026-02-01,15,34.96
SKU-0062,Makaron pszenny 500g,Spożywcze,2026-03-01,13,34.19
SKU-0062,Makaron pszenny 500g,Spożywcze,2026-04-01,9,35.86
SKU-0062,Makaron pszenny 500g,Spożywcze,2026-05-01,7,36.94
SKU-0062,Makaron pszenny 500g,Spożywcze,2026-06-01,4,35.64
SKU-0062,Makaron pszenny 500g,Spożywcze,2026-07-01,2,34.07
SKU-0063,Zeszyt A5 XL,Artykuły biurowe,2024-08-01,37,18.61
SKU-0063,Zeszyt A5 XL,Artykuły biurowe,2024-09-01,0,19.11
SKU-0063,Zeszyt A5 XL,Artykuły biurowe,2024-10-01,2,18.83
SKU-0063,Zeszyt A5 XL,Artykuły biurowe,2024-11-01,13,18.74
SKU-0063,Zeszyt A5 XL,Artykuły biurowe,2024-12-01,7,17.85
SKU-0063,Zeszyt A5 XL,Artykuły biurowe,2025-01-01,7,18.88
SKU-0063,Zeszyt A5 XL,Artykuły biurowe,2025-02-01,12,18.98
SKU-0063,Zeszyt A5 XL,Artykuły biurowe,2025-03-01,37,17.86
SKU-0063,Zeszyt A5 XL,Artykuły biurowe,2025-04-01,0,17.94
SKU-0063,Zeszyt A5 XL,Artykuły biurowe,2025-05-01,0,18.28
SKU-0063,Zeszyt A5 XL,Artykuły biurowe,2025-06-01,0,19.14
SKU-0063,Zeszyt A5 XL,Artykuły biurowe,2025-07-01,45,18.11
SKU-0063,Zeszyt A5 XL,Artykuły biurowe,2025-08-01,10,17.51
SKU-0063,Zeszyt A5 XL,Artykuły biurowe,2025-09-01,30,18.26
SKU-0063,Zeszyt A5 XL,Artykuły biurowe,2025-10-01,2,18.86
SKU-0063,Zeszyt A5 XL,Artykuły biurowe,2025-11-01,18,18.58
SKU-0063,Zeszyt A5 XL,Artykuły biurowe,2025-12-01,19,18.99
SKU-0063,Zeszyt A5 XL,Artykuły biurowe,2026-01-01,11,18.2
SKU-0063,Zeszyt A5 XL,Artykuły biurowe,2026-02-01,10,17.86
SKU-0063,Zeszyt A5 XL,Artykuły biurowe,2026-03-01,0,18.92
SKU-0063,Zeszyt A5 XL,Artykuły biurowe,2026-04-01,0,17.64
SKU-0063,Zeszyt A5 XL,Artykuły biurowe,2026-05-01,1,17.62
SKU-0063,Zeszyt A5 XL,Artykuły biurowe,2026-06-01,39,19.23
SKU-0063,Zeszyt A5 XL,Artykuły biurowe,2026-07-01,18,17.93
SKU-0064,Sandały letnie Classic,Obuwie,2024-08-01,1,267.53
SKU-0064,Sandały letnie Classic,Obuwie,2024-09-01,2,270.55
SKU-0064,Sandały letnie Classic,Obuwie,2024-10-01,4,286.11
SKU-0064,Sandały letnie Classic,Obuwie,2024-11-01,6,277.82
SKU-0064,Sandały letnie Classic,Obuwie,2024-12-01,5,282.14
SKU-0064,Sandały letnie Classic,Obuwie,2025-01-01,6,273.87
SKU-0064,Sandały letnie Classic,Obuwie,2025-02-01,4,282.67
SKU-0064,Sandały letnie Classic,Obuwie,2025-03-01,5,278.3
SKU-0064,Sandały letnie Classic,Obuwie,2025-04-01,4,273.67
SKU-0064,Sandały letnie Classic,Obuwie,2025-05-01,2,283.08
SKU-0064,Sandały letnie Classic,Obuwie,2025-06-01,0,270.64
SKU-0064,Sandały letnie Classic,Obuwie,2025-07-01,0,269.62
SKU-0064,Sandały letnie Classic,Obuwie,2025-08-01,1,287.14
SKU-0064,Sandały letnie Classic,Obuwie,2025-09-01,3,291.48
SKU-0064,Sandały letnie Classic,Obuwie,2025-10-01,4,294.05
SKU-0064,Sandały letnie Classic,Obuwie,2025-11-01,7,292.07
SKU-0064,Sandały letnie Classic,Obuwie,2025-12-01,10,294.4
SKU-0064,Sandały letnie Classic,Obuwie,2026-01-01,5,267.99
SKU-0064,Sandały letnie Classic,Obuwie,2026-02-01,7,280.54
SKU-0064,Sandały letnie Classic,Obuwie,2026-03-01,6,288.28
SKU-0064,Sandały letnie Classic,Obuwie,2026-04-01,2,285.28
SKU-0064,Sandały letnie Classic,Obuwie,2026-05-01,1,274.53
SKU-0064,Sandały letnie Classic,Obuwie,2026-06-01,0,281.53
SKU-0064,Sandały letnie Classic,Obuwie,2026-07-01,0,284.31
SKU-0065,Osłona przeciwsłoneczna Premium,Motoryzacja,2024-08-01,0,180.7
SKU-0065,Osłona przeciwsłoneczna Premium,Motoryzacja,2024-09-01,0,198.46
SKU-0065,Osłona przeciwsłoneczna Premium,Motoryzacja,2024-10-01,4,192.28
SKU-0065,Osłona przeciwsłoneczna Premium,Motoryzacja,2024-11-01,8,187.81
SKU-0065,Osłona przeciwsłoneczna Premium,Motoryzacja,2024-12-01,4,199.03
SKU-0065,Osłona przeciwsłoneczna Premium,Motoryzacja,2025-01-01,7,186.18
SKU-0065,Osłona przeciwsłoneczna Premium,Motoryzacja,2025-02-01,8,187.81
SKU-0065,Osłona przeciwsłoneczna Premium,Motoryzacja,2025-03-01,3,181.12
SKU-0065,Osłona przeciwsłoneczna Premium,Motoryzacja,2025-04-01,7,185.5
SKU-0065,Osłona przeciwsłoneczna Premium,Motoryzacja,2025-05-01,4,196.37
SKU-0065,Osłona przeciwsłoneczna Premium,Motoryzacja,2025-06-01,3,188.02
SKU-0065,Osłona przeciwsłoneczna Premium,Motoryzacja,2025-07-01,5,195.6
SKU-0065,Osłona przeciwsłoneczna Premium,Motoryzacja,2025-08-01,2,187.61
SKU-0065,Osłona przeciwsłoneczna Premium,Motoryzacja,2025-09-01,0,193.74
SKU-0065,Osłona przeciwsłoneczna Premium,Motoryzacja,2025-10-01,0,195.97
SKU-0065,Osłona przeciwsłoneczna Premium,Motoryzacja,2025-11-01,5,186.38
SKU-0065,Osłona przeciwsłoneczna Premium,Motoryzacja,2025-12-01,0,194.59
SKU-0065,Osłona przeciwsłoneczna Premium,Motoryzacja,2026-01-01,0,182.5
SKU-0065,Osłona przeciwsłoneczna Premium,Motoryzacja,2026-02-01,0,198.51
SKU-0065,Osłona przeciwsłoneczna Premium,Motoryzacja,2026-03-01,4,187.64
SKU-0065,Osłona przeciwsłoneczna Premium,Motoryzacja,2026-04-01,4,184.64
SKU-0065,Osłona przeciwsłoneczna Premium,Motoryzacja,2026-05-01,8,186.72
SKU-0065,Osłona przeciwsłoneczna Premium,Motoryzacja,2026-06-01,1,181.95
SKU-0065,Osłona przeciwsłoneczna Premium,Motoryzacja,2026-07-01,0,188.45
SKU-0066,Lalka interaktywna Premium,Zabawki,2024-08-01,9,219.93
SKU-0066,Lalka interaktywna Premium,Zabawki,2024-09-01,14,215.5
SKU-0066,Lalka interaktywna Premium,Zabawki,2024-10-01,13,231.33
SKU-0066,Lalka interaktywna Premium,Zabawki,2024-11-01,16,226.75
SKU-0066,Lalka interaktywna Premium,Zabawki,2024-12-01,19,221.24
SKU-0066,Lalka interaktywna Premium,Zabawki,2025-01-01,9,230.71
SKU-0066,Lalka interaktywna Premium,Zabawki,2025-02-01,15,234.42
SKU-0066,Lalka interaktywna Premium,Zabawki,2025-03-01,13,226.61
SKU-0066,Lalka interaktywna Premium,Zabawki,2025-04-01,8,226.02
SKU-0066,Lalka interaktywna Premium,Zabawki,2025-05-01,6,224.36
SKU-0066,Lalka interaktywna Premium,Zabawki,2025-06-01,6,226.53
SKU-0066,Lalka interaktywna Premium,Zabawki,2025-07-01,8,232.05
SKU-0066,Lalka interaktywna Premium,Zabawki,2025-08-01,7,229.45
SKU-0066,Lalka interaktywna Premium,Zabawki,2025-09-01,12,223.46
SKU-0066,Lalka interaktywna Premium,Zabawki,2025-10-01,17,227.5
SKU-0066,Lalka interaktywna Premium,Zabawki,2025-11-01,12,232.16
SKU-0066,Lalka interaktywna Premium,Zabawki,2025-12-01,20,236.29
SKU-0066,Lalka interaktywna Premium,Zabawki,2026-01-01,15,232.07
SKU-0066,Lalka interaktywna Premium,Zabawki,2026-02-01,11,229.87
SKU-0066,Lalka interaktywna Premium,Zabawki,2026-03-01,15,216.61
SKU-0066,Lalka interaktywna Premium,Zabawki,2026-04-01,9,230.91
SKU-0066,Lalka interaktywna Premium,Zabawki,2026-05-01,5,223.7
SKU-0066,Lalka interaktywna Premium,Zabawki,2026-06-01,5,236.18
SKU-0066,Lalka interaktywna Premium,Zabawki,2026-07-01,6,221.6
SKU-0067,Żarówka LED E27 Premium,Oświetlenie,2024-08-01,208,97.65
SKU-0067,Żarówka LED E27 Premium,Oświetlenie,2024-09-01,155,102.71
SKU-0067,Żarówka LED E27 Premium,Oświetlenie,2024-10-01,126,104.08
SKU-0067,Żarówka LED E27 Premium,Oświetlenie,2024-11-01,85,105.97
SKU-0067,Żarówka LED E27 Premium,Oświetlenie,2024-12-01,44,99.67
SKU-0067,Żarówka LED E27 Premium,Oświetlenie,2025-01-01,47,99.53
SKU-0067,Żarówka LED E27 Premium,Oświetlenie,2025-02-01,44,102.69
SKU-0067,Żarówka LED E27 Premium,Oświetlenie,2025-03-01,61,100.25
SKU-0067,Żarówka LED E27 Premium,Oświetlenie,2025-04-01,117,100.53
SKU-0067,Żarówka LED E27 Premium,Oświetlenie,2025-05-01,143,105.13
SKU-0067,Żarówka LED E27 Premium,Oświetlenie,2025-06-01,185,104.61
SKU-0067,Żarówka LED E27 Premium,Oświetlenie,2025-07-01,244,102.0
SKU-0067,Żarówka LED E27 Premium,Oświetlenie,2025-08-01,187,103.83
SKU-0067,Żarówka LED E27 Premium,Oświetlenie,2025-09-01,201,101.9
SKU-0067,Żarówka LED E27 Premium,Oświetlenie,2025-10-01,121,102.46
SKU-0067,Żarówka LED E27 Premium,Oświetlenie,2025-11-01,112,105.52
SKU-0067,Żarówka LED E27 Premium,Oświetlenie,2025-12-01,59,102.27
SKU-0067,Żarówka LED E27 Premium,Oświetlenie,2026-01-01,57,105.2
SKU-0067,Żarówka LED E27 Premium,Oświetlenie,2026-02-01,79,97.98
SKU-0067,Żarówka LED E27 Premium,Oświetlenie,2026-03-01,77,103.1
SKU-0067,Żarówka LED E27 Premium,Oświetlenie,2026-04-01,112,102.92
SKU-0067,Żarówka LED E27 Premium,Oświetlenie,2026-05-01,137,99.1
SKU-0067,Żarówka LED E27 Premium,Oświetlenie,2026-06-01,194,102.12
SKU-0067,Żarówka LED E27 Premium,Oświetlenie,2026-07-01,231,105.3
SKU-0068,Fotel wypoczynkowy Mini,Meble,2024-08-01,85,886.96
SKU-0068,Fotel wypoczynkowy Mini,Meble,2024-09-01,0,916.85
SKU-0068,Fotel wypoczynkowy Mini,Meble,2024-10-01,99,912.34
SKU-0068,Fotel wypoczynkowy Mini,Meble,2024-11-01,0,897.46
SKU-0068,Fotel wypoczynkowy Mini,Meble,2024-12-01,0,892.27
SKU-0068,Fotel wypoczynkowy Mini,Meble,2025-01-01,81,955.19
SKU-0068,Fotel wypoczynkowy Mini,Meble,2025-02-01,29,907.27
SKU-0068,Fotel wypoczynkowy Mini,Meble,2025-03-01,0,884.85
SKU-0068,Fotel wypoczynkowy Mini,Meble,2025-04-01,11,942.56
SKU-0068,Fotel wypoczynkowy Mini,Meble,2025-05-01,31,941.49
SKU-0068,Fotel wypoczynkowy Mini,Meble,2025-06-01,5,964.81
SKU-0068,Fotel wypoczynkowy Mini,Meble,2025-07-01,98,962.48
SKU-0068,Fotel wypoczynkowy Mini,Meble,2025-08-01,80,895.84
SKU-0068,Fotel wypoczynkowy Mini,Meble,2025-09-01,0,898.81
SKU-0068,Fotel wypoczynkowy Mini,Meble,2025-10-01,0,967.01
SKU-0068,Fotel wypoczynkowy Mini,Meble,2025-11-01,56,918.25
SKU-0068,Fotel wypoczynkowy Mini,Meble,2025-12-01,57,890.35
SKU-0068,Fotel wypoczynkowy Mini,Meble,2026-01-01,77,899.93
SKU-0068,Fotel wypoczynkowy Mini,Meble,2026-02-01,0,967.49
SKU-0068,Fotel wypoczynkowy Mini,Meble,2026-03-01,13,888.55
SKU-0068,Fotel wypoczynkowy Mini,Meble,2026-04-01,0,956.1
SKU-0068,Fotel wypoczynkowy Mini,Meble,2026-05-01,2,899.29
SKU-0068,Fotel wypoczynkowy Mini,Meble,2026-06-01,24,914.72
SKU-0068,Fotel wypoczynkowy Mini,Meble,2026-07-01,0,895.61
SKU-0069,Mata do jogi Mini,Sport i rekreacja,2024-08-01,0,48.53
SKU-0069,Mata do jogi Mini,Sport i rekreacja,2024-09-01,3,49.34
SKU-0069,Mata do jogi Mini,Sport i rekreacja,2024-10-01,1,45.8
SKU-0069,Mata do jogi Mini,Sport i rekreacja,2024-11-01,1,47.35
SKU-0069,Mata do jogi Mini,Sport i rekreacja,2024-12-01,0,46.82
SKU-0069,Mata do jogi Mini,Sport i rekreacja,2025-01-01,2,49.54
SKU-0069,Mata do jogi Mini,Sport i rekreacja,2025-02-01,1,46.45
SKU-0069,Mata do jogi Mini,Sport i rekreacja,2025-03-01,0,47.73
SKU-0069,Mata do jogi Mini,Sport i rekreacja,2025-04-01,0,46.06
SKU-0069,Mata do jogi Mini,Sport i rekreacja,2025-05-01,0,48.61
SKU-0069,Mata do jogi Mini,Sport i rekreacja,2025-06-01,1,49.8
SKU-0069,Mata do jogi Mini,Sport i rekreacja,2025-07-01,0,46.43
SKU-0069,Mata do jogi Mini,Sport i rekreacja,2025-08-01,0,47.7
SKU-0069,Mata do jogi Mini,Sport i rekreacja,2025-09-01,0,46.11
SKU-0069,Mata do jogi Mini,Sport i rekreacja,2025-10-01,1,49.72
SKU-0069,Mata do jogi Mini,Sport i rekreacja,2025-11-01,0,49.91
SKU-0069,Mata do jogi Mini,Sport i rekreacja,2025-12-01,0,46.75
SKU-0069,Mata do jogi Mini,Sport i rekreacja,2026-01-01,1,46.72
SKU-0069,Mata do jogi Mini,Sport i rekreacja,2026-02-01,0,48.09
SKU-0069,Mata do jogi Mini,Sport i rekreacja,2026-03-01,0,46.62
SKU-0069,Mata do jogi Mini,Sport i rekreacja,2026-04-01,1,48.53
SKU-0069,Mata do jogi Mini,Sport i rekreacja,2026-05-01,0,46.45
SKU-0069,Mata do jogi Mini,Sport i rekreacja,2026-06-01,2,47.27
SKU-0069,Mata do jogi Mini,Sport i rekreacja,2026-07-01,0,47.28
SKU-0070,Ładowarka sieciowa,Elektronika,2024-08-01,106,320.53
SKU-0070,Ładowarka sieciowa,Elektronika,2024-09-01,136,315.97
SKU-0070,Ładowarka sieciowa,Elektronika,2024-10-01,184,306.27
SKU-0070,Ładowarka sieciowa,Elektronika,2024-11-01,145,323.84
SKU-0070,Ładowarka sieciowa,Elektronika,2024-12-01,145,317.19
SKU-0070,Ładowarka sieciowa,Elektronika,2025-01-01,93,316.72
SKU-0070,Ładowarka sieciowa,Elektronika,2025-02-01,74,307.82
SKU-0070,Ładowarka sieciowa,Elektronika,2025-03-01,25,299.16
SKU-0070,Ładowarka sieciowa,Elektronika,2025-04-01,35,317.36
SKU-0070,Ładowarka sieciowa,Elektronika,2025-05-01,71,314.68
SKU-0070,Ładowarka sieciowa,Elektronika,2025-06-01,82,324.15
SKU-0070,Ładowarka sieciowa,Elektronika,2025-07-01,112,323.66
SKU-0070,Ładowarka sieciowa,Elektronika,2025-08-01,207,324.23
SKU-0070,Ładowarka sieciowa,Elektronika,2025-09-01,121,304.73
SKU-0070,Ładowarka sieciowa,Elektronika,2025-10-01,111,304.55
SKU-0070,Ładowarka sieciowa,Elektronika,2025-11-01,109,298.35
SKU-0070,Ładowarka sieciowa,Elektronika,2025-12-01,109,298.09
SKU-0070,Ładowarka sieciowa,Elektronika,2026-01-01,118,320.13
SKU-0070,Ładowarka sieciowa,Elektronika,2026-02-01,74,310.83
SKU-0070,Ładowarka sieciowa,Elektronika,2026-03-01,61,319.95
SKU-0070,Ładowarka sieciowa,Elektronika,2026-04-01,70,296.47
SKU-0070,Ładowarka sieciowa,Elektronika,2026-05-01,60,324.46
SKU-0070,Ładowarka sieciowa,Elektronika,2026-06-01,86,307.01
SKU-0070,Ładowarka sieciowa,Elektronika,2026-07-01,151,316.6
SKU-0071,Zeszyt A5 Compact,Artykuły biurowe,2024-08-01,21,6.01
SKU-0071,Zeszyt A5 Compact,Artykuły biurowe,2024-09-01,18,6.16
SKU-0071,Zeszyt A5 Compact,Artykuły biurowe,2024-10-01,17,6.45
SKU-0071,Zeszyt A5 Compact,Artykuły biurowe,2024-11-01,20,6.48
SKU-0071,Zeszyt A5 Compact,Artykuły biurowe,2024-12-01,21,6.28
SKU-0071,Zeszyt A5 Compact,Artykuły biurowe,2025-01-01,19,6.45
SKU-0071,Zeszyt A5 Compact,Artykuły biurowe,2025-02-01,20,6.05
SKU-0071,Zeszyt A5 Compact,Artykuły biurowe,2025-03-01,17,6.16
SKU-0071,Zeszyt A5 Compact,Artykuły biurowe,2025-04-01,20,6.19
SKU-0071,Zeszyt A5 Compact,Artykuły biurowe,2025-05-01,18,6.28
SKU-0071,Zeszyt A5 Compact,Artykuły biurowe,2025-06-01,18,6.07
SKU-0071,Zeszyt A5 Compact,Artykuły biurowe,2025-07-01,21,6.19
SKU-0071,Zeszyt A5 Compact,Artykuły biurowe,2025-08-01,18,6.04
SKU-0071,Zeszyt A5 Compact,Artykuły biurowe,2025-09-01,19,6.17
SKU-0071,Zeszyt A5 Compact,Artykuły biurowe,2025-10-01,20,6.19
SKU-0071,Zeszyt A5 Compact,Artykuły biurowe,2025-11-01,17,6.04
SKU-0071,Zeszyt A5 Compact,Artykuły biurowe,2025-12-01,16,6.22
SKU-0071,Zeszyt A5 Compact,Artykuły biurowe,2026-01-01,17,6.26
SKU-0071,Zeszyt A5 Compact,Artykuły biurowe,2026-02-01,18,6.41
SKU-0071,Zeszyt A5 Compact,Artykuły biurowe,2026-03-01,20,5.99
SKU-0071,Zeszyt A5 Compact,Artykuły biurowe,2026-04-01,17,6.11
SKU-0071,Zeszyt A5 Compact,Artykuły biurowe,2026-05-01,19,6.35
SKU-0071,Zeszyt A5 Compact,Artykuły biurowe,2026-06-01,17,6.41
SKU-0071,Zeszyt A5 Compact,Artykuły biurowe,2026-07-01,19,6.29
SKU-0072,Czajnik elektryczny Eco,AGD,2024-08-01,45,243.36
SKU-0072,Czajnik elektryczny Eco,AGD,2024-09-01,0,245.93
SKU-0072,Czajnik elektryczny Eco,AGD,2024-10-01,0,241.46
SKU-0072,Czajnik elektryczny Eco,AGD,2024-11-01,16,256.53
SKU-0072,Czajnik elektryczny Eco,AGD,2024-12-01,42,255.71
SKU-0072,Czajnik elektryczny Eco,AGD,2025-01-01,49,262.19
SKU-0072,Czajnik elektryczny Eco,AGD,2025-02-01,0,253.96
SKU-0072,Czajnik elektryczny Eco,AGD,2025-03-01,12,253.93
SKU-0072,Czajnik elektryczny Eco,AGD,2025-04-01,23,248.51
SKU-0072,Czajnik elektryczny Eco,AGD,2025-05-01,15,251.99
SKU-0072,Czajnik elektryczny Eco,AGD,2025-06-01,48,253.74
SKU-0072,Czajnik elektryczny Eco,AGD,2025-07-01,29,260.29
SKU-0072,Czajnik elektryczny Eco,AGD,2025-08-01,20,259.55
SKU-0072,Czajnik elektryczny Eco,AGD,2025-09-01,3,246.61
SKU-0072,Czajnik elektryczny Eco,AGD,2025-10-01,0,260.03
SKU-0072,Czajnik elektryczny Eco,AGD,2025-11-01,0,252.69
SKU-0072,Czajnik elektryczny Eco,AGD,2025-12-01,51,243.19
SKU-0072,Czajnik elektryczny Eco,AGD,2026-01-01,0,256.15
SKU-0072,Czajnik elektryczny Eco,AGD,2026-02-01,0,242.53
SKU-0072,Czajnik elektryczny Eco,AGD,2026-03-01,66,253.97
SKU-0072,Czajnik elektryczny Eco,AGD,2026-04-01,0,245.56
SKU-0072,Czajnik elektryczny Eco,AGD,2026-05-01,29,262.85
SKU-0072,Czajnik elektryczny Eco,AGD,2026-06-01,0,253.64
SKU-0072,Czajnik elektryczny Eco,AGD,2026-07-01,0,258.2
SKU-0073,Szampon do włosów Pro,Kosmetyki,2024-08-01,0,51.66
SKU-0073,Szampon do włosów Pro,Kosmetyki,2024-09-01,1,48.27
SKU-0073,Szampon do włosów Pro,Kosmetyki,2024-10-01,0,48.95
SKU-0073,Szampon do włosów Pro,Kosmetyki,2024-11-01,1,49.7
SKU-0073,Szampon do włosów Pro,Kosmetyki,2024-12-01,0,51.93
SKU-0073,Szampon do włosów Pro,Kosmetyki,2025-01-01,2,50.94
SKU-0073,Szampon do włosów Pro,Kosmetyki,2025-02-01,0,51.3
SKU-0073,Szampon do włosów Pro,Kosmetyki,2025-03-01,0,50.98
SKU-0073,Szampon do włosów Pro,Kosmetyki,2025-04-01,1,49.66
SKU-0073,Szampon do włosów Pro,Kosmetyki,2025-05-01,0,50.17
SKU-0073,Szampon do włosów Pro,Kosmetyki,2025-06-01,1,48.93
SKU-0073,Szampon do włosów Pro,Kosmetyki,2025-07-01,0,52.61
SKU-0073,Szampon do włosów Pro,Kosmetyki,2025-08-01,1,51.48
SKU-0073,Szampon do włosów Pro,Kosmetyki,2025-09-01,0,48.25
SKU-0073,Szampon do włosów Pro,Kosmetyki,2025-10-01,1,49.37
SKU-0073,Szampon do włosów Pro,Kosmetyki,2025-11-01,0,51.19
SKU-0073,Szampon do włosów Pro,Kosmetyki,2025-12-01,0,49.35
SKU-0073,Szampon do włosów Pro,Kosmetyki,2026-01-01,0,52.61
SKU-0073,Szampon do włosów Pro,Kosmetyki,2026-02-01,1,49.28
SKU-0073,Szampon do włosów Pro,Kosmetyki,2026-03-01,1,48.95
SKU-0073,Szampon do włosów Pro,Kosmetyki,2026-04-01,0,50.2
SKU-0073,Szampon do włosów Pro,Kosmetyki,2026-05-01,0,47.84
SKU-0073,Szampon do włosów Pro,Kosmetyki,2026-06-01,3,47.88
SKU-0073,Szampon do włosów Pro,Kosmetyki,2026-07-01,1,51.91
SKU-0074,Sandały letnie Mini,Obuwie,2024-08-01,73,189.59
SKU-0074,Sandały letnie Mini,Obuwie,2024-09-01,69,188.19
SKU-0074,Sandały letnie Mini,Obuwie,2024-10-01,69,184.73
SKU-0074,Sandały letnie Mini,Obuwie,2024-11-01,72,188.8
SKU-0074,Sandały letnie Mini,Obuwie,2024-12-01,66,177.21
SKU-0074,Sandały letnie Mini,Obuwie,2025-01-01,72,187.54
SKU-0074,Sandały letnie Mini,Obuwie,2025-02-01,80,187.42
SKU-0074,Sandały letnie Mini,Obuwie,2025-03-01,73,188.9
SKU-0074,Sandały letnie Mini,Obuwie,2025-04-01,83,182.51
SKU-0074,Sandały letnie Mini,Obuwie,2025-05-01,63,178.5
SKU-0074,Sandały letnie Mini,Obuwie,2025-06-01,74,179.99
SKU-0074,Sandały letnie Mini,Obuwie,2025-07-01,73,184.22
SKU-0074,Sandały letnie Mini,Obuwie,2025-08-01,78,188.79
SKU-0074,Sandały letnie Mini,Obuwie,2025-09-01,79,188.95
SKU-0074,Sandały letnie Mini,Obuwie,2025-10-01,76,191.43
SKU-0074,Sandały letnie Mini,Obuwie,2025-11-01,78,185.17
SKU-0074,Sandały letnie Mini,Obuwie,2025-12-01,86,193.49
SKU-0074,Sandały letnie Mini,Obuwie,2026-01-01,69,192.92
SKU-0074,Sandały letnie Mini,Obuwie,2026-02-01,85,187.63
SKU-0074,Sandały letnie Mini,Obuwie,2026-03-01,86,187.66
SKU-0074,Sandały letnie Mini,Obuwie,2026-04-01,83,190.41
SKU-0074,Sandały letnie Mini,Obuwie,2026-05-01,82,180.01
SKU-0074,Sandały letnie Mini,Obuwie,2026-06-01,83,191.38
SKU-0074,Sandały letnie Mini,Obuwie,2026-07-01,79,186.59
SKU-0075,Perfumy 50ml,Kosmetyki,2024-08-01,8,94.56
SKU-0075,Perfumy 50ml,Kosmetyki,2024-09-01,14,92.42
SKU-0075,Perfumy 50ml,Kosmetyki,2024-10-01,15,95.96
SKU-0075,Perfumy 50ml,Kosmetyki,2024-11-01,26,89.06
SKU-0075,Perfumy 50ml,Kosmetyki,2024-12-01,30,92.87
SKU-0075,Perfumy 50ml,Kosmetyki,2025-01-01,22,95.16
SKU-0075,Perfumy 50ml,Kosmetyki,2025-02-01,17,90.55
SKU-0075,Perfumy 50ml,Kosmetyki,2025-03-01,16,95.49
SKU-0075,Perfumy 50ml,Kosmetyki,2025-04-01,17,95.5
SKU-0075,Perfumy 50ml,Kosmetyki,2025-05-01,9,92.26
SKU-0075,Perfumy 50ml,Kosmetyki,2025-06-01,7,92.15
SKU-0075,Perfumy 50ml,Kosmetyki,2025-07-01,5,89.94
SKU-0075,Perfumy 50ml,Kosmetyki,2025-08-01,10,94.79
SKU-0075,Perfumy 50ml,Kosmetyki,2025-09-01,14,91.74
SKU-0075,Perfumy 50ml,Kosmetyki,2025-10-01,18,93.04
SKU-0075,Perfumy 50ml,Kosmetyki,2025-11-01,23,93.72
SKU-0075,Perfumy 50ml,Kosmetyki,2025-12-01,22,92.44
SKU-0075,Perfumy 50ml,Kosmetyki,2026-01-01,27,87.71
SKU-0075,Perfumy 50ml,Kosmetyki,2026-02-01,31,93.58
SKU-0075,Perfumy 50ml,Kosmetyki,2026-03-01,11,90.03
SKU-0075,Perfumy 50ml,Kosmetyki,2026-04-01,16,92.05
SKU-0075,Perfumy 50ml,Kosmetyki,2026-05-01,11,93.36
SKU-0075,Perfumy 50ml,Kosmetyki,2026-06-01,7,92.36
SKU-0075,Perfumy 50ml,Kosmetyki,2026-07-01,6,88.85
SKU-0076,Mikser ręczny Eco,AGD,2024-08-01,10,580.64
SKU-0076,Mikser ręczny Eco,AGD,2024-09-01,9,607.47
SKU-0076,Mikser ręczny Eco,AGD,2024-10-01,12,576.06
SKU-0076,Mikser ręczny Eco,AGD,2024-11-01,13,570.53
SKU-0076,Mikser ręczny Eco,AGD,2024-12-01,13,584.38
SKU-0076,Mikser ręczny Eco,AGD,2025-01-01,10,572.06
SKU-0076,Mikser ręczny Eco,AGD,2025-02-01,11,597.91
SKU-0076,Mikser ręczny Eco,AGD,2025-03-01,10,588.99
SKU-0076,Mikser ręczny Eco,AGD,2025-04-01,10,568.5
SKU-0076,Mikser ręczny Eco,AGD,2025-05-01,10,572.93
SKU-0076,Mikser ręczny Eco,AGD,2025-06-01,10,575.45
SKU-0076,Mikser ręczny Eco,AGD,2025-07-01,12,591.96
SKU-0076,Mikser ręczny Eco,AGD,2025-08-01,14,592.5
SKU-0076,Mikser ręczny Eco,AGD,2025-09-01,13,599.84
SKU-0076,Mikser ręczny Eco,AGD,2025-10-01,13,569.12
SKU-0076,Mikser ręczny Eco,AGD,2025-11-01,15,565.67
SKU-0076,Mikser ręczny Eco,AGD,2025-12-01,14,583.9
SKU-0076,Mikser ręczny Eco,AGD,2026-01-01,13,580.74
SKU-0076,Mikser ręczny Eco,AGD,2026-02-01,13,569.04
SKU-0076,Mikser ręczny Eco,AGD,2026-03-01,13,605.89
SKU-0076,Mikser ręczny Eco,AGD,2026-04-01,11,562.44
SKU-0076,Mikser ręczny Eco,AGD,2026-05-01,12,600.22
SKU-0076,Mikser ręczny Eco,AGD,2026-06-01,12,577.7
SKU-0076,Mikser ręczny Eco,AGD,2026-07-01,15,580.06
SKU-0077,Krzesło biurowe Classic,Meble,2024-08-01,4,672.18
SKU-0077,Krzesło biurowe Classic,Meble,2024-09-01,4,687.19
SKU-0077,Krzesło biurowe Classic,Meble,2024-10-01,7,651.2
SKU-0077,Krzesło biurowe Classic,Meble,2024-11-01,14,669.01
SKU-0077,Krzesło biurowe Classic,Meble,2024-12-01,24,646.75
SKU-0077,Krzesło biurowe Classic,Meble,2025-01-01,22,703.23
SKU-0077,Krzesło biurowe Classic,Meble,2025-02-01,33,642.24
SKU-0077,Krzesło biurowe Classic,Meble,2025-03-01,23,684.6
SKU-0077,Krzesło biurowe Classic,Meble,2025-04-01,34,643.27
SKU-0077,Krzesło biurowe Classic,Meble,2025-05-01,22,662.86
SKU-0077,Krzesło biurowe Classic,Meble,2025-06-01,19,685.54
SKU-0077,Krzesło biurowe Classic,Meble,2025-07-01,9,657.03
SKU-0077,Krzesło biurowe Classic,Meble,2025-08-01,4,685.62
SKU-0077,Krzesło biurowe Classic,Meble,2025-09-01,3,672.89
SKU-0077,Krzesło biurowe Classic,Meble,2025-10-01,4,669.4
SKU-0077,Krzesło biurowe Classic,Meble,2025-11-01,18,703.64
SKU-0077,Krzesło biurowe Classic,Meble,2025-12-01,20,697.54
SKU-0077,Krzesło biurowe Classic,Meble,2026-01-01,32,702.02
SKU-0077,Krzesło biurowe Classic,Meble,2026-02-01,43,701.27
SKU-0077,Krzesło biurowe Classic,Meble,2026-03-01,23,687.55
SKU-0077,Krzesło biurowe Classic,Meble,2026-04-01,19,674.53
SKU-0077,Krzesło biurowe Classic,Meble,2026-05-01,24,659.15
SKU-0077,Krzesło biurowe Classic,Meble,2026-06-01,23,650.79
SKU-0077,Krzesło biurowe Classic,Meble,2026-07-01,8,671.8
SKU-0078,Puzzle 1000 elementów Pro,Zabawki,2024-08-01,11,160.97
SKU-0078,Puzzle 1000 elementów Pro,Zabawki,2024-09-01,21,163.2
SKU-0078,Puzzle 1000 elementów Pro,Zabawki,2024-10-01,18,162.42
SKU-0078,Puzzle 1000 elementów Pro,Zabawki,2024-11-01,30,156.41
SKU-0078,Puzzle 1000 elementów Pro,Zabawki,2024-12-01,16,160.88
SKU-0078,Puzzle 1000 elementów Pro,Zabawki,2025-01-01,13,164.72
SKU-0078,Puzzle 1000 elementów Pro,Zabawki,2025-02-01,6,167.69
SKU-0078,Puzzle 1000 elementów Pro,Zabawki,2025-03-01,4,157.15
SKU-0078,Puzzle 1000 elementów Pro,Zabawki,2025-04-01,1,168.25
SKU-0078,Puzzle 1000 elementów Pro,Zabawki,2025-05-01,1,155.59
SKU-0078,Puzzle 1000 elementów Pro,Zabawki,2025-06-01,3,167.32
SKU-0078,Puzzle 1000 elementów Pro,Zabawki,2025-07-01,6,154.45
SKU-0078,Puzzle 1000 elementów Pro,Zabawki,2025-08-01,7,165.34
SKU-0078,Puzzle 1000 elementów Pro,Zabawki,2025-09-01,11,166.07
SKU-0078,Puzzle 1000 elementów Pro,Zabawki,2025-10-01,21,161.55
SKU-0078,Puzzle 1000 elementów Pro,Zabawki,2025-11-01,25,162.1
SKU-0078,Puzzle 1000 elementów Pro,Zabawki,2025-12-01,22,163.83
SKU-0078,Puzzle 1000 elementów Pro,Zabawki,2026-01-01,12,169.66
SKU-0078,Puzzle 1000 elementów Pro,Zabawki,2026-02-01,7,159.71
SKU-0078,Puzzle 1000 elementów Pro,Zabawki,2026-03-01,3,169.15
SKU-0078,Puzzle 1000 elementów Pro,Zabawki,2026-04-01,1,158.68
SKU-0078,Puzzle 1000 elementów Pro,Zabawki,2026-05-01,1,169.42
SKU-0078,Puzzle 1000 elementów Pro,Zabawki,2026-06-01,4,166.33
SKU-0078,Puzzle 1000 elementów Pro,Zabawki,2026-07-01,7,156.35
SKU-0079,Taśma LED RGB Advanced,Oświetlenie,2024-08-01,12,281.83
SKU-0079,Taśma LED RGB Advanced,Oświetlenie,2024-09-01,15,274.21
SKU-0079,Taśma LED RGB Advanced,Oświetlenie,2024-10-01,17,291.2
SKU-0079,Taśma LED RGB Advanced,Oświetlenie,2024-11-01,10,291.44
SKU-0079,Taśma LED RGB Advanced,Oświetlenie,2024-12-01,9,284.2
SKU-0079,Taśma LED RGB Advanced,Oświetlenie,2025-01-01,5,280.13
SKU-0079,Taśma LED RGB Advanced,Oświetlenie,2025-02-01,3,280.03
SKU-0079,Taśma LED RGB Advanced,Oświetlenie,2025-03-01,3,280.69
SKU-0079,Taśma LED RGB Advanced,Oświetlenie,2025-04-01,3,275.04
SKU-0079,Taśma LED RGB Advanced,Oświetlenie,2025-05-01,5,285.82
SKU-0079,Taśma LED RGB Advanced,Oświetlenie,2025-06-01,11,272.62
SKU-0079,Taśma LED RGB Advanced,Oświetlenie,2025-07-01,15,279.34
SKU-0079,Taśma LED RGB Advanced,Oświetlenie,2025-08-01,12,286.25
SKU-0079,Taśma LED RGB Advanced,Oświetlenie,2025-09-01,11,282.22
SKU-0079,Taśma LED RGB Advanced,Oświetlenie,2025-10-01,10,286.8
SKU-0079,Taśma LED RGB Advanced,Oświetlenie,2025-11-01,13,273.62
SKU-0079,Taśma LED RGB Advanced,Oświetlenie,2025-12-01,9,273.86
SKU-0079,Taśma LED RGB Advanced,Oświetlenie,2026-01-01,5,292.25
SKU-0079,Taśma LED RGB Advanced,Oświetlenie,2026-02-01,4,277.67
SKU-0079,Taśma LED RGB Advanced,Oświetlenie,2026-03-01,3,287.02
SKU-0079,Taśma LED RGB Advanced,Oświetlenie,2026-04-01,6,297.11
SKU-0079,Taśma LED RGB Advanced,Oświetlenie,2026-05-01,8,294.23
SKU-0079,Taśma LED RGB Advanced,Oświetlenie,2026-06-01,9,285.77
SKU-0079,Taśma LED RGB Advanced,Oświetlenie,2026-07-01,8,275.31
SKU-0080,Namiot turystyczny Premium,Sport i rekreacja,2024-08-01,34,186.79
SKU-0080,Namiot turystyczny Premium,Sport i rekreacja,2024-09-01,32,186.76
SKU-0080,Namiot turystyczny Premium,Sport i rekreacja,2024-10-01,39,182.02
SKU-0080,Namiot turystyczny Premium,Sport i rekreacja,2024-11-01,67,187.14
SKU-0080,Namiot turystyczny Premium,Sport i rekreacja,2024-12-01,66,196.9
SKU-0080,Namiot turystyczny Premium,Sport i rekreacja,2025-01-01,55,188.26
SKU-0080,Namiot turystyczny Premium,Sport i rekreacja,2025-02-01,33,195.48
SKU-0080,Namiot turystyczny Premium,Sport i rekreacja,2025-03-01,33,194.65
SKU-0080,Namiot turystyczny Premium,Sport i rekreacja,2025-04-01,29,184.14
SKU-0080,Namiot turystyczny Premium,Sport i rekreacja,2025-05-01,16,198.64
SKU-0080,Namiot turystyczny Premium,Sport i rekreacja,2025-06-01,18,190.4
SKU-0080,Namiot turystyczny Premium,Sport i rekreacja,2025-07-01,16,194.57
SKU-0080,Namiot turystyczny Premium,Sport i rekreacja,2025-08-01,40,196.37
SKU-0080,Namiot turystyczny Premium,Sport i rekreacja,2025-09-01,52,186.72
SKU-0080,Namiot turystyczny Premium,Sport i rekreacja,2025-10-01,55,195.07
SKU-0080,Namiot turystyczny Premium,Sport i rekreacja,2025-11-01,68,183.21
SKU-0080,Namiot turystyczny Premium,Sport i rekreacja,2025-12-01,69,195.87
SKU-0080,Namiot turystyczny Premium,Sport i rekreacja,2026-01-01,67,183.81
SKU-0080,Namiot turystyczny Premium,Sport i rekreacja,2026-02-01,48,195.4
SKU-0080,Namiot turystyczny Premium,Sport i rekreacja,2026-03-01,23,191.15
SKU-0080,Namiot turystyczny Premium,Sport i rekreacja,2026-04-01,23,196.69
SKU-0080,Namiot turystyczny Premium,Sport i rekreacja,2026-05-01,24,184.81
SKU-0080,Namiot turystyczny Premium,Sport i rekreacja,2026-06-01,19,185.78
SKU-0080,Namiot turystyczny Premium,Sport i rekreacja,2026-07-01,41,185.83
SKU-0081,Żyrandol sufitowy Plus,Oświetlenie,2024-08-01,0,220.47
SKU-0081,Żyrandol sufitowy Plus,Oświetlenie,2024-09-01,2,207.5
SKU-0081,Żyrandol sufitowy Plus,Oświetlenie,2024-10-01,3,223.06
SKU-0081,Żyrandol sufitowy Plus,Oświetlenie,2024-11-01,0,217.29
SKU-0081,Żyrandol sufitowy Plus,Oświetlenie,2024-12-01,1,202.33
SKU-0081,Żyrandol sufitowy Plus,Oświetlenie,2025-01-01,1,208.09
SKU-0081,Żyrandol sufitowy Plus,Oświetlenie,2025-02-01,0,210.5
SKU-0081,Żyrandol sufitowy Plus,Oświetlenie,2025-03-01,0,213.21
SKU-0081,Żyrandol sufitowy Plus,Oświetlenie,2025-04-01,0,216.1
SKU-0081,Żyrandol sufitowy Plus,Oświetlenie,2025-05-01,0,204.19
SKU-0081,Żyrandol sufitowy Plus,Oświetlenie,2025-06-01,1,207.46
SKU-0081,Żyrandol sufitowy Plus,Oświetlenie,2025-07-01,1,212.84
SKU-0081,Żyrandol sufitowy Plus,Oświetlenie,2025-08-01,2,210.38
SKU-0081,Żyrandol sufitowy Plus,Oświetlenie,2025-09-01,2,218.36
SKU-0081,Żyrandol sufitowy Plus,Oświetlenie,2025-10-01,2,219.45
SKU-0081,Żyrandol sufitowy Plus,Oświetlenie,2025-11-01,1,205.86
SKU-0081,Żyrandol sufitowy Plus,Oświetlenie,2025-12-01,0,208.14
SKU-0081,Żyrandol sufitowy Plus,Oświetlenie,2026-01-01,2,206.73
SKU-0081,Żyrandol sufitowy Plus,Oświetlenie,2026-02-01,1,202.79
SKU-0081,Żyrandol sufitowy Plus,Oświetlenie,2026-03-01,0,217.06
SKU-0081,Żyrandol sufitowy Plus,Oświetlenie,2026-04-01,0,215.15
SKU-0081,Żyrandol sufitowy Plus,Oświetlenie,2026-05-01,0,205.86
SKU-0081,Żyrandol sufitowy Plus,Oświetlenie,2026-06-01,1,220.36
SKU-0081,Żyrandol sufitowy Plus,Oświetlenie,2026-07-01,2,209.11
SKU-0082,Kamera IP XL,Elektronika,2024-08-01,11,349.54
SKU-0082,Kamera IP XL,Elektronika,2024-09-01,22,348.02
SKU-0082,Kamera IP XL,Elektronika,2024-10-01,0,340.69
SKU-0082,Kamera IP XL,Elektronika,2024-11-01,13,324.54
SKU-0082,Kamera IP XL,Elektronika,2024-12-01,0,327.36
SKU-0082,Kamera IP XL,Elektronika,2025-01-01,12,344.51
SKU-0082,Kamera IP XL,Elektronika,2025-02-01,0,323.85
SKU-0082,Kamera IP XL,Elektronika,2025-03-01,0,329.77
SKU-0082,Kamera IP XL,Elektronika,2025-04-01,11,323.61
SKU-0082,Kamera IP XL,Elektronika,2025-05-01,18,333.15
SKU-0082,Kamera IP XL,Elektronika,2025-06-01,0,324.8
SKU-0082,Kamera IP XL,Elektronika,2025-07-01,12,342.23
SKU-0082,Kamera IP XL,Elektronika,2025-08-01,18,333.13
SKU-0082,Kamera IP XL,Elektronika,2025-09-01,0,337.98
SKU-0082,Kamera IP XL,Elektronika,2025-10-01,5,335.42
SKU-0082,Kamera IP XL,Elektronika,2025-11-01,0,340.97
SKU-0082,Kamera IP XL,Elektronika,2025-12-01,2,341.71
SKU-0082,Kamera IP XL,Elektronika,2026-01-01,21,330.85
SKU-0082,Kamera IP XL,Elektronika,2026-02-01,31,340.08
SKU-0082,Kamera IP XL,Elektronika,2026-03-01,0,333.03
SKU-0082,Kamera IP XL,Elektronika,2026-04-01,34,332.36
SKU-0082,Kamera IP XL,Elektronika,2026-05-01,14,343.52
SKU-0082,Kamera IP XL,Elektronika,2026-06-01,0,329.19
SKU-0082,Kamera IP XL,Elektronika,2026-07-01,10,333.31
SKU-0083,Osłona przeciwsłoneczna Compact,Motoryzacja,2024-08-01,0,222.94
SKU-0083,Osłona przeciwsłoneczna Compact,Motoryzacja,2024-09-01,9,244.48
SKU-0083,Osłona przeciwsłoneczna Compact,Motoryzacja,2024-10-01,18,241.49
SKU-0083,Osłona przeciwsłoneczna Compact,Motoryzacja,2024-11-01,0,233.96
SKU-0083,Osłona przeciwsłoneczna Compact,Motoryzacja,2024-12-01,13,223.85
SKU-0083,Osłona przeciwsłoneczna Compact,Motoryzacja,2025-01-01,16,234.65
SKU-0083,Osłona przeciwsłoneczna Compact,Motoryzacja,2025-02-01,0,242.99
SKU-0083,Osłona przeciwsłoneczna Compact,Motoryzacja,2025-03-01,1,241.44
SKU-0083,Osłona przeciwsłoneczna Compact,Motoryzacja,2025-04-01,0,223.36
SKU-0083,Osłona przeciwsłoneczna Compact,Motoryzacja,2025-05-01,6,230.04
SKU-0083,Osłona przeciwsłoneczna Compact,Motoryzacja,2025-06-01,0,227.33
SKU-0083,Osłona przeciwsłoneczna Compact,Motoryzacja,2025-07-01,0,234.96
SKU-0083,Osłona przeciwsłoneczna Compact,Motoryzacja,2025-08-01,9,240.66
SKU-0083,Osłona przeciwsłoneczna Compact,Motoryzacja,2025-09-01,2,225.15
SKU-0083,Osłona przeciwsłoneczna Compact,Motoryzacja,2025-10-01,0,230.94
SKU-0083,Osłona przeciwsłoneczna Compact,Motoryzacja,2025-11-01,23,230.18
SKU-0083,Osłona przeciwsłoneczna Compact,Motoryzacja,2025-12-01,0,240.22
SKU-0083,Osłona przeciwsłoneczna Compact,Motoryzacja,2026-01-01,0,223.18
SKU-0083,Osłona przeciwsłoneczna Compact,Motoryzacja,2026-02-01,12,233.7
SKU-0083,Osłona przeciwsłoneczna Compact,Motoryzacja,2026-03-01,0,239.4
SKU-0083,Osłona przeciwsłoneczna Compact,Motoryzacja,2026-04-01,2,224.6
SKU-0083,Osłona przeciwsłoneczna Compact,Motoryzacja,2026-05-01,12,242.27
SKU-0083,Osłona przeciwsłoneczna Compact,Motoryzacja,2026-06-01,12,226.61
SKU-0083,Osłona przeciwsłoneczna Compact,Motoryzacja,2026-07-01,13,223.83
SKU-0084,Taśma LED RGB XL,Oświetlenie,2024-08-01,9,118.42
SKU-0084,Taśma LED RGB XL,Oświetlenie,2024-09-01,3,124.94
SKU-0084,Taśma LED RGB XL,Oświetlenie,2024-10-01,0,122.81
SKU-0084,Taśma LED RGB XL,Oświetlenie,2024-11-01,0,122.45
SKU-0084,Taśma LED RGB XL,Oświetlenie,2024-12-01,3,114.66
SKU-0084,Taśma LED RGB XL,Oświetlenie,2025-01-01,5,114.7
SKU-0084,Taśma LED RGB XL,Oświetlenie,2025-02-01,10,116.03
SKU-0084,Taśma LED RGB XL,Oświetlenie,2025-03-01,0,122.54
SKU-0084,Taśma LED RGB XL,Oświetlenie,2025-04-01,7,116.85
SKU-0084,Taśma LED RGB XL,Oświetlenie,2025-05-01,0,116.39
SKU-0084,Taśma LED RGB XL,Oświetlenie,2025-06-01,2,121.22
SKU-0084,Taśma LED RGB XL,Oświetlenie,2025-07-01,2,116.79
SKU-0084,Taśma LED RGB XL,Oświetlenie,2025-08-01,8,117.51
SKU-0084,Taśma LED RGB XL,Oświetlenie,2025-09-01,0,114.91
SKU-0084,Taśma LED RGB XL,Oświetlenie,2025-10-01,0,117.08
SKU-0084,Taśma LED RGB XL,Oświetlenie,2025-11-01,3,123.86
SKU-0084,Taśma LED RGB XL,Oświetlenie,2025-12-01,20,116.36
SKU-0084,Taśma LED RGB XL,Oświetlenie,2026-01-01,6,121.42
SKU-0084,Taśma LED RGB XL,Oświetlenie,2026-02-01,0,114.73
SKU-0084,Taśma LED RGB XL,Oświetlenie,2026-03-01,8,124.31
SKU-0084,Taśma LED RGB XL,Oświetlenie,2026-04-01,0,118.03
SKU-0084,Taśma LED RGB XL,Oświetlenie,2026-05-01,13,124.5
SKU-0084,Taśma LED RGB XL,Oświetlenie,2026-06-01,4,124.63
SKU-0084,Taśma LED RGB XL,Oświetlenie,2026-07-01,6,121.09
SKU-0085,Plecak trekkingowy Compact,Sport i rekreacja,2024-08-01,12,225.88
SKU-0085,Plecak trekkingowy Compact,Sport i rekreacja,2024-09-01,4,212.87
SKU-0085,Plecak trekkingowy Compact,Sport i rekreacja,2024-10-01,17,211.94
SKU-0085,Plecak trekkingowy Compact,Sport i rekreacja,2024-11-01,0,218.03
SKU-0085,Plecak trekkingowy Compact,Sport i rekreacja,2024-12-01,0,226.99
SKU-0085,Plecak trekkingowy Compact,Sport i rekreacja,2025-01-01,0,213.12
SKU-0085,Plecak trekkingowy Compact,Sport i rekreacja,2025-02-01,0,214.11
SKU-0085,Plecak trekkingowy Compact,Sport i rekreacja,2025-03-01,0,223.9
SKU-0085,Plecak trekkingowy Compact,Sport i rekreacja,2025-04-01,5,224.28
SKU-0085,Plecak trekkingowy Compact,Sport i rekreacja,2025-05-01,0,229.32
SKU-0085,Plecak trekkingowy Compact,Sport i rekreacja,2025-06-01,0,210.91
SKU-0085,Plecak trekkingowy Compact,Sport i rekreacja,2025-07-01,0,224.55
SKU-0085,Plecak trekkingowy Compact,Sport i rekreacja,2025-08-01,20,221.4
SKU-0085,Plecak trekkingowy Compact,Sport i rekreacja,2025-09-01,10,208.56
SKU-0085,Plecak trekkingowy Compact,Sport i rekreacja,2025-10-01,0,208.88
SKU-0085,Plecak trekkingowy Compact,Sport i rekreacja,2025-11-01,0,223.14
SKU-0085,Plecak trekkingowy Compact,Sport i rekreacja,2025-12-01,22,214.88
SKU-0085,Plecak trekkingowy Compact,Sport i rekreacja,2026-01-01,0,228.59
SKU-0085,Plecak trekkingowy Compact,Sport i rekreacja,2026-02-01,5,224.99
SKU-0085,Plecak trekkingowy Compact,Sport i rekreacja,2026-03-01,0,214.06
SKU-0085,Plecak trekkingowy Compact,Sport i rekreacja,2026-04-01,9,211.37
SKU-0085,Plecak trekkingowy Compact,Sport i rekreacja,2026-05-01,0,228.91
SKU-0085,Plecak trekkingowy Compact,Sport i rekreacja,2026-06-01,7,224.83
SKU-0085,Plecak trekkingowy Compact,Sport i rekreacja,2026-07-01,12,212.11
SKU-0086,Zeszyt A5 Advanced,Artykuły biurowe,2024-08-01,0,33.95
SKU-0086,Zeszyt A5 Advanced,Artykuły biurowe,2024-09-01,13,34.1
SKU-0086,Zeszyt A5 Advanced,Artykuły biurowe,2024-10-01,10,34.61
SKU-0086,Zeszyt A5 Advanced,Artykuły biurowe,2024-11-01,10,33.85
SKU-0086,Zeszyt A5 Advanced,Artykuły biurowe,2024-12-01,14,35.14
SKU-0086,Zeszyt A5 Advanced,Artykuły biurowe,2025-01-01,0,33.23
SKU-0086,Zeszyt A5 Advanced,Artykuły biurowe,2025-02-01,0,34.28
SKU-0086,Zeszyt A5 Advanced,Artykuły biurowe,2025-03-01,0,33.41
SKU-0086,Zeszyt A5 Advanced,Artykuły biurowe,2025-04-01,23,34.72
SKU-0086,Zeszyt A5 Advanced,Artykuły biurowe,2025-05-01,9,35.69
SKU-0086,Zeszyt A5 Advanced,Artykuły biurowe,2025-06-01,0,34.82
SKU-0086,Zeszyt A5 Advanced,Artykuły biurowe,2025-07-01,7,35.21
SKU-0086,Zeszyt A5 Advanced,Artykuły biurowe,2025-08-01,8,34.33
SKU-0086,Zeszyt A5 Advanced,Artykuły biurowe,2025-09-01,0,35.34
SKU-0086,Zeszyt A5 Advanced,Artykuły biurowe,2025-10-01,13,34.89
SKU-0086,Zeszyt A5 Advanced,Artykuły biurowe,2025-11-01,5,34.08
SKU-0086,Zeszyt A5 Advanced,Artykuły biurowe,2025-12-01,0,35.08
SKU-0086,Zeszyt A5 Advanced,Artykuły biurowe,2026-01-01,1,33.19
SKU-0086,Zeszyt A5 Advanced,Artykuły biurowe,2026-02-01,21,34.35
SKU-0086,Zeszyt A5 Advanced,Artykuły biurowe,2026-03-01,9,34.77
SKU-0086,Zeszyt A5 Advanced,Artykuły biurowe,2026-04-01,0,35.92
SKU-0086,Zeszyt A5 Advanced,Artykuły biurowe,2026-05-01,0,32.56
SKU-0086,Zeszyt A5 Advanced,Artykuły biurowe,2026-06-01,4,35.28
SKU-0086,Zeszyt A5 Advanced,Artykuły biurowe,2026-07-01,6,35.9
SKU-0087,Puzzle 1000 elementów,Zabawki,2024-08-01,3,119.75
SKU-0087,Puzzle 1000 elementów,Zabawki,2024-09-01,2,119.28
SKU-0087,Puzzle 1000 elementów,Zabawki,2024-10-01,1,126.6
SKU-0087,Puzzle 1000 elementów,Zabawki,2024-11-01,1,121.77
SKU-0087,Puzzle 1000 elementów,Zabawki,2024-12-01,0,121.61
SKU-0087,Puzzle 1000 elementów,Zabawki,2025-01-01,0,116.71
SKU-0087,Puzzle 1000 elementów,Zabawki,2025-02-01,1,124.58
SKU-0087,Puzzle 1000 elementów,Zabawki,2025-03-01,1,114.9
SKU-0087,Puzzle 1000 elementów,Zabawki,2025-04-01,1,116.95
SKU-0087,Puzzle 1000 elementów,Zabawki,2025-05-01,2,121.08
SKU-0087,Puzzle 1000 elementów,Zabawki,2025-06-01,2,115.91
SKU-0087,Puzzle 1000 elementów,Zabawki,2025-07-01,2,119.34
SKU-0087,Puzzle 1000 elementów,Zabawki,2025-08-01,2,121.67
SKU-0087,Puzzle 1000 elementów,Zabawki,2025-09-01,2,126.15
SKU-0087,Puzzle 1000 elementów,Zabawki,2025-10-01,1,124.55
SKU-0087,Puzzle 1000 elementów,Zabawki,2025-11-01,1,118.41
SKU-0087,Puzzle 1000 elementów,Zabawki,2025-12-01,0,123.53
SKU-0087,Puzzle 1000 elementów,Zabawki,2026-01-01,0,116.05
SKU-0087,Puzzle 1000 elementów,Zabawki,2026-02-01,1,115.34
SKU-0087,Puzzle 1000 elementów,Zabawki,2026-03-01,1,119.34
SKU-0087,Puzzle 1000 elementów,Zabawki,2026-04-01,2,119.57
SKU-0087,Puzzle 1000 elementów,Zabawki,2026-05-01,2,114.84
SKU-0087,Puzzle 1000 elementów,Zabawki,2026-06-01,3,122.17
SKU-0087,Puzzle 1000 elementów,Zabawki,2026-07-01,2,126.18
SKU-0088,Słuchawki bezprzewodowe Compact,Elektronika,2024-08-01,15,276.64
SKU-0088,Słuchawki bezprzewodowe Compact,Elektronika,2024-09-01,8,288.78
SKU-0088,Słuchawki bezprzewodowe Compact,Elektronika,2024-10-01,4,267.11
SKU-0088,Słuchawki bezprzewodowe Compact,Elektronika,2024-11-01,3,292.39
SKU-0088,Słuchawki bezprzewodowe Compact,Elektronika,2024-12-01,5,283.41
SKU-0088,Słuchawki bezprzewodowe Compact,Elektronika,2025-01-01,12,285.42
SKU-0088,Słuchawki bezprzewodowe Compact,Elektronika,2025-02-01,18,272.07
SKU-0088,Słuchawki bezprzewodowe Compact,Elektronika,2025-03-01,26,276.81
SKU-0088,Słuchawki bezprzewodowe Compact,Elektronika,2025-04-01,52,271.55
SKU-0088,Słuchawki bezprzewodowe Compact,Elektronika,2025-05-01,40,274.29
SKU-0088,Słuchawki bezprzewodowe Compact,Elektronika,2025-06-01,42,271.07
SKU-0088,Słuchawki bezprzewodowe Compact,Elektronika,2025-07-01,33,280.45
SKU-0088,Słuchawki bezprzewodowe Compact,Elektronika,2025-08-01,30,280.3
SKU-0088,Słuchawki bezprzewodowe Compact,Elektronika,2025-09-01,8,267.61
SKU-0088,Słuchawki bezprzewodowe Compact,Elektronika,2025-10-01,4,291.74
SKU-0088,Słuchawki bezprzewodowe Compact,Elektronika,2025-11-01,3,266.24
SKU-0088,Słuchawki bezprzewodowe Compact,Elektronika,2025-12-01,5,287.67
SKU-0088,Słuchawki bezprzewodowe Compact,Elektronika,2026-01-01,14,282.22
SKU-0088,Słuchawki bezprzewodowe Compact,Elektronika,2026-02-01,32,289.89
SKU-0088,Słuchawki bezprzewodowe Compact,Elektronika,2026-03-01,24,280.1
SKU-0088,Słuchawki bezprzewodowe Compact,Elektronika,2026-04-01,33,287.27
SKU-0088,Słuchawki bezprzewodowe Compact,Elektronika,2026-05-01,36,273.61
SKU-0088,Słuchawki bezprzewodowe Compact,Elektronika,2026-06-01,52,288.44
SKU-0088,Słuchawki bezprzewodowe Compact,Elektronika,2026-07-01,32,290.92
SKU-0089,Spodnie jeansowe Compact,Odzież,2024-08-01,28,117.35
SKU-0089,Spodnie jeansowe Compact,Odzież,2024-09-01,43,120.62
SKU-0089,Spodnie jeansowe Compact,Odzież,2024-10-01,66,121.06
SKU-0089,Spodnie jeansowe Compact,Odzież,2024-11-01,55,122.44
SKU-0089,Spodnie jeansowe Compact,Odzież,2024-12-01,55,117.34
SKU-0089,Spodnie jeansowe Compact,Odzież,2025-01-01,48,113.54
SKU-0089,Spodnie jeansowe Compact,Odzież,2025-02-01,31,113.71
SKU-0089,Spodnie jeansowe Compact,Odzież,2025-03-01,21,113.47
SKU-0089,Spodnie jeansowe Compact,Odzież,2025-04-01,15,124.03
SKU-0089,Spodnie jeansowe Compact,Odzież,2025-05-01,18,121.4
SKU-0089,Spodnie jeansowe Compact,Odzież,2025-06-01,16,116.85
SKU-0089,Spodnie jeansowe Compact,Odzież,2025-07-01,40,114.56
SKU-0089,Spodnie jeansowe Compact,Odzież,2025-08-01,46,120.76
SKU-0089,Spodnie jeansowe Compact,Odzież,2025-09-01,38,113.38
SKU-0089,Spodnie jeansowe Compact,Odzież,2025-10-01,60,118.26
SKU-0089,Spodnie jeansowe Compact,Odzież,2025-11-01,81,119.07
SKU-0089,Spodnie jeansowe Compact,Odzież,2025-12-01,77,117.15
SKU-0089,Spodnie jeansowe Compact,Odzież,2026-01-01,47,113.82
SKU-0089,Spodnie jeansowe Compact,Odzież,2026-02-01,27,121.18
SKU-0089,Spodnie jeansowe Compact,Odzież,2026-03-01,29,122.35
SKU-0089,Spodnie jeansowe Compact,Odzież,2026-04-01,24,123.01
SKU-0089,Spodnie jeansowe Compact,Odzież,2026-05-01,19,117.0
SKU-0089,Spodnie jeansowe Compact,Odzież,2026-06-01,24,125.05
SKU-0089,Spodnie jeansowe Compact,Odzież,2026-07-01,26,120.02
SKU-0090,Piłka do piłki nożnej Eco,Sport i rekreacja,2024-08-01,0,321.32
SKU-0090,Piłka do piłki nożnej Eco,Sport i rekreacja,2024-09-01,32,315.1
SKU-0090,Piłka do piłki nożnej Eco,Sport i rekreacja,2024-10-01,0,306.99
SKU-0090,Piłka do piłki nożnej Eco,Sport i rekreacja,2024-11-01,18,328.78
SKU-0090,Piłka do piłki nożnej Eco,Sport i rekreacja,2024-12-01,8,324.77
SKU-0090,Piłka do piłki nożnej Eco,Sport i rekreacja,2025-01-01,0,307.21
SKU-0090,Piłka do piłki nożnej Eco,Sport i rekreacja,2025-02-01,10,312.59
SKU-0090,Piłka do piłki nożnej Eco,Sport i rekreacja,2025-03-01,11,308.94
SKU-0090,Piłka do piłki nożnej Eco,Sport i rekreacja,2025-04-01,9,307.19
SKU-0090,Piłka do piłki nożnej Eco,Sport i rekreacja,2025-05-01,0,303.0
SKU-0090,Piłka do piłki nożnej Eco,Sport i rekreacja,2025-06-01,0,307.32
SKU-0090,Piłka do piłki nożnej Eco,Sport i rekreacja,2025-07-01,0,321.33
SKU-0090,Piłka do piłki nożnej Eco,Sport i rekreacja,2025-08-01,0,309.79
SKU-0090,Piłka do piłki nożnej Eco,Sport i rekreacja,2025-09-01,9,324.69
SKU-0090,Piłka do piłki nożnej Eco,Sport i rekreacja,2025-10-01,21,323.53
SKU-0090,Piłka do piłki nożnej Eco,Sport i rekreacja,2025-11-01,10,309.24
SKU-0090,Piłka do piłki nożnej Eco,Sport i rekreacja,2025-12-01,0,302.32
SKU-0090,Piłka do piłki nożnej Eco,Sport i rekreacja,2026-01-01,0,322.49
SKU-0090,Piłka do piłki nożnej Eco,Sport i rekreacja,2026-02-01,0,316.77
SKU-0090,Piłka do piłki nożnej Eco,Sport i rekreacja,2026-03-01,19,314.5
SKU-0090,Piłka do piłki nożnej Eco,Sport i rekreacja,2026-04-01,15,318.36
SKU-0090,Piłka do piłki nożnej Eco,Sport i rekreacja,2026-05-01,11,314.3
SKU-0090,Piłka do piłki nożnej Eco,Sport i rekreacja,2026-06-01,0,303.55
SKU-0090,Piłka do piłki nożnej Eco,Sport i rekreacja,2026-07-01,12,315.11
SKU-0091,Balsam do ciała Eco,Kosmetyki,2024-08-01,2,48.85
SKU-0091,Balsam do ciała Eco,Kosmetyki,2024-09-01,1,47.82
SKU-0091,Balsam do ciała Eco,Kosmetyki,2024-10-01,0,45.5
SKU-0091,Balsam do ciała Eco,Kosmetyki,2024-11-01,0,46.54
SKU-0091,Balsam do ciała Eco,Kosmetyki,2024-12-01,0,45.57
SKU-0091,Balsam do ciała Eco,Kosmetyki,2025-01-01,0,46.05
SKU-0091,Balsam do ciała Eco,Kosmetyki,2025-02-01,0,48.35
SKU-0091,Balsam do ciała Eco,Kosmetyki,2025-03-01,1,47.13
SKU-0091,Balsam do ciała Eco,Kosmetyki,2025-04-01,1,47.25
SKU-0091,Balsam do ciała Eco,Kosmetyki,2025-05-01,1,49.04
SKU-0091,Balsam do ciała Eco,Kosmetyki,2025-06-01,2,46.33
SKU-0091,Balsam do ciała Eco,Kosmetyki,2025-07-01,2,49.11
SKU-0091,Balsam do ciała Eco,Kosmetyki,2025-08-01,2,46.01
SKU-0091,Balsam do ciała Eco,Kosmetyki,2025-09-01,2,45.72
SKU-0091,Balsam do ciała Eco,Kosmetyki,2025-10-01,1,45.88
SKU-0091,Balsam do ciała Eco,Kosmetyki,2025-11-01,0,45.7
SKU-0091,Balsam do ciała Eco,Kosmetyki,2025-12-01,0,46.47
SKU-0091,Balsam do ciała Eco,Kosmetyki,2026-01-01,0,47.6
SKU-0091,Balsam do ciała Eco,Kosmetyki,2026-02-01,0,46.4
SKU-0091,Balsam do ciała Eco,Kosmetyki,2026-03-01,1,45.34
SKU-0091,Balsam do ciała Eco,Kosmetyki,2026-04-01,1,46.14
SKU-0091,Balsam do ciała Eco,Kosmetyki,2026-05-01,2,47.49
SKU-0091,Balsam do ciała Eco,Kosmetyki,2026-06-01,2,46.14
SKU-0091,Balsam do ciała Eco,Kosmetyki,2026-07-01,2,46.47
SKU-0092,Nawóz uniwersalny Advanced,Ogród,2024-08-01,22,477.26
SKU-0092,Nawóz uniwersalny Advanced,Ogród,2024-09-01,54,465.52
SKU-0092,Nawóz uniwersalny Advanced,Ogród,2024-10-01,63,459.9
SKU-0092,Nawóz uniwersalny Advanced,Ogród,2024-11-01,110,464.83
SKU-0092,Nawóz uniwersalny Advanced,Ogród,2024-12-01,122,450.71
SKU-0092,Nawóz uniwersalny Advanced,Ogród,2025-01-01,104,461.74
SKU-0092,Nawóz uniwersalny Advanced,Ogród,2025-02-01,104,450.33
SKU-0092,Nawóz uniwersalny Advanced,Ogród,2025-03-01,76,473.51
SKU-0092,Nawóz uniwersalny Advanced,Ogród,2025-04-01,71,494.38
SKU-0092,Nawóz uniwersalny Advanced,Ogród,2025-05-01,40,451.76
SKU-0092,Nawóz uniwersalny Advanced,Ogród,2025-06-01,9,471.14
SKU-0092,Nawóz uniwersalny Advanced,Ogród,2025-07-01,12,470.24
SKU-0092,Nawóz uniwersalny Advanced,Ogród,2025-08-01,27,489.07
SKU-0092,Nawóz uniwersalny Advanced,Ogród,2025-09-01,62,470.15
SKU-0092,Nawóz uniwersalny Advanced,Ogród,2025-10-01,55,489.01
SKU-0092,Nawóz uniwersalny Advanced,Ogród,2025-11-01,86,454.89
SKU-0092,Nawóz uniwersalny Advanced,Ogród,2025-12-01,111,456.57
SKU-0092,Nawóz uniwersalny Advanced,Ogród,2026-01-01,135,450.11
SKU-0092,Nawóz uniwersalny Advanced,Ogród,2026-02-01,156,496.08
SKU-0092,Nawóz uniwersalny Advanced,Ogród,2026-03-01,77,466.77
SKU-0092,Nawóz uniwersalny Advanced,Ogród,2026-04-01,81,460.93
SKU-0092,Nawóz uniwersalny Advanced,Ogród,2026-05-01,31,464.42
SKU-0092,Nawóz uniwersalny Advanced,Ogród,2026-06-01,21,460.35
SKU-0092,Nawóz uniwersalny Advanced,Ogród,2026-07-01,23,458.8
SKU-0093,Biurko komputerowe Eco,Meble,2024-08-01,8,233.18
SKU-0093,Biurko komputerowe Eco,Meble,2024-09-01,9,238.41
SKU-0093,Biurko komputerowe Eco,Meble,2024-10-01,8,253.83
SKU-0093,Biurko komputerowe Eco,Meble,2024-11-01,9,246.68
SKU-0093,Biurko komputerowe Eco,Meble,2024-12-01,10,251.73
SKU-0093,Biurko komputerowe Eco,Meble,2025-01-01,9,242.69
SKU-0093,Biurko komputerowe Eco,Meble,2025-02-01,10,246.33
SKU-0093,Biurko komputerowe Eco,Meble,2025-03-01,9,249.73
SKU-0093,Biurko komputerowe Eco,Meble,2025-04-01,9,255.18
SKU-0093,Biurko komputerowe Eco,Meble,2025-05-01,9,244.42
SKU-0093,Biurko komputerowe Eco,Meble,2025-06-01,10,252.58
SKU-0093,Biurko komputerowe Eco,Meble,2025-07-01,9,234.25
SKU-0093,Biurko komputerowe Eco,Meble,2025-08-01,9,247.99
SKU-0093,Biurko komputerowe Eco,Meble,2025-09-01,11,254.21
SKU-0093,Biurko komputerowe Eco,Meble,2025-10-01,10,247.32
SKU-0093,Biurko komputerowe Eco,Meble,2025-11-01,11,254.62
SKU-0093,Biurko komputerowe Eco,Meble,2025-12-01,8,244.56
SKU-0093,Biurko komputerowe Eco,Meble,2026-01-01,10,245.04
SKU-0093,Biurko komputerowe Eco,Meble,2026-02-01,10,249.81
SKU-0093,Biurko komputerowe Eco,Meble,2026-03-01,10,253.58
SKU-0093,Biurko komputerowe Eco,Meble,2026-04-01,9,256.36
SKU-0093,Biurko komputerowe Eco,Meble,2026-05-01,9,254.34
SKU-0093,Biurko komputerowe Eco,Meble,2026-06-01,9,245.83
SKU-0093,Biurko komputerowe Eco,Meble,2026-07-01,10,250.73
SKU-0094,Zszywacz biurowy Mini,Artykuły biurowe,2024-08-01,47,21.05
SKU-0094,Zszywacz biurowy Mini,Artykuły biurowe,2024-09-01,39,20.6
SKU-0094,Zszywacz biurowy Mini,Artykuły biurowe,2024-10-01,37,20.34
SKU-0094,Zszywacz biurowy Mini,Artykuły biurowe,2024-11-01,35,21.26
SKU-0094,Zszywacz biurowy Mini,Artykuły biurowe,2024-12-01,26,21.67
SKU-0094,Zszywacz biurowy Mini,Artykuły biurowe,2025-01-01,27,20.62
SKU-0094,Zszywacz biurowy Mini,Artykuły biurowe,2025-02-01,16,21.19
SKU-0094,Zszywacz biurowy Mini,Artykuły biurowe,2025-03-01,12,20.96
SKU-0094,Zszywacz biurowy Mini,Artykuły biurowe,2025-04-01,6,21.79
SKU-0094,Zszywacz biurowy Mini,Artykuły biurowe,2025-05-01,13,21.78
SKU-0094,Zszywacz biurowy Mini,Artykuły biurowe,2025-06-01,14,20.78
SKU-0094,Zszywacz biurowy Mini,Artykuły biurowe,2025-07-01,33,21.07
SKU-0094,Zszywacz biurowy Mini,Artykuły biurowe,2025-08-01,18,21.62
SKU-0094,Zszywacz biurowy Mini,Artykuły biurowe,2025-09-01,31,22.07
SKU-0094,Zszywacz biurowy Mini,Artykuły biurowe,2025-10-01,45,21.44
SKU-0094,Zszywacz biurowy Mini,Artykuły biurowe,2025-11-01,29,22.11
SKU-0094,Zszywacz biurowy Mini,Artykuły biurowe,2025-12-01,30,20.8
SKU-0094,Zszywacz biurowy Mini,Artykuły biurowe,2026-01-01,30,21.12
SKU-0094,Zszywacz biurowy Mini,Artykuły biurowe,2026-02-01,27,21.94
SKU-0094,Zszywacz biurowy Mini,Artykuły biurowe,2026-03-01,12,20.79
SKU-0094,Zszywacz biurowy Mini,Artykuły biurowe,2026-04-01,5,21.12
SKU-0094,Zszywacz biurowy Mini,Artykuły biurowe,2026-05-01,8,21.81
SKU-0094,Zszywacz biurowy Mini,Artykuły biurowe,2026-06-01,14,20.93
SKU-0094,Zszywacz biurowy Mini,Artykuły biurowe,2026-07-01,22,20.12
SKU-0095,Wycieraczki samochodowe,Motoryzacja,2024-08-01,1,41.52
SKU-0095,Wycieraczki samochodowe,Motoryzacja,2024-09-01,1,39.69
SKU-0095,Wycieraczki samochodowe,Motoryzacja,2024-10-01,0,38.73
SKU-0095,Wycieraczki samochodowe,Motoryzacja,2024-11-01,0,39.25
SKU-0095,Wycieraczki samochodowe,Motoryzacja,2024-12-01,0,41.1
SKU-0095,Wycieraczki samochodowe,Motoryzacja,2025-01-01,1,38.84
SKU-0095,Wycieraczki samochodowe,Motoryzacja,2025-02-01,2,40.45
SKU-0095,Wycieraczki samochodowe,Motoryzacja,2025-03-01,4,40.78
SKU-0095,Wycieraczki samochodowe,Motoryzacja,2025-04-01,3,40.96
SKU-0095,Wycieraczki samochodowe,Motoryzacja,2025-05-01,5,40.5
SKU-0095,Wycieraczki samochodowe,Motoryzacja,2025-06-01,4,40.91
SKU-0095,Wycieraczki samochodowe,Motoryzacja,2025-07-01,6,41.57
SKU-0095,Wycieraczki samochodowe,Motoryzacja,2025-08-01,4,40.45
SKU-0095,Wycieraczki samochodowe,Motoryzacja,2025-09-01,2,41.81
SKU-0095,Wycieraczki samochodowe,Motoryzacja,2025-10-01,1,38.82
SKU-0095,Wycieraczki samochodowe,Motoryzacja,2025-11-01,0,41.78
SKU-0095,Wycieraczki samochodowe,Motoryzacja,2025-12-01,0,39.06
SKU-0095,Wycieraczki samochodowe,Motoryzacja,2026-01-01,1,40.64
SKU-0095,Wycieraczki samochodowe,Motoryzacja,2026-02-01,2,41.82
SKU-0095,Wycieraczki samochodowe,Motoryzacja,2026-03-01,3,40.36
SKU-0095,Wycieraczki samochodowe,Motoryzacja,2026-04-01,4,40.33
SKU-0095,Wycieraczki samochodowe,Motoryzacja,2026-05-01,5,41.07
SKU-0095,Wycieraczki samochodowe,Motoryzacja,2026-06-01,5,42.19
SKU-0095,Wycieraczki samochodowe,Motoryzacja,2026-07-01,6,42.65
SKU-0096,Marker permanentny,Artykuły biurowe,2024-08-01,17,12.24
SKU-0096,Marker permanentny,Artykuły biurowe,2024-09-01,17,11.91
SKU-0096,Marker permanentny,Artykuły biurowe,2024-10-01,17,12.4
SKU-0096,Marker permanentny,Artykuły biurowe,2024-11-01,18,11.82
SKU-0096,Marker permanentny,Artykuły biurowe,2024-12-01,17,12.58
SKU-0096,Marker permanentny,Artykuły biurowe,2025-01-01,17,12.05
SKU-0096,Marker permanentny,Artykuły biurowe,2025-02-01,14,12.46
SKU-0096,Marker permanentny,Artykuły biurowe,2025-03-01,17,11.56
SKU-0096,Marker permanentny,Artykuły biurowe,2025-04-01,17,11.7
SKU-0096,Marker permanentny,Artykuły biurowe,2025-05-01,18,12.23
SKU-0096,Marker permanentny,Artykuły biurowe,2025-06-01,20,11.96
SKU-0096,Marker permanentny,Artykuły biurowe,2025-07-01,18,11.64
SKU-0096,Marker permanentny,Artykuły biurowe,2025-08-01,18,11.64
SKU-0096,Marker permanentny,Artykuły biurowe,2025-09-01,17,12.44
SKU-0096,Marker permanentny,Artykuły biurowe,2025-10-01,17,12.29
SKU-0096,Marker permanentny,Artykuły biurowe,2025-11-01,17,11.81
SKU-0096,Marker permanentny,Artykuły biurowe,2025-12-01,17,12.44
SKU-0096,Marker permanentny,Artykuły biurowe,2026-01-01,13,11.6
SKU-0096,Marker permanentny,Artykuły biurowe,2026-02-01,15,12.47
SKU-0096,Marker permanentny,Artykuły biurowe,2026-03-01,15,12.17
SKU-0096,Marker permanentny,Artykuły biurowe,2026-04-01,16,12.02
SKU-0096,Marker permanentny,Artykuły biurowe,2026-05-01,18,12.28
SKU-0096,Marker permanentny,Artykuły biurowe,2026-06-01,16,12.54
SKU-0096,Marker permanentny,Artykuły biurowe,2026-07-01,15,12.3
SKU-0097,Szafka nocna Classic,Meble,2024-08-01,0,289.22
SKU-0097,Szafka nocna Classic,Meble,2024-09-01,0,290.64
SKU-0097,Szafka nocna Classic,Meble,2024-10-01,1,290.34
SKU-0097,Szafka nocna Classic,Meble,2024-11-01,1,279.33
SKU-0097,Szafka nocna Classic,Meble,2024-12-01,2,265.67
SKU-0097,Szafka nocna Classic,Meble,2025-01-01,1,276.7
SKU-0097,Szafka nocna Classic,Meble,2025-02-01,2,271.16
SKU-0097,Szafka nocna Classic,Meble,2025-03-01,2,267.1
SKU-0097,Szafka nocna Classic,Meble,2025-04-01,2,269.39
SKU-0097,Szafka nocna Classic,Meble,2025-05-01,2,285.81
SKU-0097,Szafka nocna Classic,Meble,2025-06-01,1,272.28
SKU-0097,Szafka nocna Classic,Meble,2025-07-01,1,290.89
SKU-0097,Szafka nocna Classic,Meble,2025-08-01,0,272.63
SKU-0097,Szafka nocna Classic,Meble,2025-09-01,0,266.32
SKU-0097,Szafka nocna Classic,Meble,2025-10-01,0,266.24
SKU-0097,Szafka nocna Classic,Meble,2025-11-01,1,269.71
SKU-0097,Szafka nocna Classic,Meble,2025-12-01,1,277.63
SKU-0097,Szafka nocna Classic,Meble,2026-01-01,2,274.65
SKU-0097,Szafka nocna Classic,Meble,2026-02-01,2,291.66
SKU-0097,Szafka nocna Classic,Meble,2026-03-01,1,280.73
SKU-0097,Szafka nocna Classic,Meble,2026-04-01,2,267.57
SKU-0097,Szafka nocna Classic,Meble,2026-05-01,2,272.33
SKU-0097,Szafka nocna Classic,Meble,2026-06-01,1,271.08
SKU-0097,Szafka nocna Classic,Meble,2026-07-01,1,270.77
SKU-0098,Głośnik Bluetooth Eco,Elektronika,2024-08-01,5,322.35
SKU-0098,Głośnik Bluetooth Eco,Elektronika,2024-09-01,6,324.34
SKU-0098,Głośnik Bluetooth Eco,Elektronika,2024-10-01,9,337.26
SKU-0098,Głośnik Bluetooth Eco,Elektronika,2024-11-01,8,329.38
SKU-0098,Głośnik Bluetooth Eco,Elektronika,2024-12-01,9,325.34
SKU-0098,Głośnik Bluetooth Eco,Elektronika,2025-01-01,10,315.85
SKU-0098,Głośnik Bluetooth Eco,Elektronika,2025-02-01,12,326.65
SKU-0098,Głośnik Bluetooth Eco,Elektronika,2025-03-01,8,328.37
SKU-0098,Głośnik Bluetooth Eco,Elektronika,2025-04-01,6,329.24
SKU-0098,Głośnik Bluetooth Eco,Elektronika,2025-05-01,5,330.71
SKU-0098,Głośnik Bluetooth Eco,Elektronika,2025-06-01,4,333.94
SKU-0098,Głośnik Bluetooth Eco,Elektronika,2025-07-01,3,332.62
SKU-0098,Głośnik Bluetooth Eco,Elektronika,2025-08-01,5,316.88
SKU-0098,Głośnik Bluetooth Eco,Elektronika,2025-09-01,7,330.04
SKU-0098,Głośnik Bluetooth Eco,Elektronika,2025-10-01,6,328.95
SKU-0098,Głośnik Bluetooth Eco,Elektronika,2025-11-01,15,332.24
SKU-0098,Głośnik Bluetooth Eco,Elektronika,2025-12-01,10,309.68
SKU-0098,Głośnik Bluetooth Eco,Elektronika,2026-01-01,13,333.89
SKU-0098,Głośnik Bluetooth Eco,Elektronika,2026-02-01,11,325.86
SKU-0098,Głośnik Bluetooth Eco,Elektronika,2026-03-01,12,332.52
SKU-0098,Głośnik Bluetooth Eco,Elektronika,2026-04-01,8,309.78
SKU-0098,Głośnik Bluetooth Eco,Elektronika,2026-05-01,6,320.71
SKU-0098,Głośnik Bluetooth Eco,Elektronika,2026-06-01,4,313.75
SKU-0098,Głośnik Bluetooth Eco,Elektronika,2026-07-01,6,320.6
SKU-0099,Sweter wełniany Mini,Odzież,2024-08-01,0,29.74
SKU-0099,Sweter wełniany Mini,Odzież,2024-09-01,8,32.04
SKU-0099,Sweter wełniany Mini,Odzież,2024-10-01,12,31.29
SKU-0099,Sweter wełniany Mini,Odzież,2024-11-01,0,31.79
SKU-0099,Sweter wełniany Mini,Odzież,2024-12-01,38,31.61
SKU-0099,Sweter wełniany Mini,Odzież,2025-01-01,0,30.77
SKU-0099,Sweter wełniany Mini,Odzież,2025-02-01,12,29.84
SKU-0099,Sweter wełniany Mini,Odzież,2025-03-01,23,31.01
SKU-0099,Sweter wełniany Mini,Odzież,2025-04-01,0,29.82
SKU-0099,Sweter wełniany Mini,Odzież,2025-05-01,48,30.23
SKU-0099,Sweter wełniany Mini,Odzież,2025-06-01,39,32.2
SKU-0099,Sweter wełniany Mini,Odzież,2025-07-01,31,30.91
SKU-0099,Sweter wełniany Mini,Odzież,2025-08-01,30,30.34
SKU-0099,Sweter wełniany Mini,Odzież,2025-09-01,0,32.09
SKU-0099,Sweter wełniany Mini,Odzież,2025-10-01,51,29.61
SKU-0099,Sweter wełniany Mini,Odzież,2025-11-01,33,30.6
SKU-0099,Sweter wełniany Mini,Odzież,2025-12-01,0,31.17
SKU-0099,Sweter wełniany Mini,Odzież,2026-01-01,34,29.86
SKU-0099,Sweter wełniany Mini,Odzież,2026-02-01,30,30.49
SKU-0099,Sweter wełniany Mini,Odzież,2026-03-01,0,31.01
SKU-0099,Sweter wełniany Mini,Odzież,2026-04-01,0,31.37
SKU-0099,Sweter wełniany Mini,Odzież,2026-05-01,35,30.31
SKU-0099,Sweter wełniany Mini,Odzież,2026-06-01,24,31.13
SKU-0099,Sweter wełniany Mini,Odzież,2026-07-01,0,32.33
SKU-0100,Buty trekkingowe Advanced,Obuwie,2024-08-01,4,192.11
SKU-0100,Buty trekkingowe Advanced,Obuwie,2024-09-01,3,193.9
SKU-0100,Buty trekkingowe Advanced,Obuwie,2024-10-01,2,182.21
SKU-0100,Buty trekkingowe Advanced,Obuwie,2024-11-01,1,182.44
SKU-0100,Buty trekkingowe Advanced,Obuwie,2024-12-01,1,183.6
SKU-0100,Buty trekkingowe Advanced,Obuwie,2025-01-01,3,184.8
SKU-0100,Buty trekkingowe Advanced,Obuwie,2025-02-01,3,191.89
SKU-0100,Buty trekkingowe Advanced,Obuwie,2025-03-01,4,193.17
SKU-0100,Buty trekkingowe Advanced,Obuwie,2025-04-01,5,188.57
SKU-0100,Buty trekkingowe Advanced,Obuwie,2025-05-01,10,185.06
SKU-0100,Buty trekkingowe Advanced,Obuwie,2025-06-01,8,182.15
SKU-0100,Buty trekkingowe Advanced,Obuwie,2025-07-01,7,190.11
SKU-0100,Buty trekkingowe Advanced,Obuwie,2025-08-01,4,192.01
SKU-0100,Buty trekkingowe Advanced,Obuwie,2025-09-01,4,181.17
SKU-0100,Buty trekkingowe Advanced,Obuwie,2025-10-01,2,188.68
SKU-0100,Buty trekkingowe Advanced,Obuwie,2025-11-01,2,197.29
SKU-0100,Buty trekkingowe Advanced,Obuwie,2025-12-01,2,195.43
SKU-0100,Buty trekkingowe Advanced,Obuwie,2026-01-01,3,184.34
SKU-0100,Buty trekkingowe Advanced,Obuwie,2026-02-01,5,186.78
SKU-0100,Buty trekkingowe Advanced,Obuwie,2026-03-01,7,193.63
SKU-0100,Buty trekkingowe Advanced,Obuwie,2026-04-01,8,182.23
SKU-0100,Buty trekkingowe Advanced,Obuwie,2026-05-01,7,197.02
SKU-0100,Buty trekkingowe Advanced,Obuwie,2026-06-01,11,196.91
SKU-0100,Buty trekkingowe Advanced,Obuwie,2026-07-01,6,190.65
SKU-0101,Namiot turystyczny XL,Sport i rekreacja,2024-08-01,0,36.35
SKU-0101,Namiot turystyczny XL,Sport i rekreacja,2024-09-01,0,37.9
SKU-0101,Namiot turystyczny XL,Sport i rekreacja,2024-10-01,5,39.29
SKU-0101,Namiot turystyczny XL,Sport i rekreacja,2024-11-01,0,38.24
SKU-0101,Namiot turystyczny XL,Sport i rekreacja,2024-12-01,16,38.5
SKU-0101,Namiot turystyczny XL,Sport i rekreacja,2025-01-01,52,37.87
SKU-0101,Namiot turystyczny XL,Sport i rekreacja,2025-02-01,43,37.07
SKU-0101,Namiot turystyczny XL,Sport i rekreacja,2025-03-01,0,36.53
SKU-0101,Namiot turystyczny XL,Sport i rekreacja,2025-04-01,41,38.04
SKU-0101,Namiot turystyczny XL,Sport i rekreacja,2025-05-01,50,37.54
SKU-0101,Namiot turystyczny XL,Sport i rekreacja,2025-06-01,23,38.36
SKU-0101,Namiot turystyczny XL,Sport i rekreacja,2025-07-01,0,37.85
SKU-0101,Namiot turystyczny XL,Sport i rekreacja,2025-08-01,5,36.91
SKU-0101,Namiot turystyczny XL,Sport i rekreacja,2025-09-01,0,39.3
SKU-0101,Namiot turystyczny XL,Sport i rekreacja,2025-10-01,30,37.07
SKU-0101,Namiot turystyczny XL,Sport i rekreacja,2025-11-01,23,38.27
SKU-0101,Namiot turystyczny XL,Sport i rekreacja,2025-12-01,27,39.31
SKU-0101,Namiot turystyczny XL,Sport i rekreacja,2026-01-01,25,35.89
SKU-0101,Namiot turystyczny XL,Sport i rekreacja,2026-02-01,25,37.86
SKU-0101,Namiot turystyczny XL,Sport i rekreacja,2026-03-01,0,37.49
SKU-0101,Namiot turystyczny XL,Sport i rekreacja,2026-04-01,62,39.28
SKU-0101,Namiot turystyczny XL,Sport i rekreacja,2026-05-01,17,36.69
SKU-0101,Namiot turystyczny XL,Sport i rekreacja,2026-06-01,61,38.41
SKU-0101,Namiot turystyczny XL,Sport i rekreacja,2026-07-01,36,38.41
SKU-0102,Kamera sportowa Plus,RTV,2024-08-01,4,945.14
SKU-0102,Kamera sportowa Plus,RTV,2024-09-01,3,941.87
SKU-0102,Kamera sportowa Plus,RTV,2024-10-01,4,962.69
SKU-0102,Kamera sportowa Plus,RTV,2024-11-01,3,1020.45
SKU-0102,Kamera sportowa Plus,RTV,2024-12-01,2,937.52
SKU-0102,Kamera sportowa Plus,RTV,2025-01-01,1,1008.32
SKU-0102,Kamera sportowa Plus,RTV,2025-02-01,1,980.87
SKU-0102,Kamera sportowa Plus,RTV,2025-03-01,1,1017.95
SKU-0102,Kamera sportowa Plus,RTV,2025-04-01,2,980.75
SKU-0102,Kamera sportowa Plus,RTV,2025-05-01,3,955.6
SKU-0102,Kamera sportowa Plus,RTV,2025-06-01,4,961.04
SKU-0102,Kamera sportowa Plus,RTV,2025-07-01,4,989.25
SKU-0102,Kamera sportowa Plus,RTV,2025-08-01,3,983.58
SKU-0102,Kamera sportowa Plus,RTV,2025-09-01,5,992.05
SKU-0102,Kamera sportowa Plus,RTV,2025-10-01,3,959.58
SKU-0102,Kamera sportowa Plus,RTV,2025-11-01,2,1009.61
SKU-0102,Kamera sportowa Plus,RTV,2025-12-01,2,964.24
SKU-0102,Kamera sportowa Plus,RTV,2026-01-01,1,939.0
SKU-0102,Kamera sportowa Plus,RTV,2026-02-01,1,992.94
SKU-0102,Kamera sportowa Plus,RTV,2026-03-01,2,949.31
SKU-0102,Kamera sportowa Plus,RTV,2026-04-01,2,1014.53
SKU-0102,Kamera sportowa Plus,RTV,2026-05-01,3,980.53
SKU-0102,Kamera sportowa Plus,RTV,2026-06-01,3,948.85
SKU-0102,Kamera sportowa Plus,RTV,2026-07-01,5,990.83
SKU-0103,Zestaw kluczy nasadowych Premium,Narzędzia,2024-08-01,1,39.9
SKU-0103,Zestaw kluczy nasadowych Premium,Narzędzia,2024-09-01,3,37.73
SKU-0103,Zestaw kluczy nasadowych Premium,Narzędzia,2024-10-01,3,37.25
SKU-0103,Zestaw kluczy nasadowych Premium,Narzędzia,2024-11-01,3,40.09
SKU-0103,Zestaw kluczy nasadowych Premium,Narzędzia,2024-12-01,4,39.21
SKU-0103,Zestaw kluczy nasadowych Premium,Narzędzia,2025-01-01,3,37.96
SKU-0103,Zestaw kluczy nasadowych Premium,Narzędzia,2025-02-01,3,38.22
SKU-0103,Zestaw kluczy nasadowych Premium,Narzędzia,2025-03-01,2,37.82
SKU-0103,Zestaw kluczy nasadowych Premium,Narzędzia,2025-04-01,2,37.87
SKU-0103,Zestaw kluczy nasadowych Premium,Narzędzia,2025-05-01,2,39.56
SKU-0103,Zestaw kluczy nasadowych Premium,Narzędzia,2025-06-01,1,37.43
SKU-0103,Zestaw kluczy nasadowych Premium,Narzędzia,2025-07-01,1,36.95
SKU-0103,Zestaw kluczy nasadowych Premium,Narzędzia,2025-08-01,2,39.3
SKU-0103,Zestaw kluczy nasadowych Premium,Narzędzia,2025-09-01,3,38.76
SKU-0103,Zestaw kluczy nasadowych Premium,Narzędzia,2025-10-01,3,36.74
SKU-0103,Zestaw kluczy nasadowych Premium,Narzędzia,2025-11-01,4,40.11
SKU-0103,Zestaw kluczy nasadowych Premium,Narzędzia,2025-12-01,4,40.44
SKU-0103,Zestaw kluczy nasadowych Premium,Narzędzia,2026-01-01,5,39.19
SKU-0103,Zestaw kluczy nasadowych Premium,Narzędzia,2026-02-01,4,37.21
SKU-0103,Zestaw kluczy nasadowych Premium,Narzędzia,2026-03-01,2,39.02
SKU-0103,Zestaw kluczy nasadowych Premium,Narzędzia,2026-04-01,2,37.88
SKU-0103,Zestaw kluczy nasadowych Premium,Narzędzia,2026-05-01,1,40.25
SKU-0103,Zestaw kluczy nasadowych Premium,Narzędzia,2026-06-01,1,39.53
SKU-0103,Zestaw kluczy nasadowych Premium,Narzędzia,2026-07-01,1,40.15
SKU-0104,Buty sportowe Classic,Obuwie,2024-08-01,0,247.61
SKU-0104,Buty sportowe Classic,Obuwie,2024-09-01,0,255.79
SKU-0104,Buty sportowe Classic,Obuwie,2024-10-01,4,244.23
SKU-0104,Buty sportowe Classic,Obuwie,2024-11-01,5,254.73
SKU-0104,Buty sportowe Classic,Obuwie,2024-12-01,0,248.05
SKU-0104,Buty sportowe Classic,Obuwie,2025-01-01,0,260.92
SKU-0104,Buty sportowe Classic,Obuwie,2025-02-01,0,261.61
SKU-0104,Buty sportowe Classic,Obuwie,2025-03-01,0,249.02
SKU-0104,Buty sportowe Classic,Obuwie,2025-04-01,0,253.72
SKU-0104,Buty sportowe Classic,Obuwie,2025-05-01,0,250.78
SKU-0104,Buty sportowe Classic,Obuwie,2025-06-01,6,244.99
SKU-0104,Buty sportowe Classic,Obuwie,2025-07-01,0,259.9
SKU-0104,Buty sportowe Classic,Obuwie,2025-08-01,0,257.37
SKU-0104,Buty sportowe Classic,Obuwie,2025-09-01,1,246.79
SKU-0104,Buty sportowe Classic,Obuwie,2025-10-01,9,255.98
SKU-0104,Buty sportowe Classic,Obuwie,2025-11-01,4,260.58
SKU-0104,Buty sportowe Classic,Obuwie,2025-12-01,0,247.43
SKU-0104,Buty sportowe Classic,Obuwie,2026-01-01,4,244.87
SKU-0104,Buty sportowe Classic,Obuwie,2026-02-01,1,248.98
SKU-0104,Buty sportowe Classic,Obuwie,2026-03-01,1,260.41
SKU-0104,Buty sportowe Classic,Obuwie,2026-04-01,1,244.62
SKU-0104,Buty sportowe Classic,Obuwie,2026-05-01,0,240.25
SKU-0104,Buty sportowe Classic,Obuwie,2026-06-01,0,245.51
SKU-0104,Buty sportowe Classic,Obuwie,2026-07-01,0,253.13
SKU-0105,Marker permanentny Plus,Artykuły biurowe,2024-08-01,5,35.12
SKU-0105,Marker permanentny Plus,Artykuły biurowe,2024-09-01,5,34.27
SKU-0105,Marker permanentny Plus,Artykuły biurowe,2024-10-01,5,35.47
SKU-0105,Marker permanentny Plus,Artykuły biurowe,2024-11-01,5,36.79
SKU-0105,Marker permanentny Plus,Artykuły biurowe,2024-12-01,4,36.87
SKU-0105,Marker permanentny Plus,Artykuły biurowe,2025-01-01,5,34.28
SKU-0105,Marker permanentny Plus,Artykuły biurowe,2025-02-01,5,35.01
SKU-0105,Marker permanentny Plus,Artykuły biurowe,2025-03-01,5,34.95
SKU-0105,Marker permanentny Plus,Artykuły biurowe,2025-04-01,5,34.42
SKU-0105,Marker permanentny Plus,Artykuły biurowe,2025-05-01,6,34.75
SKU-0105,Marker permanentny Plus,Artykuły biurowe,2025-06-01,6,36.07
SKU-0105,Marker permanentny Plus,Artykuły biurowe,2025-07-01,6,37.67
SKU-0105,Marker permanentny Plus,Artykuły biurowe,2025-08-01,5,37.65
SKU-0105,Marker permanentny Plus,Artykuły biurowe,2025-09-01,7,36.32
SKU-0105,Marker permanentny Plus,Artykuły biurowe,2025-10-01,6,34.65
SKU-0105,Marker permanentny Plus,Artykuły biurowe,2025-11-01,6,34.34
SKU-0105,Marker permanentny Plus,Artykuły biurowe,2025-12-01,6,36.87
SKU-0105,Marker permanentny Plus,Artykuły biurowe,2026-01-01,6,36.28
SKU-0105,Marker permanentny Plus,Artykuły biurowe,2026-02-01,5,35.69
SKU-0105,Marker permanentny Plus,Artykuły biurowe,2026-03-01,6,34.85
SKU-0105,Marker permanentny Plus,Artykuły biurowe,2026-04-01,7,37.67
SKU-0105,Marker permanentny Plus,Artykuły biurowe,2026-05-01,6,34.76
SKU-0105,Marker permanentny Plus,Artykuły biurowe,2026-06-01,7,34.25
SKU-0105,Marker permanentny Plus,Artykuły biurowe,2026-07-01,6,36.39
SKU-0106,Taśma miernicza Mini,Narzędzia,2024-08-01,25,427.6
SKU-0106,Taśma miernicza Mini,Narzędzia,2024-09-01,6,413.96
SKU-0106,Taśma miernicza Mini,Narzędzia,2024-10-01,1,405.02
SKU-0106,Taśma miernicza Mini,Narzędzia,2024-11-01,20,419.68
SKU-0106,Taśma miernicza Mini,Narzędzia,2024-12-01,47,427.58
SKU-0106,Taśma miernicza Mini,Narzędzia,2025-01-01,78,399.69
SKU-0106,Taśma miernicza Mini,Narzędzia,2025-02-01,105,408.23
SKU-0106,Taśma miernicza Mini,Narzędzia,2025-03-01,169,408.92
SKU-0106,Taśma miernicza Mini,Narzędzia,2025-04-01,118,420.76
SKU-0106,Taśma miernicza Mini,Narzędzia,2025-05-01,107,418.02
SKU-0106,Taśma miernicza Mini,Narzędzia,2025-06-01,91,423.31
SKU-0106,Taśma miernicza Mini,Narzędzia,2025-07-01,37,406.46
SKU-0106,Taśma miernicza Mini,Narzędzia,2025-08-01,33,400.18
SKU-0106,Taśma miernicza Mini,Narzędzia,2025-09-01,7,417.99
SKU-0106,Taśma miernicza Mini,Narzędzia,2025-10-01,1,408.33
SKU-0106,Taśma miernicza Mini,Narzędzia,2025-11-01,9,407.05
SKU-0106,Taśma miernicza Mini,Narzędzia,2025-12-01,45,413.61
SKU-0106,Taśma miernicza Mini,Narzędzia,2026-01-01,94,406.12
SKU-0106,Taśma miernicza Mini,Narzędzia,2026-02-01,103,393.82
SKU-0106,Taśma miernicza Mini,Narzędzia,2026-03-01,103,402.3
SKU-0106,Taśma miernicza Mini,Narzędzia,2026-04-01,127,411.52
SKU-0106,Taśma miernicza Mini,Narzędzia,2026-05-01,134,400.44
SKU-0106,Taśma miernicza Mini,Narzędzia,2026-06-01,91,404.74
SKU-0106,Taśma miernicza Mini,Narzędzia,2026-07-01,65,417.41
SKU-0107,Czekolada mleczna XL,Spożywcze,2024-08-01,5,7.88
SKU-0107,Czekolada mleczna XL,Spożywcze,2024-09-01,5,7.75
SKU-0107,Czekolada mleczna XL,Spożywcze,2024-10-01,5,8.11
SKU-0107,Czekolada mleczna XL,Spożywcze,2024-11-01,5,8.0
SKU-0107,Czekolada mleczna XL,Spożywcze,2024-12-01,5,7.74
SKU-0107,Czekolada mleczna XL,Spożywcze,2025-01-01,4,8.04
SKU-0107,Czekolada mleczna XL,Spożywcze,2025-02-01,5,8.06
SKU-0107,Czekolada mleczna XL,Spożywcze,2025-03-01,5,7.87
SKU-0107,Czekolada mleczna XL,Spożywcze,2025-04-01,5,7.47
SKU-0107,Czekolada mleczna XL,Spożywcze,2025-05-01,5,7.63
SKU-0107,Czekolada mleczna XL,Spożywcze,2025-06-01,5,7.65
SKU-0107,Czekolada mleczna XL,Spożywcze,2025-07-01,5,7.42
SKU-0107,Czekolada mleczna XL,Spożywcze,2025-08-01,5,8.06
SKU-0107,Czekolada mleczna XL,Spożywcze,2025-09-01,4,7.56
SKU-0107,Czekolada mleczna XL,Spożywcze,2025-10-01,4,7.96
SKU-0107,Czekolada mleczna XL,Spożywcze,2025-11-01,5,8.04
SKU-0107,Czekolada mleczna XL,Spożywcze,2025-12-01,4,7.84
SKU-0107,Czekolada mleczna XL,Spożywcze,2026-01-01,5,7.7
SKU-0107,Czekolada mleczna XL,Spożywcze,2026-02-01,4,7.77
SKU-0107,Czekolada mleczna XL,Spożywcze,2026-03-01,4,7.62
SKU-0107,Czekolada mleczna XL,Spożywcze,2026-04-01,5,7.82
SKU-0107,Czekolada mleczna XL,Spożywcze,2026-05-01,4,7.7
SKU-0107,Czekolada mleczna XL,Spożywcze,2026-06-01,5,7.66
SKU-0107,Czekolada mleczna XL,Spożywcze,2026-07-01,4,8.04
SKU-0108,Segregator A4 XL,Artykuły biurowe,2024-08-01,4,54.54
SKU-0108,Segregator A4 XL,Artykuły biurowe,2024-09-01,4,53.37
SKU-0108,Segregator A4 XL,Artykuły biurowe,2024-10-01,4,52.07
SKU-0108,Segregator A4 XL,Artykuły biurowe,2024-11-01,4,55.93
SKU-0108,Segregator A4 XL,Artykuły biurowe,2024-12-01,4,55.84
SKU-0108,Segregator A4 XL,Artykuły biurowe,2025-01-01,4,55.04
SKU-0108,Segregator A4 XL,Artykuły biurowe,2025-02-01,5,54.04
SKU-0108,Segregator A4 XL,Artykuły biurowe,2025-03-01,4,55.13
SKU-0108,Segregator A4 XL,Artykuły biurowe,2025-04-01,5,53.6
SKU-0108,Segregator A4 XL,Artykuły biurowe,2025-05-01,6,56.41
SKU-0108,Segregator A4 XL,Artykuły biurowe,2025-06-01,5,55.22
SKU-0108,Segregator A4 XL,Artykuły biurowe,2025-07-01,5,54.98
SKU-0108,Segregator A4 XL,Artykuły biurowe,2025-08-01,6,55.75
SKU-0108,Segregator A4 XL,Artykuły biurowe,2025-09-01,6,55.89
SKU-0108,Segregator A4 XL,Artykuły biurowe,2025-10-01,4,53.64
SKU-0108,Segregator A4 XL,Artykuły biurowe,2025-11-01,5,52.73
SKU-0108,Segregator A4 XL,Artykuły biurowe,2025-12-01,5,55.38
SKU-0108,Segregator A4 XL,Artykuły biurowe,2026-01-01,5,53.71
SKU-0108,Segregator A4 XL,Artykuły biurowe,2026-02-01,5,52.13
SKU-0108,Segregator A4 XL,Artykuły biurowe,2026-03-01,5,56.26
SKU-0108,Segregator A4 XL,Artykuły biurowe,2026-04-01,6,52.66
SKU-0108,Segregator A4 XL,Artykuły biurowe,2026-05-01,6,55.17
SKU-0108,Segregator A4 XL,Artykuły biurowe,2026-06-01,7,51.55
SKU-0108,Segregator A4 XL,Artykuły biurowe,2026-07-01,7,54.98
SKU-0109,Odkurzacz pionowy Premium,AGD,2024-08-01,33,109.32
SKU-0109,Odkurzacz pionowy Premium,AGD,2024-09-01,18,114.93
SKU-0109,Odkurzacz pionowy Premium,AGD,2024-10-01,0,113.36
SKU-0109,Odkurzacz pionowy Premium,AGD,2024-11-01,15,115.38
SKU-0109,Odkurzacz pionowy Premium,AGD,2024-12-01,22,107.9
SKU-0109,Odkurzacz pionowy Premium,AGD,2025-01-01,0,110.34
SKU-0109,Odkurzacz pionowy Premium,AGD,2025-02-01,0,116.86
SKU-0109,Odkurzacz pionowy Premium,AGD,2025-03-01,0,114.81
SKU-0109,Odkurzacz pionowy Premium,AGD,2025-04-01,11,107.6
SKU-0109,Odkurzacz pionowy Premium,AGD,2025-05-01,14,109.1
SKU-0109,Odkurzacz pionowy Premium,AGD,2025-06-01,16,110.71
SKU-0109,Odkurzacz pionowy Premium,AGD,2025-07-01,39,116.2
SKU-0109,Odkurzacz pionowy Premium,AGD,2025-08-01,27,110.29
SKU-0109,Odkurzacz pionowy Premium,AGD,2025-09-01,23,113.0
SKU-0109,Odkurzacz pionowy Premium,AGD,2025-10-01,0,115.2
SKU-0109,Odkurzacz pionowy Premium,AGD,2025-11-01,9,114.16
SKU-0109,Odkurzacz pionowy Premium,AGD,2025-12-01,7,110.54
SKU-0109,Odkurzacz pionowy Premium,AGD,2026-01-01,0,115.13
SKU-0109,Odkurzacz pionowy Premium,AGD,2026-02-01,0,107.99
SKU-0109,Odkurzacz pionowy Premium,AGD,2026-03-01,0,112.83
SKU-0109,Odkurzacz pionowy Premium,AGD,2026-04-01,0,117.19
SKU-0109,Odkurzacz pionowy Premium,AGD,2026-05-01,5,114.91
SKU-0109,Odkurzacz pionowy Premium,AGD,2026-06-01,9,115.34
SKU-0109,Odkurzacz pionowy Premium,AGD,2026-07-01,32,106.28
SKU-0110,Kamera IP Premium,Elektronika,2024-08-01,0,288.65
SKU-0110,Kamera IP Premium,Elektronika,2024-09-01,0,269.63
SKU-0110,Kamera IP Premium,Elektronika,2024-10-01,10,269.58
SKU-0110,Kamera IP Premium,Elektronika,2024-11-01,0,270.1
SKU-0110,Kamera IP Premium,Elektronika,2024-12-01,0,276.4
SKU-0110,Kamera IP Premium,Elektronika,2025-01-01,0,283.76
SKU-0110,Kamera IP Premium,Elektronika,2025-02-01,0,279.36
SKU-0110,Kamera IP Premium,Elektronika,2025-03-01,1,289.27
SKU-0110,Kamera IP Premium,Elektronika,2025-04-01,4,289.25
SKU-0110,Kamera IP Premium,Elektronika,2025-05-01,1,266.02
SKU-0110,Kamera IP Premium,Elektronika,2025-06-01,0,273.12
SKU-0110,Kamera IP Premium,Elektronika,2025-07-01,0,281.17
SKU-0110,Kamera IP Premium,Elektronika,2025-08-01,14,266.79
SKU-0110,Kamera IP Premium,Elektronika,2025-09-01,0,274.87
SKU-0110,Kamera IP Premium,Elektronika,2025-10-01,0,282.82
SKU-0110,Kamera IP Premium,Elektronika,2025-11-01,0,272.17
SKU-0110,Kamera IP Premium,Elektronika,2025-12-01,20,274.92
SKU-0110,Kamera IP Premium,Elektronika,2026-01-01,0,284.2
SKU-0110,Kamera IP Premium,Elektronika,2026-02-01,3,276.71
SKU-0110,Kamera IP Premium,Elektronika,2026-03-01,14,283.19
SKU-0110,Kamera IP Premium,Elektronika,2026-04-01,20,271.65
SKU-0110,Kamera IP Premium,Elektronika,2026-05-01,18,275.68
SKU-0110,Kamera IP Premium,Elektronika,2026-06-01,0,264.72
SKU-0110,Kamera IP Premium,Elektronika,2026-07-01,0,266.7
SKU-0111,Płyn do spryskiwaczy XL,Motoryzacja,2024-08-01,9,189.14
SKU-0111,Płyn do spryskiwaczy XL,Motoryzacja,2024-09-01,7,194.83
SKU-0111,Płyn do spryskiwaczy XL,Motoryzacja,2024-10-01,7,194.86
SKU-0111,Płyn do spryskiwaczy XL,Motoryzacja,2024-11-01,5,187.12
SKU-0111,Płyn do spryskiwaczy XL,Motoryzacja,2024-12-01,2,197.29
SKU-0111,Płyn do spryskiwaczy XL,Motoryzacja,2025-01-01,2,185.96
SKU-0111,Płyn do spryskiwaczy XL,Motoryzacja,2025-02-01,1,190.9
SKU-0111,Płyn do spryskiwaczy XL,Motoryzacja,2025-03-01,1,195.57
SKU-0111,Płyn do spryskiwaczy XL,Motoryzacja,2025-04-01,3,195.88
SKU-0111,Płyn do spryskiwaczy XL,Motoryzacja,2025-05-01,5,199.12
SKU-0111,Płyn do spryskiwaczy XL,Motoryzacja,2025-06-01,6,196.22
SKU-0111,Płyn do spryskiwaczy XL,Motoryzacja,2025-07-01,7,197.44
SKU-0111,Płyn do spryskiwaczy XL,Motoryzacja,2025-08-01,9,194.23
SKU-0111,Płyn do spryskiwaczy XL,Motoryzacja,2025-09-01,7,192.64
SKU-0111,Płyn do spryskiwaczy XL,Motoryzacja,2025-10-01,5,204.28
SKU-0111,Płyn do spryskiwaczy XL,Motoryzacja,2025-11-01,3,187.18
SKU-0111,Płyn do spryskiwaczy XL,Motoryzacja,2025-12-01,2,194.98
SKU-0111,Płyn do spryskiwaczy XL,Motoryzacja,2026-01-01,1,189.26
SKU-0111,Płyn do spryskiwaczy XL,Motoryzacja,2026-02-01,1,197.73
SKU-0111,Płyn do spryskiwaczy XL,Motoryzacja,2026-03-01,2,200.32
SKU-0111,Płyn do spryskiwaczy XL,Motoryzacja,2026-04-01,2,203.17
SKU-0111,Płyn do spryskiwaczy XL,Motoryzacja,2026-05-01,4,185.77
SKU-0111,Płyn do spryskiwaczy XL,Motoryzacja,2026-06-01,6,202.85
SKU-0111,Płyn do spryskiwaczy XL,Motoryzacja,2026-07-01,6,186.89
SKU-0112,Sekator ogrodowy Pro,Ogród,2024-08-01,3,360.03
SKU-0112,Sekator ogrodowy Pro,Ogród,2024-09-01,3,375.7
SKU-0112,Sekator ogrodowy Pro,Ogród,2024-10-01,3,355.95
SKU-0112,Sekator ogrodowy Pro,Ogród,2024-11-01,3,383.9
SKU-0112,Sekator ogrodowy Pro,Ogród,2024-12-01,3,381.8
SKU-0112,Sekator ogrodowy Pro,Ogród,2025-01-01,2,358.07
SKU-0112,Sekator ogrodowy Pro,Ogród,2025-02-01,2,381.82
SKU-0112,Sekator ogrodowy Pro,Ogród,2025-03-01,2,354.15
SKU-0112,Sekator ogrodowy Pro,Ogród,2025-04-01,2,354.38
SKU-0112,Sekator ogrodowy Pro,Ogród,2025-05-01,2,377.04
SKU-0112,Sekator ogrodowy Pro,Ogród,2025-06-01,3,376.84
SKU-0112,Sekator ogrodowy Pro,Ogród,2025-07-01,3,388.47
SKU-0112,Sekator ogrodowy Pro,Ogród,2025-08-01,3,385.47
SKU-0112,Sekator ogrodowy Pro,Ogród,2025-09-01,3,361.66
SKU-0112,Sekator ogrodowy Pro,Ogród,2025-10-01,3,364.69
SKU-0112,Sekator ogrodowy Pro,Ogród,2025-11-01,3,368.41
SKU-0112,Sekator ogrodowy Pro,Ogród,2025-12-01,3,372.18
SKU-0112,Sekator ogrodowy Pro,Ogród,2026-01-01,3,364.61
SKU-0112,Sekator ogrodowy Pro,Ogród,2026-02-01,2,389.89
SKU-0112,Sekator ogrodowy Pro,Ogród,2026-03-01,2,369.14
SKU-0112,Sekator ogrodowy Pro,Ogród,2026-04-01,3,371.39
SKU-0112,Sekator ogrodowy Pro,Ogród,2026-05-01,3,354.01
SKU-0112,Sekator ogrodowy Pro,Ogród,2026-06-01,3,387.83
SKU-0112,Sekator ogrodowy Pro,Ogród,2026-07-01,3,390.42
SKU-0113,Stolik kawowy Classic,Meble,2024-08-01,8,658.3
SKU-0113,Stolik kawowy Classic,Meble,2024-09-01,7,708.93
SKU-0113,Stolik kawowy Classic,Meble,2024-10-01,8,644.1
SKU-0113,Stolik kawowy Classic,Meble,2024-11-01,7,658.82
SKU-0113,Stolik kawowy Classic,Meble,2024-12-01,8,653.68
SKU-0113,Stolik kawowy Classic,Meble,2025-01-01,9,655.23
SKU-0113,Stolik kawowy Classic,Meble,2025-02-01,7,675.44
SKU-0113,Stolik kawowy Classic,Meble,2025-03-01,8,651.4
SKU-0113,Stolik kawowy Classic,Meble,2025-04-01,8,698.57
SKU-0113,Stolik kawowy Classic,Meble,2025-05-01,7,661.11
SKU-0113,Stolik kawowy Classic,Meble,2025-06-01,8,651.58
SKU-0113,Stolik kawowy Classic,Meble,2025-07-01,8,689.65
SKU-0113,Stolik kawowy Classic,Meble,2025-08-01,8,707.21
SKU-0113,Stolik kawowy Classic,Meble,2025-09-01,8,704.49
SKU-0113,Stolik kawowy Classic,Meble,2025-10-01,7,673.32
SKU-0113,Stolik kawowy Classic,Meble,2025-11-01,7,649.44
SKU-0113,Stolik kawowy Classic,Meble,2025-12-01,8,664.37
SKU-0113,Stolik kawowy Classic,Meble,2026-01-01,7,684.79
SKU-0113,Stolik kawowy Classic,Meble,2026-02-01,7,704.71
SKU-0113,Stolik kawowy Classic,Meble,2026-03-01,7,661.28
SKU-0113,Stolik kawowy Classic,Meble,2026-04-01,7,682.54
SKU-0113,Stolik kawowy Classic,Meble,2026-05-01,7,654.53
SKU-0113,Stolik kawowy Classic,Meble,2026-06-01,7,664.12
SKU-0113,Stolik kawowy Classic,Meble,2026-07-01,8,648.09
SKU-0114,Bluza z kapturem Compact,Odzież,2024-08-01,5,172.87
SKU-0114,Bluza z kapturem Compact,Odzież,2024-09-01,5,171.91
SKU-0114,Bluza z kapturem Compact,Odzież,2024-10-01,5,162.95
SKU-0114,Bluza z kapturem Compact,Odzież,2024-11-01,5,171.54
SKU-0114,Bluza z kapturem Compact,Odzież,2024-12-01,6,171.36
SKU-0114,Bluza z kapturem Compact,Odzież,2025-01-01,5,158.66
SKU-0114,Bluza z kapturem Compact,Odzież,2025-02-01,7,173.64
SKU-0114,Bluza z kapturem Compact,Odzież,2025-03-01,5,158.49
SKU-0114,Bluza z kapturem Compact,Odzież,2025-04-01,6,162.62
SKU-0114,Bluza z kapturem Compact,Odzież,2025-05-01,6,163.11
SKU-0114,Bluza z kapturem Compact,Odzież,2025-06-01,6,166.5
SKU-0114,Bluza z kapturem Compact,Odzież,2025-07-01,6,171.6
SKU-0114,Bluza z kapturem Compact,Odzież,2025-08-01,5,163.42
SKU-0114,Bluza z kapturem Compact,Odzież,2025-09-01,5,165.01
SKU-0114,Bluza z kapturem Compact,Odzież,2025-10-01,5,173.79
SKU-0114,Bluza z kapturem Compact,Odzież,2025-11-01,6,160.14
SKU-0114,Bluza z kapturem Compact,Odzież,2025-12-01,6,170.04
SKU-0114,Bluza z kapturem Compact,Odzież,2026-01-01,6,165.94
SKU-0114,Bluza z kapturem Compact,Odzież,2026-02-01,7,166.85
SKU-0114,Bluza z kapturem Compact,Odzież,2026-03-01,7,170.64
SKU-0114,Bluza z kapturem Compact,Odzież,2026-04-01,7,164.59
SKU-0114,Bluza z kapturem Compact,Odzież,2026-05-01,7,173.69
SKU-0114,Bluza z kapturem Compact,Odzież,2026-06-01,6,164.37
SKU-0114,Bluza z kapturem Compact,Odzież,2026-07-01,6,173.37
SKU-0115,Oliwa z oliwek 500ml XL,Spożywcze,2024-08-01,0,25.28
SKU-0115,Oliwa z oliwek 500ml XL,Spożywcze,2024-09-01,0,25.82
SKU-0115,Oliwa z oliwek 500ml XL,Spożywcze,2024-10-01,0,24.43
SKU-0115,Oliwa z oliwek 500ml XL,Spożywcze,2024-11-01,0,24.63
SKU-0115,Oliwa z oliwek 500ml XL,Spożywcze,2024-12-01,2,25.28
SKU-0115,Oliwa z oliwek 500ml XL,Spożywcze,2025-01-01,0,24.52
SKU-0115,Oliwa z oliwek 500ml XL,Spożywcze,2025-02-01,0,26.1
SKU-0115,Oliwa z oliwek 500ml XL,Spożywcze,2025-03-01,1,25.56
SKU-0115,Oliwa z oliwek 500ml XL,Spożywcze,2025-04-01,0,25.91
SKU-0115,Oliwa z oliwek 500ml XL,Spożywcze,2025-05-01,0,26.03
SKU-0115,Oliwa z oliwek 500ml XL,Spożywcze,2025-06-01,0,24.37
SKU-0115,Oliwa z oliwek 500ml XL,Spożywcze,2025-07-01,0,25.72
SKU-0115,Oliwa z oliwek 500ml XL,Spożywcze,2025-08-01,1,24.09
SKU-0115,Oliwa z oliwek 500ml XL,Spożywcze,2025-09-01,1,25.92
SKU-0115,Oliwa z oliwek 500ml XL,Spożywcze,2025-10-01,2,25.04
SKU-0115,Oliwa z oliwek 500ml XL,Spożywcze,2025-11-01,2,26.35
SKU-0115,Oliwa z oliwek 500ml XL,Spożywcze,2025-12-01,0,26.39
SKU-0115,Oliwa z oliwek 500ml XL,Spożywcze,2026-01-01,1,25.07
SKU-0115,Oliwa z oliwek 500ml XL,Spożywcze,2026-02-01,0,24.19
SKU-0115,Oliwa z oliwek 500ml XL,Spożywcze,2026-03-01,0,24.78
SKU-0115,Oliwa z oliwek 500ml XL,Spożywcze,2026-04-01,0,26.05
SKU-0115,Oliwa z oliwek 500ml XL,Spożywcze,2026-05-01,1,26.32
SKU-0115,Oliwa z oliwek 500ml XL,Spożywcze,2026-06-01,0,25.53
SKU-0115,Oliwa z oliwek 500ml XL,Spożywcze,2026-07-01,0,23.94
SKU-0116,Antena DVB-T Advanced,RTV,2024-08-01,2,1500.21
SKU-0116,Antena DVB-T Advanced,RTV,2024-09-01,0,1528.15
SKU-0116,Antena DVB-T Advanced,RTV,2024-10-01,0,1438.66
SKU-0116,Antena DVB-T Advanced,RTV,2024-11-01,4,1450.12
SKU-0116,Antena DVB-T Advanced,RTV,2024-12-01,5,1461.72
SKU-0116,Antena DVB-T Advanced,RTV,2025-01-01,0,1519.23
SKU-0116,Antena DVB-T Advanced,RTV,2025-02-01,3,1481.42
SKU-0116,Antena DVB-T Advanced,RTV,2025-03-01,3,1559.09
SKU-0116,Antena DVB-T Advanced,RTV,2025-04-01,0,1517.95
SKU-0116,Antena DVB-T Advanced,RTV,2025-05-01,4,1442.88
SKU-0116,Antena DVB-T Advanced,RTV,2025-06-01,3,1489.09
SKU-0116,Antena DVB-T Advanced,RTV,2025-07-01,0,1534.26
SKU-0116,Antena DVB-T Advanced,RTV,2025-08-01,5,1492.15
SKU-0116,Antena DVB-T Advanced,RTV,2025-09-01,6,1462.05
SKU-0116,Antena DVB-T Advanced,RTV,2025-10-01,3,1494.54
SKU-0116,Antena DVB-T Advanced,RTV,2025-11-01,5,1451.27
SKU-0116,Antena DVB-T Advanced,RTV,2025-12-01,5,1546.04
SKU-0116,Antena DVB-T Advanced,RTV,2026-01-01,0,1541.56
SKU-0116,Antena DVB-T Advanced,RTV,2026-02-01,3,1461.93
SKU-0116,Antena DVB-T Advanced,RTV,2026-03-01,4,1503.45
SKU-0116,Antena DVB-T Advanced,RTV,2026-04-01,1,1529.51
SKU-0116,Antena DVB-T Advanced,RTV,2026-05-01,0,1476.32
SKU-0116,Antena DVB-T Advanced,RTV,2026-06-01,3,1499.92
SKU-0116,Antena DVB-T Advanced,RTV,2026-07-01,0,1439.37
SKU-0117,Kozaki zimowe Eco,Obuwie,2024-08-01,0,228.5
SKU-0117,Kozaki zimowe Eco,Obuwie,2024-09-01,0,211.81
SKU-0117,Kozaki zimowe Eco,Obuwie,2024-10-01,12,226.77
SKU-0117,Kozaki zimowe Eco,Obuwie,2024-11-01,8,228.82
SKU-0117,Kozaki zimowe Eco,Obuwie,2024-12-01,14,218.85
SKU-0117,Kozaki zimowe Eco,Obuwie,2025-01-01,10,220.18
SKU-0117,Kozaki zimowe Eco,Obuwie,2025-02-01,9,225.14
SKU-0117,Kozaki zimowe Eco,Obuwie,2025-03-01,0,216.15
SKU-0117,Kozaki zimowe Eco,Obuwie,2025-04-01,5,215.29
SKU-0117,Kozaki zimowe Eco,Obuwie,2025-05-01,0,215.11
SKU-0117,Kozaki zimowe Eco,Obuwie,2025-06-01,3,208.88
SKU-0117,Kozaki zimowe Eco,Obuwie,2025-07-01,9,222.61
SKU-0117,Kozaki zimowe Eco,Obuwie,2025-08-01,2,220.3
SKU-0117,Kozaki zimowe Eco,Obuwie,2025-09-01,0,215.67
SKU-0117,Kozaki zimowe Eco,Obuwie,2025-10-01,0,216.3
SKU-0117,Kozaki zimowe Eco,Obuwie,2025-11-01,0,223.87
SKU-0117,Kozaki zimowe Eco,Obuwie,2025-12-01,0,207.43
SKU-0117,Kozaki zimowe Eco,Obuwie,2026-01-01,11,216.13
SKU-0117,Kozaki zimowe Eco,Obuwie,2026-02-01,0,226.62
SKU-0117,Kozaki zimowe Eco,Obuwie,2026-03-01,7,220.25
SKU-0117,Kozaki zimowe Eco,Obuwie,2026-04-01,5,220.04
SKU-0117,Kozaki zimowe Eco,Obuwie,2026-05-01,3,220.83
SKU-0117,Kozaki zimowe Eco,Obuwie,2026-06-01,6,228.09
SKU-0117,Kozaki zimowe Eco,Obuwie,2026-07-01,0,222.88
SKU-0118,Rower stacjonarny Classic,Sport i rekreacja,2024-08-01,22,403.35
SKU-0118,Rower stacjonarny Classic,Sport i rekreacja,2024-09-01,16,399.31
SKU-0118,Rower stacjonarny Classic,Sport i rekreacja,2024-10-01,7,430.32
SKU-0118,Rower stacjonarny Classic,Sport i rekreacja,2024-11-01,5,430.29
SKU-0118,Rower stacjonarny Classic,Sport i rekreacja,2024-12-01,3,422.92
SKU-0118,Rower stacjonarny Classic,Sport i rekreacja,2025-01-01,2,395.08
SKU-0118,Rower stacjonarny Classic,Sport i rekreacja,2025-02-01,5,429.76
SKU-0118,Rower stacjonarny Classic,Sport i rekreacja,2025-03-01,9,394.79
SKU-0118,Rower stacjonarny Classic,Sport i rekreacja,2025-04-01,13,396.62
SKU-0118,Rower stacjonarny Classic,Sport i rekreacja,2025-05-01,13,403.75
SKU-0118,Rower stacjonarny Classic,Sport i rekreacja,2025-06-01,26,423.82
SKU-0118,Rower stacjonarny Classic,Sport i rekreacja,2025-07-01,16,422.92
SKU-0118,Rower stacjonarny Classic,Sport i rekreacja,2025-08-01,24,403.9
SKU-0118,Rower stacjonarny Classic,Sport i rekreacja,2025-09-01,17,399.15
SKU-0118,Rower stacjonarny Classic,Sport i rekreacja,2025-10-01,13,409.51
SKU-0118,Rower stacjonarny Classic,Sport i rekreacja,2025-11-01,8,404.31
SKU-0118,Rower stacjonarny Classic,Sport i rekreacja,2025-12-01,3,396.72
SKU-0118,Rower stacjonarny Classic,Sport i rekreacja,2026-01-01,3,405.06
SKU-0118,Rower stacjonarny Classic,Sport i rekreacja,2026-02-01,6,406.75
SKU-0118,Rower stacjonarny Classic,Sport i rekreacja,2026-03-01,9,402.16
SKU-0118,Rower stacjonarny Classic,Sport i rekreacja,2026-04-01,16,419.82
SKU-0118,Rower stacjonarny Classic,Sport i rekreacja,2026-05-01,22,427.48
SKU-0118,Rower stacjonarny Classic,Sport i rekreacja,2026-06-01,28,410.57
SKU-0118,Rower stacjonarny Classic,Sport i rekreacja,2026-07-01,16,398.9
SKU-0119,Ładowarka sieciowa Advanced,Elektronika,2024-08-01,10,171.01
SKU-0119,Ładowarka sieciowa Advanced,Elektronika,2024-09-01,13,182.92
SKU-0119,Ładowarka sieciowa Advanced,Elektronika,2024-10-01,9,172.75
SKU-0119,Ładowarka sieciowa Advanced,Elektronika,2024-11-01,6,169.18
SKU-0119,Ładowarka sieciowa Advanced,Elektronika,2024-12-01,2,175.69
SKU-0119,Ładowarka sieciowa Advanced,Elektronika,2025-01-01,2,171.15
SKU-0119,Ładowarka sieciowa Advanced,Elektronika,2025-02-01,3,183.47
SKU-0119,Ładowarka sieciowa Advanced,Elektronika,2025-03-01,4,168.21
SKU-0119,Ładowarka sieciowa Advanced,Elektronika,2025-04-01,6,172.86
SKU-0119,Ładowarka sieciowa Advanced,Elektronika,2025-05-01,7,174.05
SKU-0119,Ładowarka sieciowa Advanced,Elektronika,2025-06-01,11,181.02
SKU-0119,Ładowarka sieciowa Advanced,Elektronika,2025-07-01,10,176.84
SKU-0119,Ładowarka sieciowa Advanced,Elektronika,2025-08-01,15,167.3
SKU-0119,Ładowarka sieciowa Advanced,Elektronika,2025-09-01,8,176.29
SKU-0119,Ładowarka sieciowa Advanced,Elektronika,2025-10-01,5,170.72
SKU-0119,Ładowarka sieciowa Advanced,Elektronika,2025-11-01,6,177.2
SKU-0119,Ładowarka sieciowa Advanced,Elektronika,2025-12-01,3,166.55
SKU-0119,Ładowarka sieciowa Advanced,Elektronika,2026-01-01,2,183.93
SKU-0119,Ładowarka sieciowa Advanced,Elektronika,2026-02-01,2,180.14
SKU-0119,Ładowarka sieciowa Advanced,Elektronika,2026-03-01,5,180.75
SKU-0119,Ładowarka sieciowa Advanced,Elektronika,2026-04-01,6,174.65
SKU-0119,Ładowarka sieciowa Advanced,Elektronika,2026-05-01,9,171.5
SKU-0119,Ładowarka sieciowa Advanced,Elektronika,2026-06-01,14,180.07
SKU-0119,Ładowarka sieciowa Advanced,Elektronika,2026-07-01,13,170.73
SKU-0120,Piłka do piłki nożnej Compact,Sport i rekreacja,2024-08-01,51,264.06
SKU-0120,Piłka do piłki nożnej Compact,Sport i rekreacja,2024-09-01,49,266.02
SKU-0120,Piłka do piłki nożnej Compact,Sport i rekreacja,2024-10-01,44,257.38
SKU-0120,Piłka do piłki nożnej Compact,Sport i rekreacja,2024-11-01,40,258.03
SKU-0120,Piłka do piłki nożnej Compact,Sport i rekreacja,2024-12-01,42,270.54
SKU-0120,Piłka do piłki nożnej Compact,Sport i rekreacja,2025-01-01,43,249.94
SKU-0120,Piłka do piłki nożnej Compact,Sport i rekreacja,2025-02-01,43,249.92
SKU-0120,Piłka do piłki nożnej Compact,Sport i rekreacja,2025-03-01,52,268.96
SKU-0120,Piłka do piłki nożnej Compact,Sport i rekreacja,2025-04-01,51,251.75
SKU-0120,Piłka do piłki nożnej Compact,Sport i rekreacja,2025-05-01,60,274.17
SKU-0120,Piłka do piłki nożnej Compact,Sport i rekreacja,2025-06-01,62,270.2
SKU-0120,Piłka do piłki nożnej Compact,Sport i rekreacja,2025-07-01,69,248.68
SKU-0120,Piłka do piłki nożnej Compact,Sport i rekreacja,2025-08-01,60,273.92
SKU-0120,Piłka do piłki nożnej Compact,Sport i rekreacja,2025-09-01,50,273.24
SKU-0120,Piłka do piłki nożnej Compact,Sport i rekreacja,2025-10-01,53,274.1
SKU-0120,Piłka do piłki nożnej Compact,Sport i rekreacja,2025-11-01,47,261.74
SKU-0120,Piłka do piłki nożnej Compact,Sport i rekreacja,2025-12-01,46,274.02
SKU-0120,Piłka do piłki nożnej Compact,Sport i rekreacja,2026-01-01,53,264.03
SKU-0120,Piłka do piłki nożnej Compact,Sport i rekreacja,2026-02-01,45,263.71
SKU-0120,Piłka do piłki nożnej Compact,Sport i rekreacja,2026-03-01,61,248.28
SKU-0120,Piłka do piłki nożnej Compact,Sport i rekreacja,2026-04-01,52,265.32
SKU-0120,Piłka do piłki nożnej Compact,Sport i rekreacja,2026-05-01,63,256.43
SKU-0120,Piłka do piłki nożnej Compact,Sport i rekreacja,2026-06-01,64,267.09
SKU-0120,Piłka do piłki nożnej Compact,Sport i rekreacja,2026-07-01,58,250.58
SKU-0121,Pluszak duży Mini,Zabawki,2024-08-01,3,221.58
SKU-0121,Pluszak duży Mini,Zabawki,2024-09-01,0,218.92
SKU-0121,Pluszak duży Mini,Zabawki,2024-10-01,6,236.25
SKU-0121,Pluszak duży Mini,Zabawki,2024-11-01,4,219.68
SKU-0121,Pluszak duży Mini,Zabawki,2024-12-01,4,228.73
SKU-0121,Pluszak duży Mini,Zabawki,2025-01-01,0,231.15
SKU-0121,Pluszak duży Mini,Zabawki,2025-02-01,2,222.29
SKU-0121,Pluszak duży Mini,Zabawki,2025-03-01,4,237.19
SKU-0121,Pluszak duży Mini,Zabawki,2025-04-01,5,217.98
SKU-0121,Pluszak duży Mini,Zabawki,2025-05-01,2,219.59
SKU-0121,Pluszak duży Mini,Zabawki,2025-06-01,0,228.97
SKU-0121,Pluszak duży Mini,Zabawki,2025-07-01,6,218.92
SKU-0121,Pluszak duży Mini,Zabawki,2025-08-01,0,222.63
SKU-0121,Pluszak duży Mini,Zabawki,2025-09-01,0,234.06
SKU-0121,Pluszak duży Mini,Zabawki,2025-10-01,3,231.18
SKU-0121,Pluszak duży Mini,Zabawki,2025-11-01,2,226.33
SKU-0121,Pluszak duży Mini,Zabawki,2025-12-01,1,229.33
SKU-0121,Pluszak duży Mini,Zabawki,2026-01-01,0,227.47
SKU-0121,Pluszak duży Mini,Zabawki,2026-02-01,0,226.91
SKU-0121,Pluszak duży Mini,Zabawki,2026-03-01,1,237.04
SKU-0121,Pluszak duży Mini,Zabawki,2026-04-01,1,231.42
SKU-0121,Pluszak duży Mini,Zabawki,2026-05-01,0,219.71
SKU-0121,Pluszak duży Mini,Zabawki,2026-06-01,4,236.22
SKU-0121,Pluszak duży Mini,Zabawki,2026-07-01,1,221.22
SKU-0122,Toster Mini,AGD,2024-08-01,5,506.89
SKU-0122,Toster Mini,AGD,2024-09-01,10,498.3
SKU-0122,Toster Mini,AGD,2024-10-01,16,488.56
SKU-0122,Toster Mini,AGD,2024-11-01,22,472.85
SKU-0122,Toster Mini,AGD,2024-12-01,28,498.7
SKU-0122,Toster Mini,AGD,2025-01-01,27,495.39
SKU-0122,Toster Mini,AGD,2025-02-01,17,472.31
SKU-0122,Toster Mini,AGD,2025-03-01,10,507.01
SKU-0122,Toster Mini,AGD,2025-04-01,8,484.52
SKU-0122,Toster Mini,AGD,2025-05-01,5,473.74
SKU-0122,Toster Mini,AGD,2025-06-01,5,491.74
SKU-0122,Toster Mini,AGD,2025-07-01,5,494.26
SKU-0122,Toster Mini,AGD,2025-08-01,5,499.29
SKU-0122,Toster Mini,AGD,2025-09-01,12,467.39
SKU-0122,Toster Mini,AGD,2025-10-01,18,499.03
SKU-0122,Toster Mini,AGD,2025-11-01,26,499.53
SKU-0122,Toster Mini,AGD,2025-12-01,23,498.77
SKU-0122,Toster Mini,AGD,2026-01-01,32,472.62
SKU-0122,Toster Mini,AGD,2026-02-01,28,470.79
SKU-0122,Toster Mini,AGD,2026-03-01,18,483.17
SKU-0122,Toster Mini,AGD,2026-04-01,16,501.99
SKU-0122,Toster Mini,AGD,2026-05-01,8,492.31
SKU-0122,Toster Mini,AGD,2026-06-01,4,469.04
SKU-0122,Toster Mini,AGD,2026-07-01,5,474.97
SKU-0123,Bluza z kapturem Eco,Odzież,2024-08-01,0,49.08
SKU-0123,Bluza z kapturem Eco,Odzież,2024-09-01,0,48.71
SKU-0123,Bluza z kapturem Eco,Odzież,2024-10-01,0,45.73
SKU-0123,Bluza z kapturem Eco,Odzież,2024-11-01,1,47.54
SKU-0123,Bluza z kapturem Eco,Odzież,2024-12-01,2,45.21
SKU-0123,Bluza z kapturem Eco,Odzież,2025-01-01,2,45.34
SKU-0123,Bluza z kapturem Eco,Odzież,2025-02-01,3,48.85
SKU-0123,Bluza z kapturem Eco,Odzież,2025-03-01,3,46.38
SKU-0123,Bluza z kapturem Eco,Odzież,2025-04-01,1,45.75
SKU-0123,Bluza z kapturem Eco,Odzież,2025-05-01,0,47.15
SKU-0123,Bluza z kapturem Eco,Odzież,2025-06-01,3,48.47
SKU-0123,Bluza z kapturem Eco,Odzież,2025-07-01,0,47.69
SKU-0123,Bluza z kapturem Eco,Odzież,2025-08-01,0,46.11
SKU-0123,Bluza z kapturem Eco,Odzież,2025-09-01,0,48.48
SKU-0123,Bluza z kapturem Eco,Odzież,2025-10-01,0,45.58
SKU-0123,Bluza z kapturem Eco,Odzież,2025-11-01,0,45.19
SKU-0123,Bluza z kapturem Eco,Odzież,2025-12-01,4,49.07
SKU-0123,Bluza z kapturem Eco,Odzież,2026-01-01,0,46.47
SKU-0123,Bluza z kapturem Eco,Odzież,2026-02-01,4,47.84
SKU-0123,Bluza z kapturem Eco,Odzież,2026-03-01,1,47.52
SKU-0123,Bluza z kapturem Eco,Odzież,2026-04-01,0,46.63
SKU-0123,Bluza z kapturem Eco,Odzież,2026-05-01,3,47.83
SKU-0123,Bluza z kapturem Eco,Odzież,2026-06-01,2,46.92
SKU-0123,Bluza z kapturem Eco,Odzież,2026-07-01,0,49.31
SKU-0124,Żyrandol sufitowy Eco,Oświetlenie,2024-08-01,5,274.76
SKU-0124,Żyrandol sufitowy Eco,Oświetlenie,2024-09-01,8,257.66
SKU-0124,Żyrandol sufitowy Eco,Oświetlenie,2024-10-01,8,277.05
SKU-0124,Żyrandol sufitowy Eco,Oświetlenie,2024-11-01,6,260.54
SKU-0124,Żyrandol sufitowy Eco,Oświetlenie,2024-12-01,4,276.29
SKU-0124,Żyrandol sufitowy Eco,Oświetlenie,2025-01-01,3,276.22
SKU-0124,Żyrandol sufitowy Eco,Oświetlenie,2025-02-01,1,262.54
SKU-0124,Żyrandol sufitowy Eco,Oświetlenie,2025-03-01,1,252.58
SKU-0124,Żyrandol sufitowy Eco,Oświetlenie,2025-04-01,0,272.85
SKU-0124,Żyrandol sufitowy Eco,Oświetlenie,2025-05-01,1,259.6
SKU-0124,Żyrandol sufitowy Eco,Oświetlenie,2025-06-01,4,266.7
SKU-0124,Żyrandol sufitowy Eco,Oświetlenie,2025-07-01,4,252.51
SKU-0124,Żyrandol sufitowy Eco,Oświetlenie,2025-08-01,6,265.61
SKU-0124,Żyrandol sufitowy Eco,Oświetlenie,2025-09-01,3,267.2
SKU-0124,Żyrandol sufitowy Eco,Oświetlenie,2025-10-01,6,255.63
SKU-0124,Żyrandol sufitowy Eco,Oświetlenie,2025-11-01,6,262.08
SKU-0124,Żyrandol sufitowy Eco,Oświetlenie,2025-12-01,6,261.63
SKU-0124,Żyrandol sufitowy Eco,Oświetlenie,2026-01-01,2,258.2
SKU-0124,Żyrandol sufitowy Eco,Oświetlenie,2026-02-01,2,255.0
SKU-0124,Żyrandol sufitowy Eco,Oświetlenie,2026-03-01,1,258.41
SKU-0124,Żyrandol sufitowy Eco,Oświetlenie,2026-04-01,0,261.9
SKU-0124,Żyrandol sufitowy Eco,Oświetlenie,2026-05-01,1,264.99
SKU-0124,Żyrandol sufitowy Eco,Oświetlenie,2026-06-01,2,267.55
SKU-0124,Żyrandol sufitowy Eco,Oświetlenie,2026-07-01,4,256.79
SKU-0125,Zestaw kluczy nasadowych Pro,Narzędzia,2024-08-01,48,109.95
SKU-0125,Zestaw kluczy nasadowych Pro,Narzędzia,2024-09-01,47,114.15
SKU-0125,Zestaw kluczy nasadowych Pro,Narzędzia,2024-10-01,44,112.88
SKU-0125,Zestaw kluczy nasadowych Pro,Narzędzia,2024-11-01,47,115.29
SKU-0125,Zestaw kluczy nasadowych Pro,Narzędzia,2024-12-01,48,110.33
SKU-0125,Zestaw kluczy nasadowych Pro,Narzędzia,2025-01-01,51,112.9
SKU-0125,Zestaw kluczy nasadowych Pro,Narzędzia,2025-02-01,47,114.42
SKU-0125,Zestaw kluczy nasadowych Pro,Narzędzia,2025-03-01,55,110.92
SKU-0125,Zestaw kluczy nasadowych Pro,Narzędzia,2025-04-01,48,114.2
SKU-0125,Zestaw kluczy nasadowych Pro,Narzędzia,2025-05-01,49,111.25
SKU-0125,Zestaw kluczy nasadowych Pro,Narzędzia,2025-06-01,49,115.2
SKU-0125,Zestaw kluczy nasadowych Pro,Narzędzia,2025-07-01,52,105.62
SKU-0125,Zestaw kluczy nasadowych Pro,Narzędzia,2025-08-01,52,114.91
SKU-0125,Zestaw kluczy nasadowych Pro,Narzędzia,2025-09-01,56,112.12
SKU-0125,Zestaw kluczy nasadowych Pro,Narzędzia,2025-10-01,60,115.38
SKU-0125,Zestaw kluczy nasadowych Pro,Narzędzia,2025-11-01,57,116.24
SKU-0125,Zestaw kluczy nasadowych Pro,Narzędzia,2025-12-01,58,112.31
SKU-0125,Zestaw kluczy nasadowych Pro,Narzędzia,2026-01-01,65,111.12
SKU-0125,Zestaw kluczy nasadowych Pro,Narzędzia,2026-02-01,59,115.93
SKU-0125,Zestaw kluczy nasadowych Pro,Narzędzia,2026-03-01,63,109.48
SKU-0125,Zestaw kluczy nasadowych Pro,Narzędzia,2026-04-01,65,114.39
SKU-0125,Zestaw kluczy nasadowych Pro,Narzędzia,2026-05-01,47,114.58
SKU-0125,Zestaw kluczy nasadowych Pro,Narzędzia,2026-06-01,50,113.47
SKU-0125,Zestaw kluczy nasadowych Pro,Narzędzia,2026-07-01,61,106.13
SKU-0126,Czajnik elektryczny Mini,AGD,2024-08-01,8,409.61
SKU-0126,Czajnik elektryczny Mini,AGD,2024-09-01,7,412.92
SKU-0126,Czajnik elektryczny Mini,AGD,2024-10-01,6,391.19
SKU-0126,Czajnik elektryczny Mini,AGD,2024-11-01,4,385.94
SKU-0126,Czajnik elektryczny Mini,AGD,2024-12-01,4,394.27
SKU-0126,Czajnik elektryczny Mini,AGD,2025-01-01,2,410.95
SKU-0126,Czajnik elektryczny Mini,AGD,2025-02-01,1,392.05
SKU-0126,Czajnik elektryczny Mini,AGD,2025-03-01,2,411.91
SKU-0126,Czajnik elektryczny Mini,AGD,2025-04-01,2,419.79
SKU-0126,Czajnik elektryczny Mini,AGD,2025-05-01,6,395.51
SKU-0126,Czajnik elektryczny Mini,AGD,2025-06-01,8,403.09
SKU-0126,Czajnik elektryczny Mini,AGD,2025-07-01,7,419.58
SKU-0126,Czajnik elektryczny Mini,AGD,2025-08-01,10,382.75
SKU-0126,Czajnik elektryczny Mini,AGD,2025-09-01,8,383.49
SKU-0126,Czajnik elektryczny Mini,AGD,2025-10-01,7,386.94
SKU-0126,Czajnik elektryczny Mini,AGD,2025-11-01,6,420.36
SKU-0126,Czajnik elektryczny Mini,AGD,2025-12-01,4,384.24
SKU-0126,Czajnik elektryczny Mini,AGD,2026-01-01,2,383.19
SKU-0126,Czajnik elektryczny Mini,AGD,2026-02-01,1,410.25
SKU-0126,Czajnik elektryczny Mini,AGD,2026-03-01,2,421.38
SKU-0126,Czajnik elektryczny Mini,AGD,2026-04-01,3,408.16
SKU-0126,Czajnik elektryczny Mini,AGD,2026-05-01,5,389.79
SKU-0126,Czajnik elektryczny Mini,AGD,2026-06-01,7,404.24
SKU-0126,Czajnik elektryczny Mini,AGD,2026-07-01,9,421.84
SKU-0127,Segregator A4 Advanced,Artykuły biurowe,2024-08-01,10,12.75
SKU-0127,Segregator A4 Advanced,Artykuły biurowe,2024-09-01,13,11.91
SKU-0127,Segregator A4 Advanced,Artykuły biurowe,2024-10-01,15,12.35
SKU-0127,Segregator A4 Advanced,Artykuły biurowe,2024-11-01,16,12.03
SKU-0127,Segregator A4 Advanced,Artykuły biurowe,2024-12-01,19,12.46
SKU-0127,Segregator A4 Advanced,Artykuły biurowe,2025-01-01,16,12.94
SKU-0127,Segregator A4 Advanced,Artykuły biurowe,2025-02-01,19,12.96
SKU-0127,Segregator A4 Advanced,Artykuły biurowe,2025-03-01,8,12.71
SKU-0127,Segregator A4 Advanced,Artykuły biurowe,2025-04-01,6,12.55
SKU-0127,Segregator A4 Advanced,Artykuły biurowe,2025-05-01,2,12.41
SKU-0127,Segregator A4 Advanced,Artykuły biurowe,2025-06-01,3,11.94
SKU-0127,Segregator A4 Advanced,Artykuły biurowe,2025-07-01,4,12.25
SKU-0127,Segregator A4 Advanced,Artykuły biurowe,2025-08-01,7,13.12
SKU-0127,Segregator A4 Advanced,Artykuły biurowe,2025-09-01,14,12.66
SKU-0127,Segregator A4 Advanced,Artykuły biurowe,2025-10-01,19,12.75
SKU-0127,Segregator A4 Advanced,Artykuły biurowe,2025-11-01,25,12.98
SKU-0127,Segregator A4 Advanced,Artykuły biurowe,2025-12-01,18,12.69
SKU-0127,Segregator A4 Advanced,Artykuły biurowe,2026-01-01,12,12.72
SKU-0127,Segregator A4 Advanced,Artykuły biurowe,2026-02-01,11,12.78
SKU-0127,Segregator A4 Advanced,Artykuły biurowe,2026-03-01,8,11.91
SKU-0127,Segregator A4 Advanced,Artykuły biurowe,2026-04-01,5,12.41
SKU-0127,Segregator A4 Advanced,Artykuły biurowe,2026-05-01,3,12.35
SKU-0127,Segregator A4 Advanced,Artykuły biurowe,2026-06-01,3,12.28
SKU-0127,Segregator A4 Advanced,Artykuły biurowe,2026-07-01,3,12.87
SKU-0128,Suszarka do włosów Eco,AGD,2024-08-01,34,387.66
SKU-0128,Suszarka do włosów Eco,AGD,2024-09-01,51,360.28
SKU-0128,Suszarka do włosów Eco,AGD,2024-10-01,49,370.06
SKU-0128,Suszarka do włosów Eco,AGD,2024-11-01,35,373.25
SKU-0128,Suszarka do włosów Eco,AGD,2024-12-01,52,361.48
SKU-0128,Suszarka do włosów Eco,AGD,2025-01-01,23,355.42
SKU-0128,Suszarka do włosów Eco,AGD,2025-02-01,27,354.64
SKU-0128,Suszarka do włosów Eco,AGD,2025-03-01,13,374.85
SKU-0128,Suszarka do włosów Eco,AGD,2025-04-01,6,360.6
SKU-0128,Suszarka do włosów Eco,AGD,2025-05-01,7,369.15
SKU-0128,Suszarka do włosów Eco,AGD,2025-06-01,9,380.87
SKU-0128,Suszarka do włosów Eco,AGD,2025-07-01,20,376.55
SKU-0128,Suszarka do włosów Eco,AGD,2025-08-01,42,355.49
SKU-0128,Suszarka do włosów Eco,AGD,2025-09-01,55,366.87
SKU-0128,Suszarka do włosów Eco,AGD,2025-10-01,55,359.03
SKU-0128,Suszarka do włosów Eco,AGD,2025-11-01,58,375.9
SKU-0128,Suszarka do włosów Eco,AGD,2025-12-01,45,355.72
SKU-0128,Suszarka do włosów Eco,AGD,2026-01-01,46,360.83
SKU-0128,Suszarka do włosów Eco,AGD,2026-02-01,43,369.98
SKU-0128,Suszarka do włosów Eco,AGD,2026-03-01,20,385.16
SKU-0128,Suszarka do włosów Eco,AGD,2026-04-01,11,369.42
SKU-0128,Suszarka do włosów Eco,AGD,2026-05-01,6,371.33
SKU-0128,Suszarka do włosów Eco,AGD,2026-06-01,13,385.43
SKU-0128,Suszarka do włosów Eco,AGD,2026-07-01,25,388.64
SKU-0129,Odświeżacz powietrza do auta Plus,Motoryzacja,2024-08-01,0,235.32
SKU-0129,Odświeżacz powietrza do auta Plus,Motoryzacja,2024-09-01,209,241.89
SKU-0129,Odświeżacz powietrza do auta Plus,Motoryzacja,2024-10-01,119,226.37
SKU-0129,Odświeżacz powietrza do auta Plus,Motoryzacja,2024-11-01,0,233.92
SKU-0129,Odświeżacz powietrza do auta Plus,Motoryzacja,2024-12-01,183,243.44
SKU-0129,Odświeżacz powietrza do auta Plus,Motoryzacja,2025-01-01,95,241.66
SKU-0129,Odświeżacz powietrza do auta Plus,Motoryzacja,2025-02-01,72,226.0
SKU-0129,Odświeżacz powietrza do auta Plus,Motoryzacja,2025-03-01,0,243.68
SKU-0129,Odświeżacz powietrza do auta Plus,Motoryzacja,2025-04-01,67,237.57
SKU-0129,Odświeżacz powietrza do auta Plus,Motoryzacja,2025-05-01,52,230.45
SKU-0129,Odświeżacz powietrza do auta Plus,Motoryzacja,2025-06-01,117,242.99
SKU-0129,Odświeżacz powietrza do auta Plus,Motoryzacja,2025-07-01,108,227.5
SKU-0129,Odświeżacz powietrza do auta Plus,Motoryzacja,2025-08-01,0,228.35
SKU-0129,Odświeżacz powietrza do auta Plus,Motoryzacja,2025-09-01,0,232.13
SKU-0129,Odświeżacz powietrza do auta Plus,Motoryzacja,2025-10-01,0,238.24
SKU-0129,Odświeżacz powietrza do auta Plus,Motoryzacja,2025-11-01,136,244.51
SKU-0129,Odświeżacz powietrza do auta Plus,Motoryzacja,2025-12-01,0,238.43
SKU-0129,Odświeżacz powietrza do auta Plus,Motoryzacja,2026-01-01,75,237.78
SKU-0129,Odświeżacz powietrza do auta Plus,Motoryzacja,2026-02-01,24,233.33
SKU-0129,Odświeżacz powietrza do auta Plus,Motoryzacja,2026-03-01,47,232.34
SKU-0129,Odświeżacz powietrza do auta Plus,Motoryzacja,2026-04-01,0,228.24
SKU-0129,Odświeżacz powietrza do auta Plus,Motoryzacja,2026-05-01,0,230.13
SKU-0129,Odświeżacz powietrza do auta Plus,Motoryzacja,2026-06-01,44,238.78
SKU-0129,Odświeżacz powietrza do auta Plus,Motoryzacja,2026-07-01,219,244.43
SKU-0130,Żyrandol sufitowy Premium,Oświetlenie,2024-08-01,11,187.83
SKU-0130,Żyrandol sufitowy Premium,Oświetlenie,2024-09-01,18,182.55
SKU-0130,Żyrandol sufitowy Premium,Oświetlenie,2024-10-01,42,192.53
SKU-0130,Żyrandol sufitowy Premium,Oświetlenie,2024-11-01,40,177.85
SKU-0130,Żyrandol sufitowy Premium,Oświetlenie,2024-12-01,28,194.45
SKU-0130,Żyrandol sufitowy Premium,Oświetlenie,2025-01-01,40,184.17
SKU-0130,Żyrandol sufitowy Premium,Oświetlenie,2025-02-01,23,178.78
SKU-0130,Żyrandol sufitowy Premium,Oświetlenie,2025-03-01,17,176.68
SKU-0130,Żyrandol sufitowy Premium,Oświetlenie,2025-04-01,8,190.18
SKU-0130,Żyrandol sufitowy Premium,Oświetlenie,2025-05-01,4,178.38
SKU-0130,Żyrandol sufitowy Premium,Oświetlenie,2025-06-01,2,192.19
SKU-0130,Żyrandol sufitowy Premium,Oświetlenie,2025-07-01,7,188.44
SKU-0130,Żyrandol sufitowy Premium,Oświetlenie,2025-08-01,18,186.19
SKU-0130,Żyrandol sufitowy Premium,Oświetlenie,2025-09-01,27,185.2
SKU-0130,Żyrandol sufitowy Premium,Oświetlenie,2025-10-01,40,178.57
SKU-0130,Żyrandol sufitowy Premium,Oświetlenie,2025-11-01,34,185.57
SKU-0130,Żyrandol sufitowy Premium,Oświetlenie,2025-12-01,48,182.96
SKU-0130,Żyrandol sufitowy Premium,Oświetlenie,2026-01-01,51,184.97
SKU-0130,Żyrandol sufitowy Premium,Oświetlenie,2026-02-01,32,182.16
SKU-0130,Żyrandol sufitowy Premium,Oświetlenie,2026-03-01,24,194.52
SKU-0130,Żyrandol sufitowy Premium,Oświetlenie,2026-04-01,11,192.7
SKU-0130,Żyrandol sufitowy Premium,Oświetlenie,2026-05-01,4,190.48
SKU-0130,Żyrandol sufitowy Premium,Oświetlenie,2026-06-01,3,183.28
SKU-0130,Żyrandol sufitowy Premium,Oświetlenie,2026-07-01,10,177.48
SKU-0131,Odtwarzacz Blu-ray Compact,RTV,2024-08-01,434,977.78
SKU-0131,Odtwarzacz Blu-ray Compact,RTV,2024-09-01,239,954.29
SKU-0131,Odtwarzacz Blu-ray Compact,RTV,2024-10-01,254,960.51
SKU-0131,Odtwarzacz Blu-ray Compact,RTV,2024-11-01,82,998.24
SKU-0131,Odtwarzacz Blu-ray Compact,RTV,2024-12-01,129,972.38
SKU-0131,Odtwarzacz Blu-ray Compact,RTV,2025-01-01,141,971.49
SKU-0131,Odtwarzacz Blu-ray Compact,RTV,2025-02-01,174,1018.1
SKU-0131,Odtwarzacz Blu-ray Compact,RTV,2025-03-01,139,981.74
SKU-0131,Odtwarzacz Blu-ray Compact,RTV,2025-04-01,250,995.78
SKU-0131,Odtwarzacz Blu-ray Compact,RTV,2025-05-01,393,990.66
SKU-0131,Odtwarzacz Blu-ray Compact,RTV,2025-06-01,513,950.66
SKU-0131,Odtwarzacz Blu-ray Compact,RTV,2025-07-01,488,977.3
SKU-0131,Odtwarzacz Blu-ray Compact,RTV,2025-08-01,262,953.07
SKU-0131,Odtwarzacz Blu-ray Compact,RTV,2025-09-01,326,951.95
SKU-0131,Odtwarzacz Blu-ray Compact,RTV,2025-10-01,280,1022.33
SKU-0131,Odtwarzacz Blu-ray Compact,RTV,2025-11-01,196,952.23
SKU-0131,Odtwarzacz Blu-ray Compact,RTV,2025-12-01,127,935.56
SKU-0131,Odtwarzacz Blu-ray Compact,RTV,2026-01-01,224,999.68
SKU-0131,Odtwarzacz Blu-ray Compact,RTV,2026-02-01,151,968.78
SKU-0131,Odtwarzacz Blu-ray Compact,RTV,2026-03-01,128,1021.72
SKU-0131,Odtwarzacz Blu-ray Compact,RTV,2026-04-01,341,956.0
SKU-0131,Odtwarzacz Blu-ray Compact,RTV,2026-05-01,373,948.7
SKU-0131,Odtwarzacz Blu-ray Compact,RTV,2026-06-01,460,1029.29
SKU-0131,Odtwarzacz Blu-ray Compact,RTV,2026-07-01,578,1009.11
SKU-0132,Kalkulator naukowy Plus,Artykuły biurowe,2024-08-01,16,2.34
SKU-0132,Kalkulator naukowy Plus,Artykuły biurowe,2024-09-01,11,2.33
SKU-0132,Kalkulator naukowy Plus,Artykuły biurowe,2024-10-01,5,2.37
SKU-0132,Kalkulator naukowy Plus,Artykuły biurowe,2024-11-01,5,2.27
SKU-0132,Kalkulator naukowy Plus,Artykuły biurowe,2024-12-01,10,2.33
SKU-0132,Kalkulator naukowy Plus,Artykuły biurowe,2025-01-01,15,2.26
SKU-0132,Kalkulator naukowy Plus,Artykuły biurowe,2025-02-01,29,2.33
SKU-0132,Kalkulator naukowy Plus,Artykuły biurowe,2025-03-01,26,2.36
SKU-0132,Kalkulator naukowy Plus,Artykuły biurowe,2025-04-01,43,2.2
SKU-0132,Kalkulator naukowy Plus,Artykuły biurowe,2025-05-01,22,2.29
SKU-0132,Kalkulator naukowy Plus,Artykuły biurowe,2025-06-01,39,2.18
SKU-0132,Kalkulator naukowy Plus,Artykuły biurowe,2025-07-01,24,2.22
SKU-0132,Kalkulator naukowy Plus,Artykuły biurowe,2025-08-01,23,2.29
SKU-0132,Kalkulator naukowy Plus,Artykuły biurowe,2025-09-01,10,2.35
SKU-0132,Kalkulator naukowy Plus,Artykuły biurowe,2025-10-01,7,2.29
SKU-0132,Kalkulator naukowy Plus,Artykuły biurowe,2025-11-01,5,2.23
SKU-0132,Kalkulator naukowy Plus,Artykuły biurowe,2025-12-01,10,2.31
SKU-0132,Kalkulator naukowy Plus,Artykuły biurowe,2026-01-01,18,2.35
SKU-0132,Kalkulator naukowy Plus,Artykuły biurowe,2026-02-01,23,2.38
SKU-0132,Kalkulator naukowy Plus,Artykuły biurowe,2026-03-01,37,2.31
SKU-0132,Kalkulator naukowy Plus,Artykuły biurowe,2026-04-01,37,2.19
SKU-0132,Kalkulator naukowy Plus,Artykuły biurowe,2026-05-01,28,2.26
SKU-0132,Kalkulator naukowy Plus,Artykuły biurowe,2026-06-01,31,2.18
SKU-0132,Kalkulator naukowy Plus,Artykuły biurowe,2026-07-01,39,2.32
SKU-0133,Młotek stolarski XL,Narzędzia,2024-08-01,63,247.29
SKU-0133,Młotek stolarski XL,Narzędzia,2024-09-01,31,269.91
SKU-0133,Młotek stolarski XL,Narzędzia,2024-10-01,35,261.18
SKU-0133,Młotek stolarski XL,Narzędzia,2024-11-01,20,270.31
SKU-0133,Młotek stolarski XL,Narzędzia,2024-12-01,22,260.07
SKU-0133,Młotek stolarski XL,Narzędzia,2025-01-01,30,269.85
SKU-0133,Młotek stolarski XL,Narzędzia,2025-02-01,31,252.14
SKU-0133,Młotek stolarski XL,Narzędzia,2025-03-01,42,268.03
SKU-0133,Młotek stolarski XL,Narzędzia,2025-04-01,78,253.14
SKU-0133,Młotek stolarski XL,Narzędzia,2025-05-01,73,247.99
SKU-0133,Młotek stolarski XL,Narzędzia,2025-06-01,68,253.68
SKU-0133,Młotek stolarski XL,Narzędzia,2025-07-01,74,252.36
SKU-0133,Młotek stolarski XL,Narzędzia,2025-08-01,64,253.71
SKU-0133,Młotek stolarski XL,Narzędzia,2025-09-01,34,268.45
SKU-0133,Młotek stolarski XL,Narzędzia,2025-10-01,29,260.15
SKU-0133,Młotek stolarski XL,Narzędzia,2025-11-01,14,248.47
SKU-0133,Młotek stolarski XL,Narzędzia,2025-12-01,19,251.44
SKU-0133,Młotek stolarski XL,Narzędzia,2026-01-01,14,256.18
SKU-0133,Młotek stolarski XL,Narzędzia,2026-02-01,39,259.16
SKU-0133,Młotek stolarski XL,Narzędzia,2026-03-01,41,255.06
SKU-0133,Młotek stolarski XL,Narzędzia,2026-04-01,73,256.94
SKU-0133,Młotek stolarski XL,Narzędzia,2026-05-01,93,257.64
SKU-0133,Młotek stolarski XL,Narzędzia,2026-06-01,66,266.04
SKU-0133,Młotek stolarski XL,Narzędzia,2026-07-01,68,258.31
SKU-0134,Płatki śniadaniowe Compact,Spożywcze,2024-08-01,2,10.88
SKU-0134,Płatki śniadaniowe Compact,Spożywcze,2024-09-01,3,11.59
SKU-0134,Płatki śniadaniowe Compact,Spożywcze,2024-10-01,4,11.72
SKU-0134,Płatki śniadaniowe Compact,Spożywcze,2024-11-01,4,11.19
SKU-0134,Płatki śniadaniowe Compact,Spożywcze,2024-12-01,4,11.79
SKU-0134,Płatki śniadaniowe Compact,Spożywcze,2025-01-01,5,10.95
SKU-0134,Płatki śniadaniowe Compact,Spożywcze,2025-02-01,3,10.89
SKU-0134,Płatki śniadaniowe Compact,Spożywcze,2025-03-01,1,11.5
SKU-0134,Płatki śniadaniowe Compact,Spożywcze,2025-04-01,2,11.73
SKU-0134,Płatki śniadaniowe Compact,Spożywcze,2025-05-01,1,10.88
SKU-0134,Płatki śniadaniowe Compact,Spożywcze,2025-06-01,1,11.2
SKU-0134,Płatki śniadaniowe Compact,Spożywcze,2025-07-01,1,10.76
SKU-0134,Płatki śniadaniowe Compact,Spożywcze,2025-08-01,1,11.41
SKU-0134,Płatki śniadaniowe Compact,Spożywcze,2025-09-01,3,11.19
SKU-0134,Płatki śniadaniowe Compact,Spożywcze,2025-10-01,4,11.85
SKU-0134,Płatki śniadaniowe Compact,Spożywcze,2025-11-01,5,10.86
SKU-0134,Płatki śniadaniowe Compact,Spożywcze,2025-12-01,6,11.68
SKU-0134,Płatki śniadaniowe Compact,Spożywcze,2026-01-01,4,11.23
SKU-0134,Płatki śniadaniowe Compact,Spożywcze,2026-02-01,6,11.26
SKU-0134,Płatki śniadaniowe Compact,Spożywcze,2026-03-01,4,11.35
SKU-0134,Płatki śniadaniowe Compact,Spożywcze,2026-04-01,3,11.45
SKU-0134,Płatki śniadaniowe Compact,Spożywcze,2026-05-01,2,11.5
SKU-0134,Płatki śniadaniowe Compact,Spożywcze,2026-06-01,1,11.36
SKU-0134,Płatki śniadaniowe Compact,Spożywcze,2026-07-01,1,11.82
SKU-0135,Buty sportowe Compact,Obuwie,2024-08-01,0,210.53
SKU-0135,Buty sportowe Compact,Obuwie,2024-09-01,0,214.47
SKU-0135,Buty sportowe Compact,Obuwie,2024-10-01,5,228.26
SKU-0135,Buty sportowe Compact,Obuwie,2024-11-01,3,215.25
SKU-0135,Buty sportowe Compact,Obuwie,2024-12-01,2,221.27
SKU-0135,Buty sportowe Compact,Obuwie,2025-01-01,1,228.53
SKU-0135,Buty sportowe Compact,Obuwie,2025-02-01,0,227.67
SKU-0135,Buty sportowe Compact,Obuwie,2025-03-01,2,220.25
SKU-0135,Buty sportowe Compact,Obuwie,2025-04-01,1,230.62
SKU-0135,Buty sportowe Compact,Obuwie,2025-05-01,0,226.46
SKU-0135,Buty sportowe Compact,Obuwie,2025-06-01,2,212.69
SKU-0135,Buty sportowe Compact,Obuwie,2025-07-01,2,210.87
SKU-0135,Buty sportowe Compact,Obuwie,2025-08-01,0,211.82
SKU-0135,Buty sportowe Compact,Obuwie,2025-09-01,3,224.64
SKU-0135,Buty sportowe Compact,Obuwie,2025-10-01,2,211.4
SKU-0135,Buty sportowe Compact,Obuwie,2025-11-01,4,214.41
SKU-0135,Buty sportowe Compact,Obuwie,2025-12-01,0,211.67
SKU-0135,Buty sportowe Compact,Obuwie,2026-01-01,0,213.63
SKU-0135,Buty sportowe Compact,Obuwie,2026-02-01,4,210.84
SKU-0135,Buty sportowe Compact,Obuwie,2026-03-01,2,225.44
SKU-0135,Buty sportowe Compact,Obuwie,2026-04-01,1,229.97
SKU-0135,Buty sportowe Compact,Obuwie,2026-05-01,1,226.75
SKU-0135,Buty sportowe Compact,Obuwie,2026-06-01,1,215.98
SKU-0135,Buty sportowe Compact,Obuwie,2026-07-01,1,226.34
SKU-0136,Mata do jogi,Sport i rekreacja,2024-08-01,20,514.84
SKU-0136,Mata do jogi,Sport i rekreacja,2024-09-01,33,517.0
SKU-0136,Mata do jogi,Sport i rekreacja,2024-10-01,30,506.17
SKU-0136,Mata do jogi,Sport i rekreacja,2024-11-01,30,489.47
SKU-0136,Mata do jogi,Sport i rekreacja,2024-12-01,23,487.38
SKU-0136,Mata do jogi,Sport i rekreacja,2025-01-01,23,485.27
SKU-0136,Mata do jogi,Sport i rekreacja,2025-02-01,14,514.47
SKU-0136,Mata do jogi,Sport i rekreacja,2025-03-01,5,496.74
SKU-0136,Mata do jogi,Sport i rekreacja,2025-04-01,4,522.31
SKU-0136,Mata do jogi,Sport i rekreacja,2025-05-01,5,498.01
SKU-0136,Mata do jogi,Sport i rekreacja,2025-06-01,11,483.08
SKU-0136,Mata do jogi,Sport i rekreacja,2025-07-01,16,514.16
SKU-0136,Mata do jogi,Sport i rekreacja,2025-08-01,31,520.32
SKU-0136,Mata do jogi,Sport i rekreacja,2025-09-01,38,501.93
SKU-0136,Mata do jogi,Sport i rekreacja,2025-10-01,42,474.26
SKU-0136,Mata do jogi,Sport i rekreacja,2025-11-01,43,487.58
SKU-0136,Mata do jogi,Sport i rekreacja,2025-12-01,26,477.8
SKU-0136,Mata do jogi,Sport i rekreacja,2026-01-01,20,508.14
SKU-0136,Mata do jogi,Sport i rekreacja,2026-02-01,12,511.57
SKU-0136,Mata do jogi,Sport i rekreacja,2026-03-01,6,516.05
SKU-0136,Mata do jogi,Sport i rekreacja,2026-04-01,5,513.88
SKU-0136,Mata do jogi,Sport i rekreacja,2026-05-01,7,474.15
SKU-0136,Mata do jogi,Sport i rekreacja,2026-06-01,12,479.92
SKU-0136,Mata do jogi,Sport i rekreacja,2026-07-01,23,487.11
SKU-0137,Makaron pszenny 500g Plus,Spożywcze,2024-08-01,7,12.24
SKU-0137,Makaron pszenny 500g Plus,Spożywcze,2024-09-01,8,12.45
SKU-0137,Makaron pszenny 500g Plus,Spożywcze,2024-10-01,7,12.85
SKU-0137,Makaron pszenny 500g Plus,Spożywcze,2024-11-01,8,12.38
SKU-0137,Makaron pszenny 500g Plus,Spożywcze,2024-12-01,8,12.74
SKU-0137,Makaron pszenny 500g Plus,Spożywcze,2025-01-01,8,12.54
SKU-0137,Makaron pszenny 500g Plus,Spożywcze,2025-02-01,8,12.83
SKU-0137,Makaron pszenny 500g Plus,Spożywcze,2025-03-01,8,12.4
SKU-0137,Makaron pszenny 500g Plus,Spożywcze,2025-04-01,9,13.3
SKU-0137,Makaron pszenny 500g Plus,Spożywcze,2025-05-01,7,13.18
SKU-0137,Makaron pszenny 500g Plus,Spożywcze,2025-06-01,8,12.43
SKU-0137,Makaron pszenny 500g Plus,Spożywcze,2025-07-01,8,12.4
SKU-0137,Makaron pszenny 500g Plus,Spożywcze,2025-08-01,8,12.41
SKU-0137,Makaron pszenny 500g Plus,Spożywcze,2025-09-01,10,12.98
SKU-0137,Makaron pszenny 500g Plus,Spożywcze,2025-10-01,9,13.35
SKU-0137,Makaron pszenny 500g Plus,Spożywcze,2025-11-01,8,12.75
SKU-0137,Makaron pszenny 500g Plus,Spożywcze,2025-12-01,8,13.37
SKU-0137,Makaron pszenny 500g Plus,Spożywcze,2026-01-01,8,13.09
SKU-0137,Makaron pszenny 500g Plus,Spożywcze,2026-02-01,8,12.82
SKU-0137,Makaron pszenny 500g Plus,Spożywcze,2026-03-01,9,12.62
SKU-0137,Makaron pszenny 500g Plus,Spożywcze,2026-04-01,9,12.31
SKU-0137,Makaron pszenny 500g Plus,Spożywcze,2026-05-01,9,12.67
SKU-0137,Makaron pszenny 500g Plus,Spożywcze,2026-06-01,9,12.83
SKU-0137,Makaron pszenny 500g Plus,Spożywcze,2026-07-01,9,12.36
SKU-0138,Klapki basenowe,Obuwie,2024-08-01,13,57.43
SKU-0138,Klapki basenowe,Obuwie,2024-09-01,0,61.47
SKU-0138,Klapki basenowe,Obuwie,2024-10-01,0,62.97
SKU-0138,Klapki basenowe,Obuwie,2024-11-01,11,61.56
SKU-0138,Klapki basenowe,Obuwie,2024-12-01,3,58.09
SKU-0138,Klapki basenowe,Obuwie,2025-01-01,0,62.26
SKU-0138,Klapki basenowe,Obuwie,2025-02-01,21,59.63
SKU-0138,Klapki basenowe,Obuwie,2025-03-01,16,57.57
SKU-0138,Klapki basenowe,Obuwie,2025-04-01,10,58.19
SKU-0138,Klapki basenowe,Obuwie,2025-05-01,19,62.71
SKU-0138,Klapki basenowe,Obuwie,2025-06-01,29,61.8
SKU-0138,Klapki basenowe,Obuwie,2025-07-01,11,60.05
SKU-0138,Klapki basenowe,Obuwie,2025-08-01,6,58.47
SKU-0138,Klapki basenowe,Obuwie,2025-09-01,0,57.57
SKU-0138,Klapki basenowe,Obuwie,2025-10-01,11,62.75
SKU-0138,Klapki basenowe,Obuwie,2025-11-01,0,63.27
SKU-0138,Klapki basenowe,Obuwie,2025-12-01,2,61.96
SKU-0138,Klapki basenowe,Obuwie,2026-01-01,14,62.55
SKU-0138,Klapki basenowe,Obuwie,2026-02-01,0,58.62
SKU-0138,Klapki basenowe,Obuwie,2026-03-01,0,62.89
SKU-0138,Klapki basenowe,Obuwie,2026-04-01,13,62.78
SKU-0138,Klapki basenowe,Obuwie,2026-05-01,7,61.9
SKU-0138,Klapki basenowe,Obuwie,2026-06-01,12,59.47
SKU-0138,Klapki basenowe,Obuwie,2026-07-01,0,60.84
SKU-0139,Lalka interaktywna Classic,Zabawki,2024-08-01,2,113.88
SKU-0139,Lalka interaktywna Classic,Zabawki,2024-09-01,2,109.4
SKU-0139,Lalka interaktywna Classic,Zabawki,2024-10-01,2,113.5
SKU-0139,Lalka interaktywna Classic,Zabawki,2024-11-01,2,105.85
SKU-0139,Lalka interaktywna Classic,Zabawki,2024-12-01,2,105.91
SKU-0139,Lalka interaktywna Classic,Zabawki,2025-01-01,2,112.92
SKU-0139,Lalka interaktywna Classic,Zabawki,2025-02-01,2,107.86
SKU-0139,Lalka interaktywna Classic,Zabawki,2025-03-01,2,106.82
SKU-0139,Lalka interaktywna Classic,Zabawki,2025-04-01,2,107.67
SKU-0139,Lalka interaktywna Classic,Zabawki,2025-05-01,2,108.35
SKU-0139,Lalka interaktywna Classic,Zabawki,2025-06-01,2,111.91
SKU-0139,Lalka interaktywna Classic,Zabawki,2025-07-01,2,104.7
SKU-0139,Lalka interaktywna Classic,Zabawki,2025-08-01,2,113.72
SKU-0139,Lalka interaktywna Classic,Zabawki,2025-09-01,2,110.23
SKU-0139,Lalka interaktywna Classic,Zabawki,2025-10-01,2,113.68
SKU-0139,Lalka interaktywna Classic,Zabawki,2025-11-01,2,112.16
SKU-0139,Lalka interaktywna Classic,Zabawki,2025-12-01,2,103.93
SKU-0139,Lalka interaktywna Classic,Zabawki,2026-01-01,2,105.35
SKU-0139,Lalka interaktywna Classic,Zabawki,2026-02-01,2,106.09
SKU-0139,Lalka interaktywna Classic,Zabawki,2026-03-01,2,107.52
SKU-0139,Lalka interaktywna Classic,Zabawki,2026-04-01,2,106.39
SKU-0139,Lalka interaktywna Classic,Zabawki,2026-05-01,2,112.11
SKU-0139,Lalka interaktywna Classic,Zabawki,2026-06-01,2,105.19
SKU-0139,Lalka interaktywna Classic,Zabawki,2026-07-01,2,105.39
SKU-0140,Żyrandol sufitowy Mini,Oświetlenie,2024-08-01,11,87.08
SKU-0140,Żyrandol sufitowy Mini,Oświetlenie,2024-09-01,18,85.79
SKU-0140,Żyrandol sufitowy Mini,Oświetlenie,2024-10-01,15,89.31
SKU-0140,Żyrandol sufitowy Mini,Oświetlenie,2024-11-01,26,91.59
SKU-0140,Żyrandol sufitowy Mini,Oświetlenie,2024-12-01,23,92.81
SKU-0140,Żyrandol sufitowy Mini,Oświetlenie,2025-01-01,14,92.64
SKU-0140,Żyrandol sufitowy Mini,Oświetlenie,2025-02-01,4,91.89
SKU-0140,Żyrandol sufitowy Mini,Oświetlenie,2025-03-01,8,86.97
SKU-0140,Żyrandol sufitowy Mini,Oświetlenie,2025-04-01,3,85.69
SKU-0140,Żyrandol sufitowy Mini,Oświetlenie,2025-05-01,4,92.34
SKU-0140,Żyrandol sufitowy Mini,Oświetlenie,2025-06-01,5,85.16
SKU-0140,Żyrandol sufitowy Mini,Oświetlenie,2025-07-01,7,89.08
SKU-0140,Żyrandol sufitowy Mini,Oświetlenie,2025-08-01,14,86.0
SKU-0140,Żyrandol sufitowy Mini,Oświetlenie,2025-09-01,14,88.12
SKU-0140,Żyrandol sufitowy Mini,Oświetlenie,2025-10-01,15,88.88
SKU-0140,Żyrandol sufitowy Mini,Oświetlenie,2025-11-01,22,87.56
SKU-0140,Żyrandol sufitowy Mini,Oświetlenie,2025-12-01,18,90.46
SKU-0140,Żyrandol sufitowy Mini,Oświetlenie,2026-01-01,13,92.72
SKU-0140,Żyrandol sufitowy Mini,Oświetlenie,2026-02-01,11,90.6
SKU-0140,Żyrandol sufitowy Mini,Oświetlenie,2026-03-01,6,86.78
SKU-0140,Żyrandol sufitowy Mini,Oświetlenie,2026-04-01,3,86.3
SKU-0140,Żyrandol sufitowy Mini,Oświetlenie,2026-05-01,4,85.07
SKU-0140,Żyrandol sufitowy Mini,Oświetlenie,2026-06-01,5,88.89
SKU-0140,Żyrandol sufitowy Mini,Oświetlenie,2026-07-01,10,86.96
SKU-0141,Marker permanentny Pro,Artykuły biurowe,2024-08-01,7,41.49
SKU-0141,Marker permanentny Pro,Artykuły biurowe,2024-09-01,8,42.97
SKU-0141,Marker permanentny Pro,Artykuły biurowe,2024-10-01,7,44.53
SKU-0141,Marker permanentny Pro,Artykuły biurowe,2024-11-01,9,41.85
SKU-0141,Marker permanentny Pro,Artykuły biurowe,2024-12-01,7,43.16
SKU-0141,Marker permanentny Pro,Artykuły biurowe,2025-01-01,8,43.39
SKU-0141,Marker permanentny Pro,Artykuły biurowe,2025-02-01,7,41.62
SKU-0141,Marker permanentny Pro,Artykuły biurowe,2025-03-01,8,43.83
SKU-0141,Marker permanentny Pro,Artykuły biurowe,2025-04-01,8,43.4
SKU-0141,Marker permanentny Pro,Artykuły biurowe,2025-05-01,7,44.12
SKU-0141,Marker permanentny Pro,Artykuły biurowe,2025-06-01,7,42.04
SKU-0141,Marker permanentny Pro,Artykuły biurowe,2025-07-01,8,45.15
SKU-0141,Marker permanentny Pro,Artykuły biurowe,2025-08-01,6,44.98
SKU-0141,Marker permanentny Pro,Artykuły biurowe,2025-09-01,7,44.0
SKU-0141,Marker permanentny Pro,Artykuły biurowe,2025-10-01,7,43.41
SKU-0141,Marker permanentny Pro,Artykuły biurowe,2025-11-01,7,45.14
SKU-0141,Marker permanentny Pro,Artykuły biurowe,2025-12-01,7,41.49
SKU-0141,Marker permanentny Pro,Artykuły biurowe,2026-01-01,6,44.91
SKU-0141,Marker permanentny Pro,Artykuły biurowe,2026-02-01,7,42.48
SKU-0141,Marker permanentny Pro,Artykuły biurowe,2026-03-01,6,42.73
SKU-0141,Marker permanentny Pro,Artykuły biurowe,2026-04-01,7,43.24
SKU-0141,Marker permanentny Pro,Artykuły biurowe,2026-05-01,7,45.57
SKU-0141,Marker permanentny Pro,Artykuły biurowe,2026-06-01,7,41.62
SKU-0141,Marker permanentny Pro,Artykuły biurowe,2026-07-01,5,44.89
SKU-0142,Zszywacz biurowy Compact,Artykuły biurowe,2024-08-01,11,8.09
SKU-0142,Zszywacz biurowy Compact,Artykuły biurowe,2024-09-01,5,8.35
SKU-0142,Zszywacz biurowy Compact,Artykuły biurowe,2024-10-01,12,8.15
SKU-0142,Zszywacz biurowy Compact,Artykuły biurowe,2024-11-01,12,8.33
SKU-0142,Zszywacz biurowy Compact,Artykuły biurowe,2024-12-01,13,7.73
SKU-0142,Zszywacz biurowy Compact,Artykuły biurowe,2025-01-01,0,7.76
SKU-0142,Zszywacz biurowy Compact,Artykuły biurowe,2025-02-01,10,8.43
SKU-0142,Zszywacz biurowy Compact,Artykuły biurowe,2025-03-01,0,8.05
SKU-0142,Zszywacz biurowy Compact,Artykuły biurowe,2025-04-01,30,7.65
SKU-0142,Zszywacz biurowy Compact,Artykuły biurowe,2025-05-01,0,7.72
SKU-0142,Zszywacz biurowy Compact,Artykuły biurowe,2025-06-01,0,8.36
SKU-0142,Zszywacz biurowy Compact,Artykuły biurowe,2025-07-01,5,8.42
SKU-0142,Zszywacz biurowy Compact,Artykuły biurowe,2025-08-01,7,7.78
SKU-0142,Zszywacz biurowy Compact,Artykuły biurowe,2025-09-01,9,8.35
SKU-0142,Zszywacz biurowy Compact,Artykuły biurowe,2025-10-01,7,7.72
SKU-0142,Zszywacz biurowy Compact,Artykuły biurowe,2025-11-01,0,8.24
SKU-0142,Zszywacz biurowy Compact,Artykuły biurowe,2025-12-01,17,8.37
SKU-0142,Zszywacz biurowy Compact,Artykuły biurowe,2026-01-01,0,8.4
SKU-0142,Zszywacz biurowy Compact,Artykuły biurowe,2026-02-01,19,8.3
SKU-0142,Zszywacz biurowy Compact,Artykuły biurowe,2026-03-01,8,7.81
SKU-0142,Zszywacz biurowy Compact,Artykuły biurowe,2026-04-01,8,7.98
SKU-0142,Zszywacz biurowy Compact,Artykuły biurowe,2026-05-01,0,7.93
SKU-0142,Zszywacz biurowy Compact,Artykuły biurowe,2026-06-01,0,8.03
SKU-0142,Zszywacz biurowy Compact,Artykuły biurowe,2026-07-01,5,8.1
SKU-0143,Koszula flanelowa Classic,Odzież,2024-08-01,38,38.54
SKU-0143,Koszula flanelowa Classic,Odzież,2024-09-01,43,38.62
SKU-0143,Koszula flanelowa Classic,Odzież,2024-10-01,11,36.05
SKU-0143,Koszula flanelowa Classic,Odzież,2024-11-01,0,36.25
SKU-0143,Koszula flanelowa Classic,Odzież,2024-12-01,26,36.02
SKU-0143,Koszula flanelowa Classic,Odzież,2025-01-01,29,38.68
SKU-0143,Koszula flanelowa Classic,Odzież,2025-02-01,0,36.69
SKU-0143,Koszula flanelowa Classic,Odzież,2025-03-01,8,38.48
SKU-0143,Koszula flanelowa Classic,Odzież,2025-04-01,0,36.91
SKU-0143,Koszula flanelowa Classic,Odzież,2025-05-01,0,37.5
SKU-0143,Koszula flanelowa Classic,Odzież,2025-06-01,17,38.73
SKU-0143,Koszula flanelowa Classic,Odzież,2025-07-01,0,36.19
SKU-0143,Koszula flanelowa Classic,Odzież,2025-08-01,64,39.37
SKU-0143,Koszula flanelowa Classic,Odzież,2025-09-01,70,37.41
SKU-0143,Koszula flanelowa Classic,Odzież,2025-10-01,0,36.51
SKU-0143,Koszula flanelowa Classic,Odzież,2025-11-01,0,36.92
SKU-0143,Koszula flanelowa Classic,Odzież,2025-12-01,23,37.74
SKU-0143,Koszula flanelowa Classic,Odzież,2026-01-01,21,36.7
SKU-0143,Koszula flanelowa Classic,Odzież,2026-02-01,0,37.38
SKU-0143,Koszula flanelowa Classic,Odzież,2026-03-01,0,37.74
SKU-0143,Koszula flanelowa Classic,Odzież,2026-04-01,0,37.63
SKU-0143,Koszula flanelowa Classic,Odzież,2026-05-01,3,37.25
SKU-0143,Koszula flanelowa Classic,Odzież,2026-06-01,0,37.76
SKU-0143,Koszula flanelowa Classic,Odzież,2026-07-01,54,38.92
SKU-0144,Zeszyt A5 Premium,Artykuły biurowe,2024-08-01,3,13.92
SKU-0144,Zeszyt A5 Premium,Artykuły biurowe,2024-09-01,3,14.34
SKU-0144,Zeszyt A5 Premium,Artykuły biurowe,2024-10-01,3,13.24
SKU-0144,Zeszyt A5 Premium,Artykuły biurowe,2024-11-01,3,14.01
SKU-0144,Zeszyt A5 Premium,Artykuły biurowe,2024-12-01,3,14.36
SKU-0144,Zeszyt A5 Premium,Artykuły biurowe,2025-01-01,3,14.09
SKU-0144,Zeszyt A5 Premium,Artykuły biurowe,2025-02-01,2,14.35
SKU-0144,Zeszyt A5 Premium,Artykuły biurowe,2025-03-01,2,14.07
SKU-0144,Zeszyt A5 Premium,Artykuły biurowe,2025-04-01,3,13.24
SKU-0144,Zeszyt A5 Premium,Artykuły biurowe,2025-05-01,2,13.27
SKU-0144,Zeszyt A5 Premium,Artykuły biurowe,2025-06-01,2,14.29
SKU-0144,Zeszyt A5 Premium,Artykuły biurowe,2025-07-01,2,13.24
SKU-0144,Zeszyt A5 Premium,Artykuły biurowe,2025-08-01,2,13.8
SKU-0144,Zeszyt A5 Premium,Artykuły biurowe,2025-09-01,2,14.31
SKU-0144,Zeszyt A5 Premium,Artykuły biurowe,2025-10-01,2,14.07
SKU-0144,Zeszyt A5 Premium,Artykuły biurowe,2025-11-01,3,14.06
SKU-0144,Zeszyt A5 Premium,Artykuły biurowe,2025-12-01,3,13.33
SKU-0144,Zeszyt A5 Premium,Artykuły biurowe,2026-01-01,3,14.26
SKU-0144,Zeszyt A5 Premium,Artykuły biurowe,2026-02-01,2,14.44
SKU-0144,Zeszyt A5 Premium,Artykuły biurowe,2026-03-01,2,14.39
SKU-0144,Zeszyt A5 Premium,Artykuły biurowe,2026-04-01,2,13.81
SKU-0144,Zeszyt A5 Premium,Artykuły biurowe,2026-05-01,2,13.67
SKU-0144,Zeszyt A5 Premium,Artykuły biurowe,2026-06-01,2,14.35
SKU-0144,Zeszyt A5 Premium,Artykuły biurowe,2026-07-01,2,13.75
SKU-0145,Rolki fitness Advanced,Sport i rekreacja,2024-08-01,1,125.26
SKU-0145,Rolki fitness Advanced,Sport i rekreacja,2024-09-01,2,115.83
SKU-0145,Rolki fitness Advanced,Sport i rekreacja,2024-10-01,1,118.25
SKU-0145,Rolki fitness Advanced,Sport i rekreacja,2024-11-01,0,115.17
SKU-0145,Rolki fitness Advanced,Sport i rekreacja,2024-12-01,1,123.07
SKU-0145,Rolki fitness Advanced,Sport i rekreacja,2025-01-01,0,114.28
SKU-0145,Rolki fitness Advanced,Sport i rekreacja,2025-02-01,1,116.37
SKU-0145,Rolki fitness Advanced,Sport i rekreacja,2025-03-01,1,125.7
SKU-0145,Rolki fitness Advanced,Sport i rekreacja,2025-04-01,1,125.46
SKU-0145,Rolki fitness Advanced,Sport i rekreacja,2025-05-01,0,116.35
SKU-0145,Rolki fitness Advanced,Sport i rekreacja,2025-06-01,0,118.73
SKU-0145,Rolki fitness Advanced,Sport i rekreacja,2025-07-01,0,118.65
SKU-0145,Rolki fitness Advanced,Sport i rekreacja,2025-08-01,1,122.74
SKU-0145,Rolki fitness Advanced,Sport i rekreacja,2025-09-01,0,114.66
SKU-0145,Rolki fitness Advanced,Sport i rekreacja,2025-10-01,0,119.13
SKU-0145,Rolki fitness Advanced,Sport i rekreacja,2025-11-01,2,119.21
SKU-0145,Rolki fitness Advanced,Sport i rekreacja,2025-12-01,0,120.08
SKU-0145,Rolki fitness Advanced,Sport i rekreacja,2026-01-01,0,119.41
SKU-0145,Rolki fitness Advanced,Sport i rekreacja,2026-02-01,1,121.35
SKU-0145,Rolki fitness Advanced,Sport i rekreacja,2026-03-01,1,122.87
SKU-0145,Rolki fitness Advanced,Sport i rekreacja,2026-04-01,1,115.84
SKU-0145,Rolki fitness Advanced,Sport i rekreacja,2026-05-01,1,119.45
SKU-0145,Rolki fitness Advanced,Sport i rekreacja,2026-06-01,1,125.08
SKU-0145,Rolki fitness Advanced,Sport i rekreacja,2026-07-01,2,116.3
SKU-0146,Projektor LED,RTV,2024-08-01,28,840.56
SKU-0146,Projektor LED,RTV,2024-09-01,34,848.35
SKU-0146,Projektor LED,RTV,2024-10-01,37,851.4
SKU-0146,Projektor LED,RTV,2024-11-01,50,822.69
SKU-0146,Projektor LED,RTV,2024-12-01,54,837.69
SKU-0146,Projektor LED,RTV,2025-01-01,118,860.8
SKU-0146,Projektor LED,RTV,2025-02-01,116,839.95
SKU-0146,Projektor LED,RTV,2025-03-01,121,860.92
SKU-0146,Projektor LED,RTV,2025-04-01,203,820.59
SKU-0146,Projektor LED,RTV,2025-05-01,154,882.33
SKU-0146,Projektor LED,RTV,2025-06-01,95,855.27
SKU-0146,Projektor LED,RTV,2025-07-01,54,813.35
SKU-0146,Projektor LED,RTV,2025-08-01,48,880.36
SKU-0146,Projektor LED,RTV,2025-09-01,37,822.52
SKU-0146,Projektor LED,RTV,2025-10-01,32,890.06
SKU-0146,Projektor LED,RTV,2025-11-01,65,882.47
SKU-0146,Projektor LED,RTV,2025-12-01,57,854.29
SKU-0146,Projektor LED,RTV,2026-01-01,81,828.53
SKU-0146,Projektor LED,RTV,2026-02-01,119,845.52
SKU-0146,Projektor LED,RTV,2026-03-01,150,840.06
SKU-0146,Projektor LED,RTV,2026-04-01,126,894.6
SKU-0146,Projektor LED,RTV,2026-05-01,141,857.18
SKU-0146,Projektor LED,RTV,2026-06-01,137,894.13
SKU-0146,Projektor LED,RTV,2026-07-01,78,894.28
SKU-0147,Klocki konstrukcyjne Classic,Zabawki,2024-08-01,0,141.43
SKU-0147,Klocki konstrukcyjne Classic,Zabawki,2024-09-01,1,149.84
SKU-0147,Klocki konstrukcyjne Classic,Zabawki,2024-10-01,2,147.75
SKU-0147,Klocki konstrukcyjne Classic,Zabawki,2024-11-01,2,149.67
SKU-0147,Klocki konstrukcyjne Classic,Zabawki,2024-12-01,2,150.31
SKU-0147,Klocki konstrukcyjne Classic,Zabawki,2025-01-01,0,143.01
SKU-0147,Klocki konstrukcyjne Classic,Zabawki,2025-02-01,1,142.51
SKU-0147,Klocki konstrukcyjne Classic,Zabawki,2025-03-01,2,150.36
SKU-0147,Klocki konstrukcyjne Classic,Zabawki,2025-04-01,1,141.5
SKU-0147,Klocki konstrukcyjne Classic,Zabawki,2025-05-01,0,139.23
SKU-0147,Klocki konstrukcyjne Classic,Zabawki,2025-06-01,0,147.54
SKU-0147,Klocki konstrukcyjne Classic,Zabawki,2025-07-01,2,140.16
SKU-0147,Klocki konstrukcyjne Classic,Zabawki,2025-08-01,1,146.74
SKU-0147,Klocki konstrukcyjne Classic,Zabawki,2025-09-01,0,148.61
SKU-0147,Klocki konstrukcyjne Classic,Zabawki,2025-10-01,2,142.33
SKU-0147,Klocki konstrukcyjne Classic,Zabawki,2025-11-01,3,146.39
SKU-0147,Klocki konstrukcyjne Classic,Zabawki,2025-12-01,0,145.34
SKU-0147,Klocki konstrukcyjne Classic,Zabawki,2026-01-01,2,147.59
SKU-0147,Klocki konstrukcyjne Classic,Zabawki,2026-02-01,2,147.4
SKU-0147,Klocki konstrukcyjne Classic,Zabawki,2026-03-01,0,151.74
SKU-0147,Klocki konstrukcyjne Classic,Zabawki,2026-04-01,1,145.25
SKU-0147,Klocki konstrukcyjne Classic,Zabawki,2026-05-01,0,145.29
SKU-0147,Klocki konstrukcyjne Classic,Zabawki,2026-06-01,1,143.14
SKU-0147,Klocki konstrukcyjne Classic,Zabawki,2026-07-01,0,150.17
SKU-0148,Bluza z kapturem,Odzież,2024-08-01,0,102.75
SKU-0148,Bluza z kapturem,Odzież,2024-09-01,0,110.6
SKU-0148,Bluza z kapturem,Odzież,2024-10-01,6,102.59
SKU-0148,Bluza z kapturem,Odzież,2024-11-01,2,103.54
SKU-0148,Bluza z kapturem,Odzież,2024-12-01,2,110.55
SKU-0148,Bluza z kapturem,Odzież,2025-01-01,4,106.35
SKU-0148,Bluza z kapturem,Odzież,2025-02-01,2,109.44
SKU-0148,Bluza z kapturem,Odzież,2025-03-01,0,105.61
SKU-0148,Bluza z kapturem,Odzież,2025-04-01,0,109.29
SKU-0148,Bluza z kapturem,Odzież,2025-05-01,2,102.48
SKU-0148,Bluza z kapturem,Odzież,2025-06-01,14,107.8
SKU-0148,Bluza z kapturem,Odzież,2025-07-01,10,107.43
SKU-0148,Bluza z kapturem,Odzież,2025-08-01,3,105.66
SKU-0148,Bluza z kapturem,Odzież,2025-09-01,4,103.8
SKU-0148,Bluza z kapturem,Odzież,2025-10-01,2,103.38
SKU-0148,Bluza z kapturem,Odzież,2025-11-01,1,105.06
SKU-0148,Bluza z kapturem,Odzież,2025-12-01,4,112.4
SKU-0148,Bluza z kapturem,Odzież,2026-01-01,8,103.7
SKU-0148,Bluza z kapturem,Odzież,2026-02-01,4,102.55
SKU-0148,Bluza z kapturem,Odzież,2026-03-01,0,111.92
SKU-0148,Bluza z kapturem,Odzież,2026-04-01,3,108.75
SKU-0148,Bluza z kapturem,Odzież,2026-05-01,8,106.96
SKU-0148,Bluza z kapturem,Odzież,2026-06-01,4,108.29
SKU-0148,Bluza z kapturem,Odzież,2026-07-01,0,113.03
SKU-0149,Młotek stolarski Plus,Narzędzia,2024-08-01,137,207.13
SKU-0149,Młotek stolarski Plus,Narzędzia,2024-09-01,143,211.97
SKU-0149,Młotek stolarski Plus,Narzędzia,2024-10-01,185,196.56
SKU-0149,Młotek stolarski Plus,Narzędzia,2024-11-01,164,214.29
SKU-0149,Młotek stolarski Plus,Narzędzia,2024-12-01,163,203.33
SKU-0149,Młotek stolarski Plus,Narzędzia,2025-01-01,163,216.3
SKU-0149,Młotek stolarski Plus,Narzędzia,2025-02-01,190,211.28
SKU-0149,Młotek stolarski Plus,Narzędzia,2025-03-01,130,196.39
SKU-0149,Młotek stolarski Plus,Narzędzia,2025-04-01,188,215.77
SKU-0149,Młotek stolarski Plus,Narzędzia,2025-05-01,172,208.01
SKU-0149,Młotek stolarski Plus,Narzędzia,2025-06-01,195,207.15
SKU-0149,Młotek stolarski Plus,Narzędzia,2025-07-01,173,215.15
SKU-0149,Młotek stolarski Plus,Narzędzia,2025-08-01,150,209.95
SKU-0149,Młotek stolarski Plus,Narzędzia,2025-09-01,174,213.31
SKU-0149,Młotek stolarski Plus,Narzędzia,2025-10-01,176,211.12
SKU-0149,Młotek stolarski Plus,Narzędzia,2025-11-01,185,212.74
SKU-0149,Młotek stolarski Plus,Narzędzia,2025-12-01,200,213.13
SKU-0149,Młotek stolarski Plus,Narzędzia,2026-01-01,190,216.07
SKU-0149,Młotek stolarski Plus,Narzędzia,2026-02-01,203,200.98
SKU-0149,Młotek stolarski Plus,Narzędzia,2026-03-01,178,205.19
SKU-0149,Młotek stolarski Plus,Narzędzia,2026-04-01,173,206.82
SKU-0149,Młotek stolarski Plus,Narzędzia,2026-05-01,194,196.07
SKU-0149,Młotek stolarski Plus,Narzędzia,2026-06-01,190,198.76
SKU-0149,Młotek stolarski Plus,Narzędzia,2026-07-01,195,210.33
SKU-0150,Wąż ogrodowy 20m,Ogród,2024-08-01,24,323.15
SKU-0150,Wąż ogrodowy 20m,Ogród,2024-09-01,23,320.2
SKU-0150,Wąż ogrodowy 20m,Ogród,2024-10-01,22,330.92
SKU-0150,Wąż ogrodowy 20m,Ogród,2024-11-01,27,317.32
SKU-0150,Wąż ogrodowy 20m,Ogród,2024-12-01,23,325.09
SKU-0150,Wąż ogrodowy 20m,Ogród,2025-01-01,22,331.77
SKU-0150,Wąż ogrodowy 20m,Ogród,2025-02-01,21,329.94
SKU-0150,Wąż ogrodowy 20m,Ogród,2025-03-01,27,312.73
SKU-0150,Wąż ogrodowy 20m,Ogród,2025-04-01,26,328.45
SKU-0150,Wąż ogrodowy 20m,Ogród,2025-05-01,24,333.57
SKU-0150,Wąż ogrodowy 20m,Ogród,2025-06-01,26,328.66
SKU-0150,Wąż ogrodowy 20m,Ogród,2025-07-01,22,307.79
SKU-0150,Wąż ogrodowy 20m,Ogród,2025-08-01,24,319.95
SKU-0150,Wąż ogrodowy 20m,Ogród,2025-09-01,31,319.81
SKU-0150,Wąż ogrodowy 20m,Ogród,2025-10-01,31,325.98
SKU-0150,Wąż ogrodowy 20m,Ogród,2025-11-01,27,336.43
SKU-0150,Wąż ogrodowy 20m,Ogród,2025-12-01,27,321.45
SKU-0150,Wąż ogrodowy 20m,Ogród,2026-01-01,30,335.1
SKU-0150,Wąż ogrodowy 20m,Ogród,2026-02-01,27,336.09
SKU-0150,Wąż ogrodowy 20m,Ogród,2026-03-01,28,321.49
SKU-0150,Wąż ogrodowy 20m,Ogród,2026-04-01,25,320.05
SKU-0150,Wąż ogrodowy 20m,Ogród,2026-05-01,29,311.58
SKU-0150,Wąż ogrodowy 20m,Ogród,2026-06-01,31,322.74
SKU-0150,Wąż ogrodowy 20m,Ogród,2026-07-01,31,308.64
SKU-0151,Rower stacjonarny Premium,Sport i rekreacja,2024-08-01,0,77.32
SKU-0151,Rower stacjonarny Premium,Sport i rekreacja,2024-09-01,0,73.6
SKU-0151,Rower stacjonarny Premium,Sport i rekreacja,2024-10-01,1,76.62
SKU-0151,Rower stacjonarny Premium,Sport i rekreacja,2024-11-01,2,79.64
SKU-0151,Rower stacjonarny Premium,Sport i rekreacja,2024-12-01,2,74.73
SKU-0151,Rower stacjonarny Premium,Sport i rekreacja,2025-01-01,2,76.2
SKU-0151,Rower stacjonarny Premium,Sport i rekreacja,2025-02-01,2,76.54
SKU-0151,Rower stacjonarny Premium,Sport i rekreacja,2025-03-01,1,75.28
SKU-0151,Rower stacjonarny Premium,Sport i rekreacja,2025-04-01,1,78.52
SKU-0151,Rower stacjonarny Premium,Sport i rekreacja,2025-05-01,1,74.23
SKU-0151,Rower stacjonarny Premium,Sport i rekreacja,2025-06-01,0,80.33
SKU-0151,Rower stacjonarny Premium,Sport i rekreacja,2025-07-01,0,76.07
SKU-0151,Rower stacjonarny Premium,Sport i rekreacja,2025-08-01,0,73.84
SKU-0151,Rower stacjonarny Premium,Sport i rekreacja,2025-09-01,1,75.24
SKU-0151,Rower stacjonarny Premium,Sport i rekreacja,2025-10-01,1,79.09
SKU-0151,Rower stacjonarny Premium,Sport i rekreacja,2025-11-01,2,75.67
SKU-0151,Rower stacjonarny Premium,Sport i rekreacja,2025-12-01,2,73.49
SKU-0151,Rower stacjonarny Premium,Sport i rekreacja,2026-01-01,2,78.63
SKU-0151,Rower stacjonarny Premium,Sport i rekreacja,2026-02-01,1,77.31
SKU-0151,Rower stacjonarny Premium,Sport i rekreacja,2026-03-01,1,76.47
SKU-0151,Rower stacjonarny Premium,Sport i rekreacja,2026-04-01,1,76.97
SKU-0151,Rower stacjonarny Premium,Sport i rekreacja,2026-05-01,1,74.26
SKU-0151,Rower stacjonarny Premium,Sport i rekreacja,2026-06-01,0,75.33
SKU-0151,Rower stacjonarny Premium,Sport i rekreacja,2026-07-01,0,75.56
SKU-0152,Płatki śniadaniowe Mini,Spożywcze,2024-08-01,16,3.61
SKU-0152,Płatki śniadaniowe Mini,Spożywcze,2024-09-01,20,3.64
SKU-0152,Płatki śniadaniowe Mini,Spożywcze,2024-10-01,20,3.48
SKU-0152,Płatki śniadaniowe Mini,Spożywcze,2024-11-01,22,3.57
SKU-0152,Płatki śniadaniowe Mini,Spożywcze,2024-12-01,20,3.61
SKU-0152,Płatki śniadaniowe Mini,Spożywcze,2025-01-01,23,3.37
SKU-0152,Płatki śniadaniowe Mini,Spożywcze,2025-02-01,20,3.54
SKU-0152,Płatki śniadaniowe Mini,Spożywcze,2025-03-01,19,3.42
SKU-0152,Płatki śniadaniowe Mini,Spożywcze,2025-04-01,19,3.64
SKU-0152,Płatki śniadaniowe Mini,Spożywcze,2025-05-01,18,3.59
SKU-0152,Płatki śniadaniowe Mini,Spożywcze,2025-06-01,18,3.64
SKU-0152,Płatki śniadaniowe Mini,Spożywcze,2025-07-01,16,3.62
SKU-0152,Płatki śniadaniowe Mini,Spożywcze,2025-08-01,20,3.47
SKU-0152,Płatki śniadaniowe Mini,Spożywcze,2025-09-01,18,3.68
SKU-0152,Płatki śniadaniowe Mini,Spożywcze,2025-10-01,23,3.51
SKU-0152,Płatki śniadaniowe Mini,Spożywcze,2025-11-01,23,3.49
SKU-0152,Płatki śniadaniowe Mini,Spożywcze,2025-12-01,23,3.57
SKU-0152,Płatki śniadaniowe Mini,Spożywcze,2026-01-01,24,3.55
SKU-0152,Płatki śniadaniowe Mini,Spożywcze,2026-02-01,23,3.52
SKU-0152,Płatki śniadaniowe Mini,Spożywcze,2026-03-01,20,3.62
SKU-0152,Płatki śniadaniowe Mini,Spożywcze,2026-04-01,23,3.58
SKU-0152,Płatki śniadaniowe Mini,Spożywcze,2026-05-01,19,3.5
SKU-0152,Płatki śniadaniowe Mini,Spożywcze,2026-06-01,19,3.59
SKU-0152,Płatki śniadaniowe Mini,Spożywcze,2026-07-01,19,3.56
SKU-0153,Poziomica 60cm Classic,Narzędzia,2024-08-01,2,431.34
SKU-0153,Poziomica 60cm Classic,Narzędzia,2024-09-01,0,423.57
SKU-0153,Poziomica 60cm Classic,Narzędzia,2024-10-01,2,429.05
SKU-0153,Poziomica 60cm Classic,Narzędzia,2024-11-01,1,413.96
SKU-0153,Poziomica 60cm Classic,Narzędzia,2024-12-01,1,414.65
SKU-0153,Poziomica 60cm Classic,Narzędzia,2025-01-01,2,423.58
SKU-0153,Poziomica 60cm Classic,Narzędzia,2025-02-01,3,426.05
SKU-0153,Poziomica 60cm Classic,Narzędzia,2025-03-01,0,429.97
SKU-0153,Poziomica 60cm Classic,Narzędzia,2025-04-01,4,409.98
SKU-0153,Poziomica 60cm Classic,Narzędzia,2025-05-01,0,411.31
SKU-0153,Poziomica 60cm Classic,Narzędzia,2025-06-01,4,446.82
SKU-0153,Poziomica 60cm Classic,Narzędzia,2025-07-01,0,426.87
SKU-0153,Poziomica 60cm Classic,Narzędzia,2025-08-01,1,440.86
SKU-0153,Poziomica 60cm Classic,Narzędzia,2025-09-01,3,409.2
SKU-0153,Poziomica 60cm Classic,Narzędzia,2025-10-01,3,447.32
SKU-0153,Poziomica 60cm Classic,Narzędzia,2025-11-01,0,434.52
SKU-0153,Poziomica 60cm Classic,Narzędzia,2025-12-01,1,435.06
SKU-0153,Poziomica 60cm Classic,Narzędzia,2026-01-01,0,420.6
SKU-0153,Poziomica 60cm Classic,Narzędzia,2026-02-01,1,423.57
SKU-0153,Poziomica 60cm Classic,Narzędzia,2026-03-01,0,451.22
SKU-0153,Poziomica 60cm Classic,Narzędzia,2026-04-01,0,420.61
SKU-0153,Poziomica 60cm Classic,Narzędzia,2026-05-01,0,444.09
SKU-0153,Poziomica 60cm Classic,Narzędzia,2026-06-01,2,451.84
SKU-0153,Poziomica 60cm Classic,Narzędzia,2026-07-01,7,441.61
SKU-0154,Projektor LED Mini,RTV,2024-08-01,20,230.04
SKU-0154,Projektor LED Mini,RTV,2024-09-01,20,241.17
SKU-0154,Projektor LED Mini,RTV,2024-10-01,21,232.94
SKU-0154,Projektor LED Mini,RTV,2024-11-01,17,237.58
SKU-0154,Projektor LED Mini,RTV,2024-12-01,18,228.81
SKU-0154,Projektor LED Mini,RTV,2025-01-01,14,229.69
SKU-0154,Projektor LED Mini,RTV,2025-02-01,19,227.62
SKU-0154,Projektor LED Mini,RTV,2025-03-01,17,232.27
SKU-0154,Projektor LED Mini,RTV,2025-04-01,17,231.9
SKU-0154,Projektor LED Mini,RTV,2025-05-01,17,226.92
SKU-0154,Projektor LED Mini,RTV,2025-06-01,18,241.0
SKU-0154,Projektor LED Mini,RTV,2025-07-01,21,237.15
SKU-0154,Projektor LED Mini,RTV,2025-08-01,21,226.79
SKU-0154,Projektor LED Mini,RTV,2025-09-01,19,230.8
SKU-0154,Projektor LED Mini,RTV,2025-10-01,21,246.67
SKU-0154,Projektor LED Mini,RTV,2025-11-01,19,237.91
SKU-0154,Projektor LED Mini,RTV,2025-12-01,21,229.59
SKU-0154,Projektor LED Mini,RTV,2026-01-01,24,234.55
SKU-0154,Projektor LED Mini,RTV,2026-02-01,20,227.14
SKU-0154,Projektor LED Mini,RTV,2026-03-01,19,237.73
SKU-0154,Projektor LED Mini,RTV,2026-04-01,22,227.36
SKU-0154,Projektor LED Mini,RTV,2026-05-01,21,234.68
SKU-0154,Projektor LED Mini,RTV,2026-06-01,19,246.19
SKU-0154,Projektor LED Mini,RTV,2026-07-01,19,239.72
SKU-0155,Taśma LED RGB,Oświetlenie,2024-08-01,2,80.81
SKU-0155,Taśma LED RGB,Oświetlenie,2024-09-01,2,81.78
SKU-0155,Taśma LED RGB,Oświetlenie,2024-10-01,1,81.5
SKU-0155,Taśma LED RGB,Oświetlenie,2024-11-01,1,84.84
SKU-0155,Taśma LED RGB,Oświetlenie,2024-12-01,0,79.21
SKU-0155,Taśma LED RGB,Oświetlenie,2025-01-01,0,79.3
SKU-0155,Taśma LED RGB,Oświetlenie,2025-02-01,0,83.24
SKU-0155,Taśma LED RGB,Oświetlenie,2025-03-01,0,84.59
SKU-0155,Taśma LED RGB,Oświetlenie,2025-04-01,1,82.3
SKU-0155,Taśma LED RGB,Oświetlenie,2025-05-01,2,83.85
SKU-0155,Taśma LED RGB,Oświetlenie,2025-06-01,2,79.51
SKU-0155,Taśma LED RGB,Oświetlenie,2025-07-01,4,82.1
SKU-0155,Taśma LED RGB,Oświetlenie,2025-08-01,2,82.03
SKU-0155,Taśma LED RGB,Oświetlenie,2025-09-01,2,83.2
SKU-0155,Taśma LED RGB,Oświetlenie,2025-10-01,2,82.37
SKU-0155,Taśma LED RGB,Oświetlenie,2025-11-01,1,84.91
SKU-0155,Taśma LED RGB,Oświetlenie,2025-12-01,1,83.11
SKU-0155,Taśma LED RGB,Oświetlenie,2026-01-01,0,84.32
SKU-0155,Taśma LED RGB,Oświetlenie,2026-02-01,0,82.7
SKU-0155,Taśma LED RGB,Oświetlenie,2026-03-01,1,83.47
SKU-0155,Taśma LED RGB,Oświetlenie,2026-04-01,1,80.27
SKU-0155,Taśma LED RGB,Oświetlenie,2026-05-01,2,80.98
SKU-0155,Taśma LED RGB,Oświetlenie,2026-06-01,2,77.71
SKU-0155,Taśma LED RGB,Oświetlenie,2026-07-01,2,84.65
SKU-0156,Robot kuchenny,AGD,2024-08-01,0,303.51
SKU-0156,Robot kuchenny,AGD,2024-09-01,0,314.52
SKU-0156,Robot kuchenny,AGD,2024-10-01,2,324.07
SKU-0156,Robot kuchenny,AGD,2024-11-01,3,313.49
SKU-0156,Robot kuchenny,AGD,2024-12-01,3,311.46
SKU-0156,Robot kuchenny,AGD,2025-01-01,6,325.47
SKU-0156,Robot kuchenny,AGD,2025-02-01,8,322.27
SKU-0156,Robot kuchenny,AGD,2025-03-01,7,304.61
SKU-0156,Robot kuchenny,AGD,2025-04-01,4,308.51
SKU-0156,Robot kuchenny,AGD,2025-05-01,3,296.34
SKU-0156,Robot kuchenny,AGD,2025-06-01,2,313.83
SKU-0156,Robot kuchenny,AGD,2025-07-01,1,315.64
SKU-0156,Robot kuchenny,AGD,2025-08-01,0,324.87
SKU-0156,Robot kuchenny,AGD,2025-09-01,0,320.1
SKU-0156,Robot kuchenny,AGD,2025-10-01,1,306.19
SKU-0156,Robot kuchenny,AGD,2025-11-01,3,297.77
SKU-0156,Robot kuchenny,AGD,2025-12-01,4,308.76
SKU-0156,Robot kuchenny,AGD,2026-01-01,7,315.71
SKU-0156,Robot kuchenny,AGD,2026-02-01,6,316.7
SKU-0156,Robot kuchenny,AGD,2026-03-01,8,318.7
SKU-0156,Robot kuchenny,AGD,2026-04-01,4,306.29
SKU-0156,Robot kuchenny,AGD,2026-05-01,4,322.54
SKU-0156,Robot kuchenny,AGD,2026-06-01,2,304.09
SKU-0156,Robot kuchenny,AGD,2026-07-01,1,324.24
SKU-0157,Klapki basenowe Premium,Obuwie,2024-08-01,19,51.2
SKU-0157,Klapki basenowe Premium,Obuwie,2024-09-01,18,49.31
SKU-0157,Klapki basenowe Premium,Obuwie,2024-10-01,20,50.59
SKU-0157,Klapki basenowe Premium,Obuwie,2024-11-01,18,47.95
SKU-0157,Klapki basenowe Premium,Obuwie,2024-12-01,19,48.43
SKU-0157,Klapki basenowe Premium,Obuwie,2025-01-01,21,48.6
SKU-0157,Klapki basenowe Premium,Obuwie,2025-02-01,19,49.95
SKU-0157,Klapki basenowe Premium,Obuwie,2025-03-01,19,48.71
SKU-0157,Klapki basenowe Premium,Obuwie,2025-04-01,23,49.18
SKU-0157,Klapki basenowe Premium,Obuwie,2025-05-01,22,48.95
SKU-0157,Klapki basenowe Premium,Obuwie,2025-06-01,22,50.71
SKU-0157,Klapki basenowe Premium,Obuwie,2025-07-01,18,49.99
SKU-0157,Klapki basenowe Premium,Obuwie,2025-08-01,18,48.6
SKU-0157,Klapki basenowe Premium,Obuwie,2025-09-01,19,52.05
SKU-0157,Klapki basenowe Premium,Obuwie,2025-10-01,21,47.49
SKU-0157,Klapki basenowe Premium,Obuwie,2025-11-01,20,47.36
SKU-0157,Klapki basenowe Premium,Obuwie,2025-12-01,19,50.15
SKU-0157,Klapki basenowe Premium,Obuwie,2026-01-01,20,48.88
SKU-0157,Klapki basenowe Premium,Obuwie,2026-02-01,18,48.97
SKU-0157,Klapki basenowe Premium,Obuwie,2026-03-01,21,48.37
SKU-0157,Klapki basenowe Premium,Obuwie,2026-04-01,21,49.56
SKU-0157,Klapki basenowe Premium,Obuwie,2026-05-01,22,47.29
SKU-0157,Klapki basenowe Premium,Obuwie,2026-06-01,21,51.25
SKU-0157,Klapki basenowe Premium,Obuwie,2026-07-01,23,48.65
SKU-0158,Szafka nocna Pro,Meble,2024-08-01,1,955.67
SKU-0158,Szafka nocna Pro,Meble,2024-09-01,1,975.16
SKU-0158,Szafka nocna Pro,Meble,2024-10-01,1,904.03
SKU-0158,Szafka nocna Pro,Meble,2024-11-01,1,947.81
SKU-0158,Szafka nocna Pro,Meble,2024-12-01,1,964.43
SKU-0158,Szafka nocna Pro,Meble,2025-01-01,1,973.14
SKU-0158,Szafka nocna Pro,Meble,2025-02-01,1,914.24
SKU-0158,Szafka nocna Pro,Meble,2025-03-01,1,934.69
SKU-0158,Szafka nocna Pro,Meble,2025-04-01,1,898.74
SKU-0158,Szafka nocna Pro,Meble,2025-05-01,1,977.03
SKU-0158,Szafka nocna Pro,Meble,2025-06-01,1,984.8
SKU-0158,Szafka nocna Pro,Meble,2025-07-01,1,975.91
SKU-0158,Szafka nocna Pro,Meble,2025-08-01,1,913.81
SKU-0158,Szafka nocna Pro,Meble,2025-09-01,1,969.66
SKU-0158,Szafka nocna Pro,Meble,2025-10-01,1,904.41
SKU-0158,Szafka nocna Pro,Meble,2025-11-01,1,931.56
SKU-0158,Szafka nocna Pro,Meble,2025-12-01,2,989.62
SKU-0158,Szafka nocna Pro,Meble,2026-01-01,1,976.26
SKU-0158,Szafka nocna Pro,Meble,2026-02-01,1,963.22
SKU-0158,Szafka nocna Pro,Meble,2026-03-01,1,944.79
SKU-0158,Szafka nocna Pro,Meble,2026-04-01,1,905.05
SKU-0158,Szafka nocna Pro,Meble,2026-05-01,1,981.37
SKU-0158,Szafka nocna Pro,Meble,2026-06-01,1,952.51
SKU-0158,Szafka nocna Pro,Meble,2026-07-01,1,924.55
SKU-0159,Szafka nocna Advanced,Meble,2024-08-01,1,829.2
SKU-0159,Szafka nocna Advanced,Meble,2024-09-01,0,877.28
SKU-0159,Szafka nocna Advanced,Meble,2024-10-01,0,813.8
SKU-0159,Szafka nocna Advanced,Meble,2024-11-01,1,876.94
SKU-0159,Szafka nocna Advanced,Meble,2024-12-01,0,826.65
SKU-0159,Szafka nocna Advanced,Meble,2025-01-01,0,828.31
SKU-0159,Szafka nocna Advanced,Meble,2025-02-01,0,847.03
SKU-0159,Szafka nocna Advanced,Meble,2025-03-01,2,857.01
SKU-0159,Szafka nocna Advanced,Meble,2025-04-01,0,857.44
SKU-0159,Szafka nocna Advanced,Meble,2025-05-01,2,864.64
SKU-0159,Szafka nocna Advanced,Meble,2025-06-01,2,842.35
SKU-0159,Szafka nocna Advanced,Meble,2025-07-01,0,855.34
SKU-0159,Szafka nocna Advanced,Meble,2025-08-01,0,842.21
SKU-0159,Szafka nocna Advanced,Meble,2025-09-01,0,811.17
SKU-0159,Szafka nocna Advanced,Meble,2025-10-01,2,864.66
SKU-0159,Szafka nocna Advanced,Meble,2025-11-01,0,833.23
SKU-0159,Szafka nocna Advanced,Meble,2025-12-01,1,890.72
SKU-0159,Szafka nocna Advanced,Meble,2026-01-01,2,876.64
SKU-0159,Szafka nocna Advanced,Meble,2026-02-01,1,866.83
SKU-0159,Szafka nocna Advanced,Meble,2026-03-01,1,855.49
SKU-0159,Szafka nocna Advanced,Meble,2026-04-01,0,838.48
SKU-0159,Szafka nocna Advanced,Meble,2026-05-01,2,834.74
SKU-0159,Szafka nocna Advanced,Meble,2026-06-01,2,845.5
SKU-0159,Szafka nocna Advanced,Meble,2026-07-01,1,880.16
SKU-0160,Żarówka LED E27 Advanced,Oświetlenie,2024-08-01,4,177.98
SKU-0160,Żarówka LED E27 Advanced,Oświetlenie,2024-09-01,6,187.99
SKU-0160,Żarówka LED E27 Advanced,Oświetlenie,2024-10-01,5,184.39
SKU-0160,Żarówka LED E27 Advanced,Oświetlenie,2024-11-01,4,172.58
SKU-0160,Żarówka LED E27 Advanced,Oświetlenie,2024-12-01,7,185.74
SKU-0160,Żarówka LED E27 Advanced,Oświetlenie,2025-01-01,8,179.89
SKU-0160,Żarówka LED E27 Advanced,Oświetlenie,2025-02-01,6,189.13
SKU-0160,Żarówka LED E27 Advanced,Oświetlenie,2025-03-01,6,186.98
SKU-0160,Żarówka LED E27 Advanced,Oświetlenie,2025-04-01,3,176.41
SKU-0160,Żarówka LED E27 Advanced,Oświetlenie,2025-05-01,2,176.46
SKU-0160,Żarówka LED E27 Advanced,Oświetlenie,2025-06-01,2,189.92
SKU-0160,Żarówka LED E27 Advanced,Oświetlenie,2025-07-01,3,178.93
SKU-0160,Żarówka LED E27 Advanced,Oświetlenie,2025-08-01,3,178.97
SKU-0160,Żarówka LED E27 Advanced,Oświetlenie,2025-09-01,5,186.92
SKU-0160,Żarówka LED E27 Advanced,Oświetlenie,2025-10-01,6,173.12
SKU-0160,Żarówka LED E27 Advanced,Oświetlenie,2025-11-01,7,184.52
SKU-0160,Żarówka LED E27 Advanced,Oświetlenie,2025-12-01,8,186.84
SKU-0160,Żarówka LED E27 Advanced,Oświetlenie,2026-01-01,6,182.74
SKU-0160,Żarówka LED E27 Advanced,Oświetlenie,2026-02-01,6,172.28
SKU-0160,Żarówka LED E27 Advanced,Oświetlenie,2026-03-01,5,185.88
SKU-0160,Żarówka LED E27 Advanced,Oświetlenie,2026-04-01,4,174.25
SKU-0160,Żarówka LED E27 Advanced,Oświetlenie,2026-05-01,3,188.48
SKU-0160,Żarówka LED E27 Advanced,Oświetlenie,2026-06-01,2,173.62
SKU-0160,Żarówka LED E27 Advanced,Oświetlenie,2026-07-01,2,181.54
SKU-0161,Samochodzik zdalnie sterowany,Zabawki,2024-08-01,0,238.22
SKU-0161,Samochodzik zdalnie sterowany,Zabawki,2024-09-01,0,229.24
SKU-0161,Samochodzik zdalnie sterowany,Zabawki,2024-10-01,1,236.7
SKU-0161,Samochodzik zdalnie sterowany,Zabawki,2024-11-01,1,227.45
SKU-0161,Samochodzik zdalnie sterowany,Zabawki,2024-12-01,3,248.87
SKU-0161,Samochodzik zdalnie sterowany,Zabawki,2025-01-01,4,246.77
SKU-0161,Samochodzik zdalnie sterowany,Zabawki,2025-02-01,4,228.08
SKU-0161,Samochodzik zdalnie sterowany,Zabawki,2025-03-01,3,228.09
SKU-0161,Samochodzik zdalnie sterowany,Zabawki,2025-04-01,4,231.57
SKU-0161,Samochodzik zdalnie sterowany,Zabawki,2025-05-01,2,245.09
SKU-0161,Samochodzik zdalnie sterowany,Zabawki,2025-06-01,1,235.05
SKU-0161,Samochodzik zdalnie sterowany,Zabawki,2025-07-01,1,244.29
SKU-0161,Samochodzik zdalnie sterowany,Zabawki,2025-08-01,0,243.38
SKU-0161,Samochodzik zdalnie sterowany,Zabawki,2025-09-01,0,242.28
SKU-0161,Samochodzik zdalnie sterowany,Zabawki,2025-10-01,1,227.84
SKU-0161,Samochodzik zdalnie sterowany,Zabawki,2025-11-01,2,227.3
SKU-0161,Samochodzik zdalnie sterowany,Zabawki,2025-12-01,3,235.55
SKU-0161,Samochodzik zdalnie sterowany,Zabawki,2026-01-01,3,246.34
SKU-0161,Samochodzik zdalnie sterowany,Zabawki,2026-02-01,3,226.78
SKU-0161,Samochodzik zdalnie sterowany,Zabawki,2026-03-01,4,233.37
SKU-0161,Samochodzik zdalnie sterowany,Zabawki,2026-04-01,3,230.71
SKU-0161,Samochodzik zdalnie sterowany,Zabawki,2026-05-01,2,241.07
SKU-0161,Samochodzik zdalnie sterowany,Zabawki,2026-06-01,1,228.7
SKU-0161,Samochodzik zdalnie sterowany,Zabawki,2026-07-01,1,247.79
SKU-0162,Szampon do włosów Mini,Kosmetyki,2024-08-01,14,85.84
SKU-0162,Szampon do włosów Mini,Kosmetyki,2024-09-01,14,83.27
SKU-0162,Szampon do włosów Mini,Kosmetyki,2024-10-01,9,81.26
SKU-0162,Szampon do włosów Mini,Kosmetyki,2024-11-01,5,80.43
SKU-0162,Szampon do włosów Mini,Kosmetyki,2024-12-01,4,81.44
SKU-0162,Szampon do włosów Mini,Kosmetyki,2025-01-01,1,84.32
SKU-0162,Szampon do włosów Mini,Kosmetyki,2025-02-01,0,84.89
SKU-0162,Szampon do włosów Mini,Kosmetyki,2025-03-01,1,78.69
SKU-0162,Szampon do włosów Mini,Kosmetyki,2025-04-01,2,81.38
SKU-0162,Szampon do włosów Mini,Kosmetyki,2025-05-01,7,78.61
SKU-0162,Szampon do włosów Mini,Kosmetyki,2025-06-01,11,79.61
SKU-0162,Szampon do włosów Mini,Kosmetyki,2025-07-01,12,78.13
SKU-0162,Szampon do włosów Mini,Kosmetyki,2025-08-01,18,83.25
SKU-0162,Szampon do włosów Mini,Kosmetyki,2025-09-01,15,85.34
SKU-0162,Szampon do włosów Mini,Kosmetyki,2025-10-01,11,79.93
SKU-0162,Szampon do włosów Mini,Kosmetyki,2025-11-01,9,82.28
SKU-0162,Szampon do włosów Mini,Kosmetyki,2025-12-01,4,80.14
SKU-0162,Szampon do włosów Mini,Kosmetyki,2026-01-01,1,78.74
SKU-0162,Szampon do włosów Mini,Kosmetyki,2026-02-01,1,81.74
SKU-0162,Szampon do włosów Mini,Kosmetyki,2026-03-01,2,84.98
SKU-0162,Szampon do włosów Mini,Kosmetyki,2026-04-01,4,80.68
SKU-0162,Szampon do włosów Mini,Kosmetyki,2026-05-01,8,82.51
SKU-0162,Szampon do włosów Mini,Kosmetyki,2026-06-01,13,81.32
SKU-0162,Szampon do włosów Mini,Kosmetyki,2026-07-01,15,83.11
SKU-0163,Młotek stolarski Advanced,Narzędzia,2024-08-01,27,173.6
SKU-0163,Młotek stolarski Advanced,Narzędzia,2024-09-01,26,174.23
SKU-0163,Młotek stolarski Advanced,Narzędzia,2024-10-01,24,166.94
SKU-0163,Młotek stolarski Advanced,Narzędzia,2024-11-01,28,181.73
SKU-0163,Młotek stolarski Advanced,Narzędzia,2024-12-01,25,166.22
SKU-0163,Młotek stolarski Advanced,Narzędzia,2025-01-01,27,174.93
SKU-0163,Młotek stolarski Advanced,Narzędzia,2025-02-01,28,165.77
SKU-0163,Młotek stolarski Advanced,Narzędzia,2025-03-01,27,169.5
SKU-0163,Młotek stolarski Advanced,Narzędzia,2025-04-01,29,168.75
SKU-0163,Młotek stolarski Advanced,Narzędzia,2025-05-01,30,169.17
SKU-0163,Młotek stolarski Advanced,Narzędzia,2025-06-01,30,181.88
SKU-0163,Młotek stolarski Advanced,Narzędzia,2025-07-01,38,174.32
SKU-0163,Młotek stolarski Advanced,Narzędzia,2025-08-01,36,172.54
SKU-0163,Młotek stolarski Advanced,Narzędzia,2025-09-01,37,181.13
SKU-0163,Młotek stolarski Advanced,Narzędzia,2025-10-01,30,169.46
SKU-0163,Młotek stolarski Advanced,Narzędzia,2025-11-01,30,167.88
SKU-0163,Młotek stolarski Advanced,Narzędzia,2025-12-01,29,178.78
SKU-0163,Młotek stolarski Advanced,Narzędzia,2026-01-01,29,167.43
SKU-0163,Młotek stolarski Advanced,Narzędzia,2026-02-01,30,175.64
SKU-0163,Młotek stolarski Advanced,Narzędzia,2026-03-01,35,179.18
SKU-0163,Młotek stolarski Advanced,Narzędzia,2026-04-01,33,180.93
SKU-0163,Młotek stolarski Advanced,Narzędzia,2026-05-01,33,180.62
SKU-0163,Młotek stolarski Advanced,Narzędzia,2026-06-01,36,171.3
SKU-0163,Młotek stolarski Advanced,Narzędzia,2026-07-01,36,166.05
SKU-0164,Krzesło biurowe Pro,Meble,2024-08-01,6,1129.37
SKU-0164,Krzesło biurowe Pro,Meble,2024-09-01,0,1211.68
SKU-0164,Krzesło biurowe Pro,Meble,2024-10-01,0,1125.8
SKU-0164,Krzesło biurowe Pro,Meble,2024-11-01,0,1172.99
SKU-0164,Krzesło biurowe Pro,Meble,2024-12-01,21,1199.35
SKU-0164,Krzesło biurowe Pro,Meble,2025-01-01,3,1122.73
SKU-0164,Krzesło biurowe Pro,Meble,2025-02-01,0,1203.82
SKU-0164,Krzesło biurowe Pro,Meble,2025-03-01,3,1165.77
SKU-0164,Krzesło biurowe Pro,Meble,2025-04-01,6,1201.61
SKU-0164,Krzesło biurowe Pro,Meble,2025-05-01,11,1140.19
SKU-0164,Krzesło biurowe Pro,Meble,2025-06-01,2,1166.14
SKU-0164,Krzesło biurowe Pro,Meble,2025-07-01,19,1193.15
SKU-0164,Krzesło biurowe Pro,Meble,2025-08-01,11,1209.11
SKU-0164,Krzesło biurowe Pro,Meble,2025-09-01,18,1206.7
SKU-0164,Krzesło biurowe Pro,Meble,2025-10-01,10,1210.81
SKU-0164,Krzesło biurowe Pro,Meble,2025-11-01,12,1184.37
SKU-0164,Krzesło biurowe Pro,Meble,2025-12-01,0,1146.54
SKU-0164,Krzesło biurowe Pro,Meble,2026-01-01,20,1171.32
SKU-0164,Krzesło biurowe Pro,Meble,2026-02-01,0,1175.96
SKU-0164,Krzesło biurowe Pro,Meble,2026-03-01,31,1110.1
SKU-0164,Krzesło biurowe Pro,Meble,2026-04-01,29,1214.87
SKU-0164,Krzesło biurowe Pro,Meble,2026-05-01,0,1109.25
SKU-0164,Krzesło biurowe Pro,Meble,2026-06-01,7,1135.14
SKU-0164,Krzesło biurowe Pro,Meble,2026-07-01,11,1116.35
SKU-0165,Rolki fitness Classic,Sport i rekreacja,2024-08-01,1,170.31
SKU-0165,Rolki fitness Classic,Sport i rekreacja,2024-09-01,1,181.65
SKU-0165,Rolki fitness Classic,Sport i rekreacja,2024-10-01,1,178.23
SKU-0165,Rolki fitness Classic,Sport i rekreacja,2024-11-01,1,181.28
SKU-0165,Rolki fitness Classic,Sport i rekreacja,2024-12-01,2,172.15
SKU-0165,Rolki fitness Classic,Sport i rekreacja,2025-01-01,1,173.26
SKU-0165,Rolki fitness Classic,Sport i rekreacja,2025-02-01,2,179.68
SKU-0165,Rolki fitness Classic,Sport i rekreacja,2025-03-01,2,168.15
SKU-0165,Rolki fitness Classic,Sport i rekreacja,2025-04-01,1,174.0
SKU-0165,Rolki fitness Classic,Sport i rekreacja,2025-05-01,2,178.54
SKU-0165,Rolki fitness Classic,Sport i rekreacja,2025-06-01,1,180.02
SKU-0165,Rolki fitness Classic,Sport i rekreacja,2025-07-01,2,179.46
SKU-0165,Rolki fitness Classic,Sport i rekreacja,2025-08-01,2,167.14
SKU-0165,Rolki fitness Classic,Sport i rekreacja,2025-09-01,1,177.75
SKU-0165,Rolki fitness Classic,Sport i rekreacja,2025-10-01,1,177.63
SKU-0165,Rolki fitness Classic,Sport i rekreacja,2025-11-01,2,177.7
SKU-0165,Rolki fitness Classic,Sport i rekreacja,2025-12-01,1,166.72
SKU-0165,Rolki fitness Classic,Sport i rekreacja,2026-01-01,1,169.39
SKU-0165,Rolki fitness Classic,Sport i rekreacja,2026-02-01,1,168.03
SKU-0165,Rolki fitness Classic,Sport i rekreacja,2026-03-01,1,165.61
SKU-0165,Rolki fitness Classic,Sport i rekreacja,2026-04-01,2,179.67
SKU-0165,Rolki fitness Classic,Sport i rekreacja,2026-05-01,1,167.56
SKU-0165,Rolki fitness Classic,Sport i rekreacja,2026-06-01,1,165.72
SKU-0165,Rolki fitness Classic,Sport i rekreacja,2026-07-01,1,168.8
SKU-0166,Trampki klasyczne Plus,Obuwie,2024-08-01,18,274.5
SKU-0166,Trampki klasyczne Plus,Obuwie,2024-09-01,18,276.49
SKU-0166,Trampki klasyczne Plus,Obuwie,2024-10-01,18,261.85
SKU-0166,Trampki klasyczne Plus,Obuwie,2024-11-01,15,277.38
SKU-0166,Trampki klasyczne Plus,Obuwie,2024-12-01,14,274.02
SKU-0166,Trampki klasyczne Plus,Obuwie,2025-01-01,18,252.63
SKU-0166,Trampki klasyczne Plus,Obuwie,2025-02-01,18,260.14
SKU-0166,Trampki klasyczne Plus,Obuwie,2025-03-01,20,272.59
SKU-0166,Trampki klasyczne Plus,Obuwie,2025-04-01,18,277.87
SKU-0166,Trampki klasyczne Plus,Obuwie,2025-05-01,19,274.84
SKU-0166,Trampki klasyczne Plus,Obuwie,2025-06-01,20,257.64
SKU-0166,Trampki klasyczne Plus,Obuwie,2025-07-01,21,269.43
SKU-0166,Trampki klasyczne Plus,Obuwie,2025-08-01,19,265.42
SKU-0166,Trampki klasyczne Plus,Obuwie,2025-09-01,18,261.52
SKU-0166,Trampki klasyczne Plus,Obuwie,2025-10-01,20,276.07
SKU-0166,Trampki klasyczne Plus,Obuwie,2025-11-01,21,252.95
SKU-0166,Trampki klasyczne Plus,Obuwie,2025-12-01,20,268.41
SKU-0166,Trampki klasyczne Plus,Obuwie,2026-01-01,19,254.42
SKU-0166,Trampki klasyczne Plus,Obuwie,2026-02-01,19,276.98
SKU-0166,Trampki klasyczne Plus,Obuwie,2026-03-01,22,254.2
SKU-0166,Trampki klasyczne Plus,Obuwie,2026-04-01,24,274.93
SKU-0166,Trampki klasyczne Plus,Obuwie,2026-05-01,25,266.21
SKU-0166,Trampki klasyczne Plus,Obuwie,2026-06-01,20,263.08
SKU-0166,Trampki klasyczne Plus,Obuwie,2026-07-01,24,253.22
SKU-0167,Taśma LED RGB Mini,Oświetlenie,2024-08-01,26,103.48
SKU-0167,Taśma LED RGB Mini,Oświetlenie,2024-09-01,34,101.29
SKU-0167,Taśma LED RGB Mini,Oświetlenie,2024-10-01,56,107.44
SKU-0167,Taśma LED RGB Mini,Oświetlenie,2024-11-01,44,103.97
SKU-0167,Taśma LED RGB Mini,Oświetlenie,2024-12-01,45,106.97
SKU-0167,Taśma LED RGB Mini,Oświetlenie,2025-01-01,34,100.21
SKU-0167,Taśma LED RGB Mini,Oświetlenie,2025-02-01,20,98.93
SKU-0167,Taśma LED RGB Mini,Oświetlenie,2025-03-01,27,106.64
SKU-0167,Taśma LED RGB Mini,Oświetlenie,2025-04-01,9,104.32
SKU-0167,Taśma LED RGB Mini,Oświetlenie,2025-05-01,11,106.64
SKU-0167,Taśma LED RGB Mini,Oświetlenie,2025-06-01,21,97.79
SKU-0167,Taśma LED RGB Mini,Oświetlenie,2025-07-01,32,103.75
SKU-0167,Taśma LED RGB Mini,Oświetlenie,2025-08-01,37,97.89
SKU-0167,Taśma LED RGB Mini,Oświetlenie,2025-09-01,49,105.15
SKU-0167,Taśma LED RGB Mini,Oświetlenie,2025-10-01,61,107.31
SKU-0167,Taśma LED RGB Mini,Oświetlenie,2025-11-01,64,98.09
SKU-0167,Taśma LED RGB Mini,Oświetlenie,2025-12-01,50,100.78
SKU-0167,Taśma LED RGB Mini,Oświetlenie,2026-01-01,46,98.36
SKU-0167,Taśma LED RGB Mini,Oświetlenie,2026-02-01,14,103.93
SKU-0167,Taśma LED RGB Mini,Oświetlenie,2026-03-01,22,104.66
SKU-0167,Taśma LED RGB Mini,Oświetlenie,2026-04-01,15,102.61
SKU-0167,Taśma LED RGB Mini,Oświetlenie,2026-05-01,17,107.0
SKU-0167,Taśma LED RGB Mini,Oświetlenie,2026-06-01,16,103.0
SKU-0167,Taśma LED RGB Mini,Oświetlenie,2026-07-01,35,106.87
SKU-0168,Powerbank 10000mAh XL,Elektronika,2024-08-01,26,38.27
SKU-0168,Powerbank 10000mAh XL,Elektronika,2024-09-01,10,36.74
SKU-0168,Powerbank 10000mAh XL,Elektronika,2024-10-01,0,38.52
SKU-0168,Powerbank 10000mAh XL,Elektronika,2024-11-01,36,36.15
SKU-0168,Powerbank 10000mAh XL,Elektronika,2024-12-01,0,36.87
SKU-0168,Powerbank 10000mAh XL,Elektronika,2025-01-01,0,39.75
SKU-0168,Powerbank 10000mAh XL,Elektronika,2025-02-01,0,38.7
SKU-0168,Powerbank 10000mAh XL,Elektronika,2025-03-01,16,38.96
SKU-0168,Powerbank 10000mAh XL,Elektronika,2025-04-01,0,38.94
SKU-0168,Powerbank 10000mAh XL,Elektronika,2025-05-01,17,38.17
SKU-0168,Powerbank 10000mAh XL,Elektronika,2025-06-01,2,38.76
SKU-0168,Powerbank 10000mAh XL,Elektronika,2025-07-01,23,38.36
SKU-0168,Powerbank 10000mAh XL,Elektronika,2025-08-01,0,37.99
SKU-0168,Powerbank 10000mAh XL,Elektronika,2025-09-01,0,38.38
SKU-0168,Powerbank 10000mAh XL,Elektronika,2025-10-01,30,37.73
SKU-0168,Powerbank 10000mAh XL,Elektronika,2025-11-01,0,38.43
SKU-0168,Powerbank 10000mAh XL,Elektronika,2025-12-01,6,39.18
SKU-0168,Powerbank 10000mAh XL,Elektronika,2026-01-01,0,37.21
SKU-0168,Powerbank 10000mAh XL,Elektronika,2026-02-01,21,38.46
SKU-0168,Powerbank 10000mAh XL,Elektronika,2026-03-01,14,38.37
SKU-0168,Powerbank 10000mAh XL,Elektronika,2026-04-01,0,38.21
SKU-0168,Powerbank 10000mAh XL,Elektronika,2026-05-01,0,36.54
SKU-0168,Powerbank 10000mAh XL,Elektronika,2026-06-01,2,39.44
SKU-0168,Powerbank 10000mAh XL,Elektronika,2026-07-01,0,36.9
SKU-0169,Buty sportowe Eco,Obuwie,2024-08-01,21,357.36
SKU-0169,Buty sportowe Eco,Obuwie,2024-09-01,9,352.66
SKU-0169,Buty sportowe Eco,Obuwie,2024-10-01,13,332.12
SKU-0169,Buty sportowe Eco,Obuwie,2024-11-01,24,364.64
SKU-0169,Buty sportowe Eco,Obuwie,2024-12-01,42,364.3
SKU-0169,Buty sportowe Eco,Obuwie,2025-01-01,45,365.79
SKU-0169,Buty sportowe Eco,Obuwie,2025-02-01,55,345.29
SKU-0169,Buty sportowe Eco,Obuwie,2025-03-01,62,357.46
SKU-0169,Buty sportowe Eco,Obuwie,2025-04-01,100,350.14
SKU-0169,Buty sportowe Eco,Obuwie,2025-05-01,90,332.45
SKU-0169,Buty sportowe Eco,Obuwie,2025-06-01,48,358.29
SKU-0169,Buty sportowe Eco,Obuwie,2025-07-01,43,365.4
SKU-0169,Buty sportowe Eco,Obuwie,2025-08-01,27,352.28
SKU-0169,Buty sportowe Eco,Obuwie,2025-09-01,15,361.36
SKU-0169,Buty sportowe Eco,Obuwie,2025-10-01,11,344.98
SKU-0169,Buty sportowe Eco,Obuwie,2025-11-01,23,345.53
SKU-0169,Buty sportowe Eco,Obuwie,2025-12-01,34,333.87
SKU-0169,Buty sportowe Eco,Obuwie,2026-01-01,79,358.31
SKU-0169,Buty sportowe Eco,Obuwie,2026-02-01,59,338.95
SKU-0169,Buty sportowe Eco,Obuwie,2026-03-01,64,348.72
SKU-0169,Buty sportowe Eco,Obuwie,2026-04-01,113,352.85
SKU-0169,Buty sportowe Eco,Obuwie,2026-05-01,91,349.93
SKU-0169,Buty sportowe Eco,Obuwie,2026-06-01,67,355.38
SKU-0169,Buty sportowe Eco,Obuwie,2026-07-01,52,332.51
SKU-0170,Herbata czarna 100g Mini,Spożywcze,2024-08-01,2,47.64
SKU-0170,Herbata czarna 100g Mini,Spożywcze,2024-09-01,1,49.16
SKU-0170,Herbata czarna 100g Mini,Spożywcze,2024-10-01,0,51.47
SKU-0170,Herbata czarna 100g Mini,Spożywcze,2024-11-01,3,50.71
SKU-0170,Herbata czarna 100g Mini,Spożywcze,2024-12-01,0,51.2
SKU-0170,Herbata czarna 100g Mini,Spożywcze,2025-01-01,0,47.77
SKU-0170,Herbata czarna 100g Mini,Spożywcze,2025-02-01,6,50.0
SKU-0170,Herbata czarna 100g Mini,Spożywcze,2025-03-01,4,50.62
SKU-0170,Herbata czarna 100g Mini,Spożywcze,2025-04-01,0,49.8
SKU-0170,Herbata czarna 100g Mini,Spożywcze,2025-05-01,10,48.49
SKU-0170,Herbata czarna 100g Mini,Spożywcze,2025-06-01,0,50.31
SKU-0170,Herbata czarna 100g Mini,Spożywcze,2025-07-01,8,50.15
SKU-0170,Herbata czarna 100g Mini,Spożywcze,2025-08-01,7,49.73
SKU-0170,Herbata czarna 100g Mini,Spożywcze,2025-09-01,0,50.31
SKU-0170,Herbata czarna 100g Mini,Spożywcze,2025-10-01,2,50.04
SKU-0170,Herbata czarna 100g Mini,Spożywcze,2025-11-01,5,50.26
SKU-0170,Herbata czarna 100g Mini,Spożywcze,2025-12-01,1,48.04
SKU-0170,Herbata czarna 100g Mini,Spożywcze,2026-01-01,0,50.2
SKU-0170,Herbata czarna 100g Mini,Spożywcze,2026-02-01,5,48.8
SKU-0170,Herbata czarna 100g Mini,Spożywcze,2026-03-01,5,47.57
SKU-0170,Herbata czarna 100g Mini,Spożywcze,2026-04-01,0,50.11
SKU-0170,Herbata czarna 100g Mini,Spożywcze,2026-05-01,0,50.91
SKU-0170,Herbata czarna 100g Mini,Spożywcze,2026-06-01,0,47.12
SKU-0170,Herbata czarna 100g Mini,Spożywcze,2026-07-01,2,47.62
SKU-0171,Kozaki zimowe Plus,Obuwie,2024-08-01,6,114.79
SKU-0171,Kozaki zimowe Plus,Obuwie,2024-09-01,7,112.63
SKU-0171,Kozaki zimowe Plus,Obuwie,2024-10-01,6,112.06
SKU-0171,Kozaki zimowe Plus,Obuwie,2024-11-01,6,114.51
SKU-0171,Kozaki zimowe Plus,Obuwie,2024-12-01,6,113.24
SKU-0171,Kozaki zimowe Plus,Obuwie,2025-01-01,5,115.7
SKU-0171,Kozaki zimowe Plus,Obuwie,2025-02-01,6,111.77
SKU-0171,Kozaki zimowe Plus,Obuwie,2025-03-01,6,110.21
SKU-0171,Kozaki zimowe Plus,Obuwie,2025-04-01,5,113.25
SKU-0171,Kozaki zimowe Plus,Obuwie,2025-05-01,5,109.72
SKU-0171,Kozaki zimowe Plus,Obuwie,2025-06-01,6,116.46
SKU-0171,Kozaki zimowe Plus,Obuwie,2025-07-01,6,113.19
SKU-0171,Kozaki zimowe Plus,Obuwie,2025-08-01,5,112.32
SKU-0171,Kozaki zimowe Plus,Obuwie,2025-09-01,5,109.65
SKU-0171,Kozaki zimowe Plus,Obuwie,2025-10-01,5,113.91
SKU-0171,Kozaki zimowe Plus,Obuwie,2025-11-01,6,114.56
SKU-0171,Kozaki zimowe Plus,Obuwie,2025-12-01,5,109.59
SKU-0171,Kozaki zimowe Plus,Obuwie,2026-01-01,5,117.29
SKU-0171,Kozaki zimowe Plus,Obuwie,2026-02-01,5,115.52
SKU-0171,Kozaki zimowe Plus,Obuwie,2026-03-01,5,116.07
SKU-0171,Kozaki zimowe Plus,Obuwie,2026-04-01,5,110.15
SKU-0171,Kozaki zimowe Plus,Obuwie,2026-05-01,5,115.86
SKU-0171,Kozaki zimowe Plus,Obuwie,2026-06-01,4,117.6
SKU-0171,Kozaki zimowe Plus,Obuwie,2026-07-01,6,113.46
SKU-0172,Lampa biurkowa Eco,Oświetlenie,2024-08-01,4,15.21
SKU-0172,Lampa biurkowa Eco,Oświetlenie,2024-09-01,7,14.5
SKU-0172,Lampa biurkowa Eco,Oświetlenie,2024-10-01,0,15.0
SKU-0172,Lampa biurkowa Eco,Oświetlenie,2024-11-01,0,15.88
SKU-0172,Lampa biurkowa Eco,Oświetlenie,2024-12-01,2,15.23
SKU-0172,Lampa biurkowa Eco,Oświetlenie,2025-01-01,3,15.37
SKU-0172,Lampa biurkowa Eco,Oświetlenie,2025-02-01,3,15.8
SKU-0172,Lampa biurkowa Eco,Oświetlenie,2025-03-01,7,15.34
SKU-0172,Lampa biurkowa Eco,Oświetlenie,2025-04-01,1,15.55
SKU-0172,Lampa biurkowa Eco,Oświetlenie,2025-05-01,0,15.91
SKU-0172,Lampa biurkowa Eco,Oświetlenie,2025-06-01,0,15.19
SKU-0172,Lampa biurkowa Eco,Oświetlenie,2025-07-01,6,15.25
SKU-0172,Lampa biurkowa Eco,Oświetlenie,2025-08-01,7,15.71
SKU-0172,Lampa biurkowa Eco,Oświetlenie,2025-09-01,0,14.83
SKU-0172,Lampa biurkowa Eco,Oświetlenie,2025-10-01,3,15.64
SKU-0172,Lampa biurkowa Eco,Oświetlenie,2025-11-01,2,15.08
SKU-0172,Lampa biurkowa Eco,Oświetlenie,2025-12-01,0,15.37
SKU-0172,Lampa biurkowa Eco,Oświetlenie,2026-01-01,3,15.6
SKU-0172,Lampa biurkowa Eco,Oświetlenie,2026-02-01,7,15.88
SKU-0172,Lampa biurkowa Eco,Oświetlenie,2026-03-01,0,15.26
SKU-0172,Lampa biurkowa Eco,Oświetlenie,2026-04-01,4,15.22
SKU-0172,Lampa biurkowa Eco,Oświetlenie,2026-05-01,0,14.49
SKU-0172,Lampa biurkowa Eco,Oświetlenie,2026-06-01,0,14.91
SKU-0172,Lampa biurkowa Eco,Oświetlenie,2026-07-01,0,15.86
SKU-0173,Grill węglowy,Ogród,2024-08-01,15,148.43
SKU-0173,Grill węglowy,Ogród,2024-09-01,8,143.74
SKU-0173,Grill węglowy,Ogród,2024-10-01,12,139.42
SKU-0173,Grill węglowy,Ogród,2024-11-01,0,144.19
SKU-0173,Grill węglowy,Ogród,2024-12-01,2,142.89
SKU-0173,Grill węglowy,Ogród,2025-01-01,6,136.63
SKU-0173,Grill węglowy,Ogród,2025-02-01,12,139.68
SKU-0173,Grill węglowy,Ogród,2025-03-01,6,142.58
SKU-0173,Grill węglowy,Ogród,2025-04-01,13,140.66
SKU-0173,Grill węglowy,Ogród,2025-05-01,0,140.19
SKU-0173,Grill węglowy,Ogród,2025-06-01,15,142.84
SKU-0173,Grill węglowy,Ogród,2025-07-01,9,135.63
SKU-0173,Grill węglowy,Ogród,2025-08-01,5,144.72
SKU-0173,Grill węglowy,Ogród,2025-09-01,0,137.8
SKU-0173,Grill węglowy,Ogród,2025-10-01,9,140.52
SKU-0173,Grill węglowy,Ogród,2025-11-01,6,139.98
SKU-0173,Grill węglowy,Ogród,2025-12-01,1,140.42
SKU-0173,Grill węglowy,Ogród,2026-01-01,0,141.18
SKU-0173,Grill węglowy,Ogród,2026-02-01,0,148.17
SKU-0173,Grill węglowy,Ogród,2026-03-01,0,139.02
SKU-0173,Grill węglowy,Ogród,2026-04-01,16,142.56
SKU-0173,Grill węglowy,Ogród,2026-05-01,0,140.06
SKU-0173,Grill węglowy,Ogród,2026-06-01,7,145.02
SKU-0173,Grill węglowy,Ogród,2026-07-01,15,142.42
SKU-0174,Grill węglowy Pro,Ogród,2024-08-01,2,107.7
SKU-0174,Grill węglowy Pro,Ogród,2024-09-01,0,113.58
SKU-0174,Grill węglowy Pro,Ogród,2024-10-01,3,118.05
SKU-0174,Grill węglowy Pro,Ogród,2024-11-01,4,112.5
SKU-0174,Grill węglowy Pro,Ogród,2024-12-01,2,117.4
SKU-0174,Grill węglowy Pro,Ogród,2025-01-01,7,117.52
SKU-0174,Grill węglowy Pro,Ogród,2025-02-01,0,112.05
SKU-0174,Grill węglowy Pro,Ogród,2025-03-01,1,111.29
SKU-0174,Grill węglowy Pro,Ogród,2025-04-01,6,116.25
SKU-0174,Grill węglowy Pro,Ogród,2025-05-01,0,107.61
SKU-0174,Grill węglowy Pro,Ogród,2025-06-01,3,107.67
SKU-0174,Grill węglowy Pro,Ogród,2025-07-01,0,114.27
SKU-0174,Grill węglowy Pro,Ogród,2025-08-01,10,113.13
SKU-0174,Grill węglowy Pro,Ogród,2025-09-01,4,117.28
SKU-0174,Grill węglowy Pro,Ogród,2025-10-01,4,108.33
SKU-0174,Grill węglowy Pro,Ogród,2025-11-01,0,109.14
SKU-0174,Grill węglowy Pro,Ogród,2025-12-01,0,112.41
SKU-0174,Grill węglowy Pro,Ogród,2026-01-01,8,114.22
SKU-0174,Grill węglowy Pro,Ogród,2026-02-01,6,112.78
SKU-0174,Grill węglowy Pro,Ogród,2026-03-01,0,117.47
SKU-0174,Grill węglowy Pro,Ogród,2026-04-01,4,109.5
SKU-0174,Grill węglowy Pro,Ogród,2026-05-01,0,109.79
SKU-0174,Grill węglowy Pro,Ogród,2026-06-01,4,117.16
SKU-0174,Grill węglowy Pro,Ogród,2026-07-01,7,115.25
SKU-0175,Płyn do spryskiwaczy Mini,Motoryzacja,2024-08-01,1,162.22
SKU-0175,Płyn do spryskiwaczy Mini,Motoryzacja,2024-09-01,1,152.97
SKU-0175,Płyn do spryskiwaczy Mini,Motoryzacja,2024-10-01,1,155.84
SKU-0175,Płyn do spryskiwaczy Mini,Motoryzacja,2024-11-01,1,157.24
SKU-0175,Płyn do spryskiwaczy Mini,Motoryzacja,2024-12-01,1,162.96
SKU-0175,Płyn do spryskiwaczy Mini,Motoryzacja,2025-01-01,1,148.73
SKU-0175,Płyn do spryskiwaczy Mini,Motoryzacja,2025-02-01,1,150.68
SKU-0175,Płyn do spryskiwaczy Mini,Motoryzacja,2025-03-01,1,162.13
SKU-0175,Płyn do spryskiwaczy Mini,Motoryzacja,2025-04-01,1,160.4
SKU-0175,Płyn do spryskiwaczy Mini,Motoryzacja,2025-05-01,1,163.14
SKU-0175,Płyn do spryskiwaczy Mini,Motoryzacja,2025-06-01,1,149.17
SKU-0175,Płyn do spryskiwaczy Mini,Motoryzacja,2025-07-01,1,158.77
SKU-0175,Płyn do spryskiwaczy Mini,Motoryzacja,2025-08-01,1,148.26
SKU-0175,Płyn do spryskiwaczy Mini,Motoryzacja,2025-09-01,2,149.04
SKU-0175,Płyn do spryskiwaczy Mini,Motoryzacja,2025-10-01,2,156.29
SKU-0175,Płyn do spryskiwaczy Mini,Motoryzacja,2025-11-01,1,149.95
SKU-0175,Płyn do spryskiwaczy Mini,Motoryzacja,2025-12-01,1,148.56
SKU-0175,Płyn do spryskiwaczy Mini,Motoryzacja,2026-01-01,1,156.64
SKU-0175,Płyn do spryskiwaczy Mini,Motoryzacja,2026-02-01,1,161.14
SKU-0175,Płyn do spryskiwaczy Mini,Motoryzacja,2026-03-01,1,150.11
SKU-0175,Płyn do spryskiwaczy Mini,Motoryzacja,2026-04-01,2,161.4
SKU-0175,Płyn do spryskiwaczy Mini,Motoryzacja,2026-05-01,2,161.32
SKU-0175,Płyn do spryskiwaczy Mini,Motoryzacja,2026-06-01,2,158.64
SKU-0175,Płyn do spryskiwaczy Mini,Motoryzacja,2026-07-01,2,158.39
SKU-0176,Zszywacz biurowy XL,Artykuły biurowe,2024-08-01,8,21.23
SKU-0176,Zszywacz biurowy XL,Artykuły biurowe,2024-09-01,9,23.32
SKU-0176,Zszywacz biurowy XL,Artykuły biurowe,2024-10-01,10,21.89
SKU-0176,Zszywacz biurowy XL,Artykuły biurowe,2024-11-01,12,22.16
SKU-0176,Zszywacz biurowy XL,Artykuły biurowe,2024-12-01,14,21.86
SKU-0176,Zszywacz biurowy XL,Artykuły biurowe,2025-01-01,11,22.68
SKU-0176,Zszywacz biurowy XL,Artykuły biurowe,2025-02-01,13,23.1
SKU-0176,Zszywacz biurowy XL,Artykuły biurowe,2025-03-01,12,22.58
SKU-0176,Zszywacz biurowy XL,Artykuły biurowe,2025-04-01,11,21.76
SKU-0176,Zszywacz biurowy XL,Artykuły biurowe,2025-05-01,10,23.01
SKU-0176,Zszywacz biurowy XL,Artykuły biurowe,2025-06-01,10,22.15
SKU-0176,Zszywacz biurowy XL,Artykuły biurowe,2025-07-01,11,22.44
SKU-0176,Zszywacz biurowy XL,Artykuły biurowe,2025-08-01,10,22.36
SKU-0176,Zszywacz biurowy XL,Artykuły biurowe,2025-09-01,11,23.05
SKU-0176,Zszywacz biurowy XL,Artykuły biurowe,2025-10-01,14,22.0
SKU-0176,Zszywacz biurowy XL,Artykuły biurowe,2025-11-01,15,23.12
SKU-0176,Zszywacz biurowy XL,Artykuły biurowe,2025-12-01,14,21.99
SKU-0176,Zszywacz biurowy XL,Artykuły biurowe,2026-01-01,14,23.35
SKU-0176,Zszywacz biurowy XL,Artykuły biurowe,2026-02-01,14,21.28
SKU-0176,Zszywacz biurowy XL,Artykuły biurowe,2026-03-01,14,22.68
SKU-0176,Zszywacz biurowy XL,Artykuły biurowe,2026-04-01,13,21.93
SKU-0176,Zszywacz biurowy XL,Artykuły biurowe,2026-05-01,12,23.03
SKU-0176,Zszywacz biurowy XL,Artykuły biurowe,2026-06-01,11,22.82
SKU-0176,Zszywacz biurowy XL,Artykuły biurowe,2026-07-01,13,23.26
SKU-0177,Żarówka LED E27 Classic,Oświetlenie,2024-08-01,0,307.34
SKU-0177,Żarówka LED E27 Classic,Oświetlenie,2024-09-01,4,293.0
SKU-0177,Żarówka LED E27 Classic,Oświetlenie,2024-10-01,0,291.33
SKU-0177,Żarówka LED E27 Classic,Oświetlenie,2024-11-01,1,298.97
SKU-0177,Żarówka LED E27 Classic,Oświetlenie,2024-12-01,0,287.18
SKU-0177,Żarówka LED E27 Classic,Oświetlenie,2025-01-01,0,311.64
SKU-0177,Żarówka LED E27 Classic,Oświetlenie,2025-02-01,4,286.08
SKU-0177,Żarówka LED E27 Classic,Oświetlenie,2025-03-01,2,312.62
SKU-0177,Żarówka LED E27 Classic,Oświetlenie,2025-04-01,0,289.63
SKU-0177,Żarówka LED E27 Classic,Oświetlenie,2025-05-01,7,310.81
SKU-0177,Żarówka LED E27 Classic,Oświetlenie,2025-06-01,12,303.35
SKU-0177,Żarówka LED E27 Classic,Oświetlenie,2025-07-01,10,304.05
SKU-0177,Żarówka LED E27 Classic,Oświetlenie,2025-08-01,0,297.73
SKU-0177,Żarówka LED E27 Classic,Oświetlenie,2025-09-01,0,307.53
SKU-0177,Żarówka LED E27 Classic,Oświetlenie,2025-10-01,0,302.97
SKU-0177,Żarówka LED E27 Classic,Oświetlenie,2025-11-01,0,310.57
SKU-0177,Żarówka LED E27 Classic,Oświetlenie,2025-12-01,8,294.19
SKU-0177,Żarówka LED E27 Classic,Oświetlenie,2026-01-01,3,308.99
SKU-0177,Żarówka LED E27 Classic,Oświetlenie,2026-02-01,1,312.46
SKU-0177,Żarówka LED E27 Classic,Oświetlenie,2026-03-01,0,297.66
SKU-0177,Żarówka LED E27 Classic,Oświetlenie,2026-04-01,2,293.06
SKU-0177,Żarówka LED E27 Classic,Oświetlenie,2026-05-01,6,303.33
SKU-0177,Żarówka LED E27 Classic,Oświetlenie,2026-06-01,3,303.85
SKU-0177,Żarówka LED E27 Classic,Oświetlenie,2026-07-01,11,297.01
SKU-0178,Antena DVB-T Premium,RTV,2024-08-01,2,577.38
SKU-0178,Antena DVB-T Premium,RTV,2024-09-01,2,582.01
SKU-0178,Antena DVB-T Premium,RTV,2024-10-01,2,591.72
SKU-0178,Antena DVB-T Premium,RTV,2024-11-01,2,542.23
SKU-0178,Antena DVB-T Premium,RTV,2024-12-01,2,553.78
SKU-0178,Antena DVB-T Premium,RTV,2025-01-01,2,538.19
SKU-0178,Antena DVB-T Premium,RTV,2025-02-01,2,582.33
SKU-0178,Antena DVB-T Premium,RTV,2025-03-01,2,555.32
SKU-0178,Antena DVB-T Premium,RTV,2025-04-01,2,584.9
SKU-0178,Antena DVB-T Premium,RTV,2025-05-01,2,584.03
SKU-0178,Antena DVB-T Premium,RTV,2025-06-01,2,566.53
SKU-0178,Antena DVB-T Premium,RTV,2025-07-01,2,577.58
SKU-0178,Antena DVB-T Premium,RTV,2025-08-01,2,588.63
SKU-0178,Antena DVB-T Premium,RTV,2025-09-01,2,544.71
SKU-0178,Antena DVB-T Premium,RTV,2025-10-01,2,538.72
SKU-0178,Antena DVB-T Premium,RTV,2025-11-01,2,541.74
SKU-0178,Antena DVB-T Premium,RTV,2025-12-01,2,541.33
SKU-0178,Antena DVB-T Premium,RTV,2026-01-01,2,575.04
SKU-0178,Antena DVB-T Premium,RTV,2026-02-01,2,591.1
SKU-0178,Antena DVB-T Premium,RTV,2026-03-01,3,585.01
SKU-0178,Antena DVB-T Premium,RTV,2026-04-01,3,555.14
SKU-0178,Antena DVB-T Premium,RTV,2026-05-01,2,550.34
SKU-0178,Antena DVB-T Premium,RTV,2026-06-01,2,588.74
SKU-0178,Antena DVB-T Premium,RTV,2026-07-01,2,573.29
SKU-0179,Marker permanentny Compact,Artykuły biurowe,2024-08-01,6,7.13
SKU-0179,Marker permanentny Compact,Artykuły biurowe,2024-09-01,6,7.65
SKU-0179,Marker permanentny Compact,Artykuły biurowe,2024-10-01,6,7.16
SKU-0179,Marker permanentny Compact,Artykuły biurowe,2024-11-01,6,7.63
SKU-0179,Marker permanentny Compact,Artykuły biurowe,2024-12-01,6,6.97
SKU-0179,Marker permanentny Compact,Artykuły biurowe,2025-01-01,7,7.57
SKU-0179,Marker permanentny Compact,Artykuły biurowe,2025-02-01,6,7.49
SKU-0179,Marker permanentny Compact,Artykuły biurowe,2025-03-01,7,7.61
SKU-0179,Marker permanentny Compact,Artykuły biurowe,2025-04-01,6,7.41
SKU-0179,Marker permanentny Compact,Artykuły biurowe,2025-05-01,6,7.6
SKU-0179,Marker permanentny Compact,Artykuły biurowe,2025-06-01,5,7.16
SKU-0179,Marker permanentny Compact,Artykuły biurowe,2025-07-01,7,7.15
SKU-0179,Marker permanentny Compact,Artykuły biurowe,2025-08-01,7,7.53
SKU-0179,Marker permanentny Compact,Artykuły biurowe,2025-09-01,6,7.36
SKU-0179,Marker permanentny Compact,Artykuły biurowe,2025-10-01,7,7.54
SKU-0179,Marker permanentny Compact,Artykuły biurowe,2025-11-01,7,7.11
SKU-0179,Marker permanentny Compact,Artykuły biurowe,2025-12-01,7,7.64
SKU-0179,Marker permanentny Compact,Artykuły biurowe,2026-01-01,8,7.46
SKU-0179,Marker permanentny Compact,Artykuły biurowe,2026-02-01,8,7.65
SKU-0179,Marker permanentny Compact,Artykuły biurowe,2026-03-01,8,7.41
SKU-0179,Marker permanentny Compact,Artykuły biurowe,2026-04-01,7,7.12
SKU-0179,Marker permanentny Compact,Artykuły biurowe,2026-05-01,7,7.05
SKU-0179,Marker permanentny Compact,Artykuły biurowe,2026-06-01,5,7.39
SKU-0179,Marker permanentny Compact,Artykuły biurowe,2026-07-01,7,7.19
SKU-0180,Namiot turystyczny Compact,Sport i rekreacja,2024-08-01,29,400.17
SKU-0180,Namiot turystyczny Compact,Sport i rekreacja,2024-09-01,40,414.05
SKU-0180,Namiot turystyczny Compact,Sport i rekreacja,2024-10-01,40,427.81
SKU-0180,Namiot turystyczny Compact,Sport i rekreacja,2024-11-01,33,427.85
SKU-0180,Namiot turystyczny Compact,Sport i rekreacja,2024-12-01,24,397.88
SKU-0180,Namiot turystyczny Compact,Sport i rekreacja,2025-01-01,22,395.82
SKU-0180,Namiot turystyczny Compact,Sport i rekreacja,2025-02-01,8,422.15
SKU-0180,Namiot turystyczny Compact,Sport i rekreacja,2025-03-01,5,414.37
SKU-0180,Namiot turystyczny Compact,Sport i rekreacja,2025-04-01,3,396.84
SKU-0180,Namiot turystyczny Compact,Sport i rekreacja,2025-05-01,6,428.66
SKU-0180,Namiot turystyczny Compact,Sport i rekreacja,2025-06-01,14,406.82
SKU-0180,Namiot turystyczny Compact,Sport i rekreacja,2025-07-01,17,404.69
SKU-0180,Namiot turystyczny Compact,Sport i rekreacja,2025-08-01,28,420.44
SKU-0180,Namiot turystyczny Compact,Sport i rekreacja,2025-09-01,27,417.72
SKU-0180,Namiot turystyczny Compact,Sport i rekreacja,2025-10-01,22,409.54
SKU-0180,Namiot turystyczny Compact,Sport i rekreacja,2025-11-01,25,407.27
SKU-0180,Namiot turystyczny Compact,Sport i rekreacja,2025-12-01,31,394.02
SKU-0180,Namiot turystyczny Compact,Sport i rekreacja,2026-01-01,22,391.42
SKU-0180,Namiot turystyczny Compact,Sport i rekreacja,2026-02-01,10,423.36
SKU-0180,Namiot turystyczny Compact,Sport i rekreacja,2026-03-01,8,402.63
SKU-0180,Namiot turystyczny Compact,Sport i rekreacja,2026-04-01,5,412.51
SKU-0180,Namiot turystyczny Compact,Sport i rekreacja,2026-05-01,6,393.72
SKU-0180,Namiot turystyczny Compact,Sport i rekreacja,2026-06-01,16,391.86
SKU-0180,Namiot turystyczny Compact,Sport i rekreacja,2026-07-01,22,413.14
SKU-0181,Zeszyt A5,Artykuły biurowe,2024-08-01,52,24.01
SKU-0181,Zeszyt A5,Artykuły biurowe,2024-09-01,50,23.39
SKU-0181,Zeszyt A5,Artykuły biurowe,2024-10-01,40,22.97
SKU-0181,Zeszyt A5,Artykuły biurowe,2024-11-01,27,23.87
SKU-0181,Zeszyt A5,Artykuły biurowe,2024-12-01,26,23.23
SKU-0181,Zeszyt A5,Artykuły biurowe,2025-01-01,13,24.29
SKU-0181,Zeszyt A5,Artykuły biurowe,2025-02-01,16,23.36
SKU-0181,Zeszyt A5,Artykuły biurowe,2025-03-01,17,23.35
SKU-0181,Zeszyt A5,Artykuły biurowe,2025-04-01,22,23.44
SKU-0181,Zeszyt A5,Artykuły biurowe,2025-05-01,18,24.46
SKU-0181,Zeszyt A5,Artykuły biurowe,2025-06-01,21,23.4
SKU-0181,Zeszyt A5,Artykuły biurowe,2025-07-01,48,24.2
SKU-0181,Zeszyt A5,Artykuły biurowe,2025-08-01,46,23.29
SKU-0181,Zeszyt A5,Artykuły biurowe,2025-09-01,45,24.31
SKU-0181,Zeszyt A5,Artykuły biurowe,2025-10-01,44,22.99
SKU-0181,Zeszyt A5,Artykuły biurowe,2025-11-01,21,23.73
SKU-0181,Zeszyt A5,Artykuły biurowe,2025-12-01,35,24.53
SKU-0181,Zeszyt A5,Artykuły biurowe,2026-01-01,19,23.88
SKU-0181,Zeszyt A5,Artykuły biurowe,2026-02-01,16,24.22
SKU-0181,Zeszyt A5,Artykuły biurowe,2026-03-01,17,23.73
SKU-0181,Zeszyt A5,Artykuły biurowe,2026-04-01,24,23.11
SKU-0181,Zeszyt A5,Artykuły biurowe,2026-05-01,28,23.85
SKU-0181,Zeszyt A5,Artykuły biurowe,2026-06-01,42,24.15
SKU-0181,Zeszyt A5,Artykuły biurowe,2026-07-01,65,23.88
SKU-0182,Dezodorant w kulce Pro,Kosmetyki,2024-08-01,2,15.71
SKU-0182,Dezodorant w kulce Pro,Kosmetyki,2024-09-01,4,15.75
SKU-0182,Dezodorant w kulce Pro,Kosmetyki,2024-10-01,4,16.15
SKU-0182,Dezodorant w kulce Pro,Kosmetyki,2024-11-01,2,16.15
SKU-0182,Dezodorant w kulce Pro,Kosmetyki,2024-12-01,0,17.2
SKU-0182,Dezodorant w kulce Pro,Kosmetyki,2025-01-01,0,17.34
SKU-0182,Dezodorant w kulce Pro,Kosmetyki,2025-02-01,4,16.13
SKU-0182,Dezodorant w kulce Pro,Kosmetyki,2025-03-01,5,16.79
SKU-0182,Dezodorant w kulce Pro,Kosmetyki,2025-04-01,8,15.89
SKU-0182,Dezodorant w kulce Pro,Kosmetyki,2025-05-01,2,16.89
SKU-0182,Dezodorant w kulce Pro,Kosmetyki,2025-06-01,0,16.35
SKU-0182,Dezodorant w kulce Pro,Kosmetyki,2025-07-01,0,16.08
SKU-0182,Dezodorant w kulce Pro,Kosmetyki,2025-08-01,4,16.08
SKU-0182,Dezodorant w kulce Pro,Kosmetyki,2025-09-01,5,16.02
SKU-0182,Dezodorant w kulce Pro,Kosmetyki,2025-10-01,0,16.24
SKU-0182,Dezodorant w kulce Pro,Kosmetyki,2025-11-01,0,16.83
SKU-0182,Dezodorant w kulce Pro,Kosmetyki,2025-12-01,4,16.5
SKU-0182,Dezodorant w kulce Pro,Kosmetyki,2026-01-01,1,16.1
SKU-0182,Dezodorant w kulce Pro,Kosmetyki,2026-02-01,0,16.53
SKU-0182,Dezodorant w kulce Pro,Kosmetyki,2026-03-01,5,16.98
SKU-0182,Dezodorant w kulce Pro,Kosmetyki,2026-04-01,2,16.09
SKU-0182,Dezodorant w kulce Pro,Kosmetyki,2026-05-01,10,17.13
SKU-0182,Dezodorant w kulce Pro,Kosmetyki,2026-06-01,5,17.33
SKU-0182,Dezodorant w kulce Pro,Kosmetyki,2026-07-01,4,16.76
SKU-0183,Żel pod prysznic Eco,Kosmetyki,2024-08-01,34,103.0
SKU-0183,Żel pod prysznic Eco,Kosmetyki,2024-09-01,51,102.08
SKU-0183,Żel pod prysznic Eco,Kosmetyki,2024-10-01,60,100.07
SKU-0183,Żel pod prysznic Eco,Kosmetyki,2024-11-01,48,98.85
SKU-0183,Żel pod prysznic Eco,Kosmetyki,2024-12-01,78,104.57
SKU-0183,Żel pod prysznic Eco,Kosmetyki,2025-01-01,76,99.32
SKU-0183,Żel pod prysznic Eco,Kosmetyki,2025-02-01,113,97.14
SKU-0183,Żel pod prysznic Eco,Kosmetyki,2025-03-01,71,105.14
SKU-0183,Żel pod prysznic Eco,Kosmetyki,2025-04-01,44,95.61
SKU-0183,Żel pod prysznic Eco,Kosmetyki,2025-05-01,30,98.14
SKU-0183,Żel pod prysznic Eco,Kosmetyki,2025-06-01,20,100.18
SKU-0183,Żel pod prysznic Eco,Kosmetyki,2025-07-01,23,101.43
SKU-0183,Żel pod prysznic Eco,Kosmetyki,2025-08-01,38,102.3
SKU-0183,Żel pod prysznic Eco,Kosmetyki,2025-09-01,50,96.82
SKU-0183,Żel pod prysznic Eco,Kosmetyki,2025-10-01,66,100.49
SKU-0183,Żel pod prysznic Eco,Kosmetyki,2025-11-01,85,99.59
SKU-0183,Żel pod prysznic Eco,Kosmetyki,2025-12-01,81,100.64
SKU-0183,Żel pod prysznic Eco,Kosmetyki,2026-01-01,102,99.27
SKU-0183,Żel pod prysznic Eco,Kosmetyki,2026-02-01,88,97.65
SKU-0183,Żel pod prysznic Eco,Kosmetyki,2026-03-01,64,96.02
SKU-0183,Żel pod prysznic Eco,Kosmetyki,2026-04-01,78,95.53
SKU-0183,Żel pod prysznic Eco,Kosmetyki,2026-05-01,30,99.03
SKU-0183,Żel pod prysznic Eco,Kosmetyki,2026-06-01,22,99.24
SKU-0183,Żel pod prysznic Eco,Kosmetyki,2026-07-01,32,95.56
SKU-0184,Rower stacjonarny Plus,Sport i rekreacja,2024-08-01,2,324.14
SKU-0184,Rower stacjonarny Plus,Sport i rekreacja,2024-09-01,1,349.24
SKU-0184,Rower stacjonarny Plus,Sport i rekreacja,2024-10-01,1,329.39
SKU-0184,Rower stacjonarny Plus,Sport i rekreacja,2024-11-01,3,336.94
SKU-0184,Rower stacjonarny Plus,Sport i rekreacja,2024-12-01,3,339.58
SKU-0184,Rower stacjonarny Plus,Sport i rekreacja,2025-01-01,0,350.66
SKU-0184,Rower stacjonarny Plus,Sport i rekreacja,2025-02-01,1,321.84
SKU-0184,Rower stacjonarny Plus,Sport i rekreacja,2025-03-01,1,342.17
SKU-0184,Rower stacjonarny Plus,Sport i rekreacja,2025-04-01,0,347.91
SKU-0184,Rower stacjonarny Plus,Sport i rekreacja,2025-05-01,0,332.73
SKU-0184,Rower stacjonarny Plus,Sport i rekreacja,2025-06-01,2,350.89
SKU-0184,Rower stacjonarny Plus,Sport i rekreacja,2025-07-01,1,337.44
SKU-0184,Rower stacjonarny Plus,Sport i rekreacja,2025-08-01,2,339.29
SKU-0184,Rower stacjonarny Plus,Sport i rekreacja,2025-09-01,2,347.44
SKU-0184,Rower stacjonarny Plus,Sport i rekreacja,2025-10-01,2,349.64
SKU-0184,Rower stacjonarny Plus,Sport i rekreacja,2025-11-01,0,336.35
SKU-0184,Rower stacjonarny Plus,Sport i rekreacja,2025-12-01,0,349.71
SKU-0184,Rower stacjonarny Plus,Sport i rekreacja,2026-01-01,7,349.35
SKU-0184,Rower stacjonarny Plus,Sport i rekreacja,2026-02-01,3,345.44
SKU-0184,Rower stacjonarny Plus,Sport i rekreacja,2026-03-01,5,352.64
SKU-0184,Rower stacjonarny Plus,Sport i rekreacja,2026-04-01,8,335.86
SKU-0184,Rower stacjonarny Plus,Sport i rekreacja,2026-05-01,2,337.61
SKU-0184,Rower stacjonarny Plus,Sport i rekreacja,2026-06-01,1,343.92
SKU-0184,Rower stacjonarny Plus,Sport i rekreacja,2026-07-01,2,327.71
SKU-0185,Szafka nocna Eco,Meble,2024-08-01,9,900.8
SKU-0185,Szafka nocna Eco,Meble,2024-09-01,23,871.25
SKU-0185,Szafka nocna Eco,Meble,2024-10-01,14,869.96
SKU-0185,Szafka nocna Eco,Meble,2024-11-01,42,895.51
SKU-0185,Szafka nocna Eco,Meble,2024-12-01,60,903.36
SKU-0185,Szafka nocna Eco,Meble,2025-01-01,61,827.49
SKU-0185,Szafka nocna Eco,Meble,2025-02-01,0,823.01
SKU-0185,Szafka nocna Eco,Meble,2025-03-01,0,881.07
SKU-0185,Szafka nocna Eco,Meble,2025-04-01,0,881.17
SKU-0185,Szafka nocna Eco,Meble,2025-05-01,35,840.96
SKU-0185,Szafka nocna Eco,Meble,2025-06-01,51,873.35
SKU-0185,Szafka nocna Eco,Meble,2025-07-01,0,886.56
SKU-0185,Szafka nocna Eco,Meble,2025-08-01,21,879.07
SKU-0185,Szafka nocna Eco,Meble,2025-09-01,0,828.12
SKU-0185,Szafka nocna Eco,Meble,2025-10-01,57,874.79
SKU-0185,Szafka nocna Eco,Meble,2025-11-01,0,861.78
SKU-0185,Szafka nocna Eco,Meble,2025-12-01,0,859.03
SKU-0185,Szafka nocna Eco,Meble,2026-01-01,41,856.38
SKU-0185,Szafka nocna Eco,Meble,2026-02-01,43,849.88
SKU-0185,Szafka nocna Eco,Meble,2026-03-01,32,849.93
SKU-0185,Szafka nocna Eco,Meble,2026-04-01,91,827.49
SKU-0185,Szafka nocna Eco,Meble,2026-05-01,0,870.47
SKU-0185,Szafka nocna Eco,Meble,2026-06-01,0,865.96
SKU-0185,Szafka nocna Eco,Meble,2026-07-01,0,893.38
SKU-0186,Plecak trekkingowy Advanced,Sport i rekreacja,2024-08-01,73,34.52
SKU-0186,Plecak trekkingowy Advanced,Sport i rekreacja,2024-09-01,156,33.9
SKU-0186,Plecak trekkingowy Advanced,Sport i rekreacja,2024-10-01,0,34.12
SKU-0186,Plecak trekkingowy Advanced,Sport i rekreacja,2024-11-01,62,32.69
SKU-0186,Plecak trekkingowy Advanced,Sport i rekreacja,2024-12-01,70,35.72
SKU-0186,Plecak trekkingowy Advanced,Sport i rekreacja,2025-01-01,44,33.15
SKU-0186,Plecak trekkingowy Advanced,Sport i rekreacja,2025-02-01,0,34.75
SKU-0186,Plecak trekkingowy Advanced,Sport i rekreacja,2025-03-01,0,35.47
SKU-0186,Plecak trekkingowy Advanced,Sport i rekreacja,2025-04-01,0,35.71
SKU-0186,Plecak trekkingowy Advanced,Sport i rekreacja,2025-05-01,50,32.77
SKU-0186,Plecak trekkingowy Advanced,Sport i rekreacja,2025-06-01,275,34.28
SKU-0186,Plecak trekkingowy Advanced,Sport i rekreacja,2025-07-01,0,34.76
SKU-0186,Plecak trekkingowy Advanced,Sport i rekreacja,2025-08-01,47,34.27
SKU-0186,Plecak trekkingowy Advanced,Sport i rekreacja,2025-09-01,102,32.63
SKU-0186,Plecak trekkingowy Advanced,Sport i rekreacja,2025-10-01,0,34.97
SKU-0186,Plecak trekkingowy Advanced,Sport i rekreacja,2025-11-01,115,32.74
SKU-0186,Plecak trekkingowy Advanced,Sport i rekreacja,2025-12-01,0,35.24
SKU-0186,Plecak trekkingowy Advanced,Sport i rekreacja,2026-01-01,73,34.97
SKU-0186,Plecak trekkingowy Advanced,Sport i rekreacja,2026-02-01,22,33.56
SKU-0186,Plecak trekkingowy Advanced,Sport i rekreacja,2026-03-01,0,34.38
SKU-0186,Plecak trekkingowy Advanced,Sport i rekreacja,2026-04-01,98,35.32
SKU-0186,Plecak trekkingowy Advanced,Sport i rekreacja,2026-05-01,68,32.72
SKU-0186,Plecak trekkingowy Advanced,Sport i rekreacja,2026-06-01,181,35.65
SKU-0186,Plecak trekkingowy Advanced,Sport i rekreacja,2026-07-01,58,32.39
SKU-0187,Lalka interaktywna Eco,Zabawki,2024-08-01,25,52.97
SKU-0187,Lalka interaktywna Eco,Zabawki,2024-09-01,19,52.0
SKU-0187,Lalka interaktywna Eco,Zabawki,2024-10-01,13,53.35
SKU-0187,Lalka interaktywna Eco,Zabawki,2024-11-01,11,51.76
SKU-0187,Lalka interaktywna Eco,Zabawki,2024-12-01,11,55.05
SKU-0187,Lalka interaktywna Eco,Zabawki,2025-01-01,8,50.9
SKU-0187,Lalka interaktywna Eco,Zabawki,2025-02-01,12,53.3
SKU-0187,Lalka interaktywna Eco,Zabawki,2025-03-01,12,52.67
SKU-0187,Lalka interaktywna Eco,Zabawki,2025-04-01,12,52.52
SKU-0187,Lalka interaktywna Eco,Zabawki,2025-05-01,26,51.74
SKU-0187,Lalka interaktywna Eco,Zabawki,2025-06-01,21,54.6
SKU-0187,Lalka interaktywna Eco,Zabawki,2025-07-01,25,50.38
SKU-0187,Lalka interaktywna Eco,Zabawki,2025-08-01,24,51.69
SKU-0187,Lalka interaktywna Eco,Zabawki,2025-09-01,19,52.33
SKU-0187,Lalka interaktywna Eco,Zabawki,2025-10-01,19,53.37
SKU-0187,Lalka interaktywna Eco,Zabawki,2025-11-01,13,51.0
SKU-0187,Lalka interaktywna Eco,Zabawki,2025-12-01,14,53.28
SKU-0187,Lalka interaktywna Eco,Zabawki,2026-01-01,10,51.78
SKU-0187,Lalka interaktywna Eco,Zabawki,2026-02-01,11,54.52
SKU-0187,Lalka interaktywna Eco,Zabawki,2026-03-01,11,51.12
SKU-0187,Lalka interaktywna Eco,Zabawki,2026-04-01,20,53.14
SKU-0187,Lalka interaktywna Eco,Zabawki,2026-05-01,17,50.23
SKU-0187,Lalka interaktywna Eco,Zabawki,2026-06-01,21,53.47
SKU-0187,Lalka interaktywna Eco,Zabawki,2026-07-01,22,51.61
SKU-0188,Zeszyt A5 Plus,Artykuły biurowe,2024-08-01,8,60.23
SKU-0188,Zeszyt A5 Plus,Artykuły biurowe,2024-09-01,7,56.11
SKU-0188,Zeszyt A5 Plus,Artykuły biurowe,2024-10-01,9,60.51
SKU-0188,Zeszyt A5 Plus,Artykuły biurowe,2024-11-01,7,61.52
SKU-0188,Zeszyt A5 Plus,Artykuły biurowe,2024-12-01,11,58.67
SKU-0188,Zeszyt A5 Plus,Artykuły biurowe,2025-01-01,16,60.13
SKU-0188,Zeszyt A5 Plus,Artykuły biurowe,2025-02-01,19,56.92
SKU-0188,Zeszyt A5 Plus,Artykuły biurowe,2025-03-01,21,57.55
SKU-0188,Zeszyt A5 Plus,Artykuły biurowe,2025-04-01,21,59.66
SKU-0188,Zeszyt A5 Plus,Artykuły biurowe,2025-05-01,24,57.32
SKU-0188,Zeszyt A5 Plus,Artykuły biurowe,2025-06-01,16,58.5
SKU-0188,Zeszyt A5 Plus,Artykuły biurowe,2025-07-01,15,60.17
SKU-0188,Zeszyt A5 Plus,Artykuły biurowe,2025-08-01,8,59.81
SKU-0188,Zeszyt A5 Plus,Artykuły biurowe,2025-09-01,6,57.05
SKU-0188,Zeszyt A5 Plus,Artykuły biurowe,2025-10-01,7,57.34
SKU-0188,Zeszyt A5 Plus,Artykuły biurowe,2025-11-01,9,58.49
SKU-0188,Zeszyt A5 Plus,Artykuły biurowe,2025-12-01,17,56.02
SKU-0188,Zeszyt A5 Plus,Artykuły biurowe,2026-01-01,24,57.98
SKU-0188,Zeszyt A5 Plus,Artykuły biurowe,2026-02-01,14,60.93
SKU-0188,Zeszyt A5 Plus,Artykuły biurowe,2026-03-01,25,61.81
SKU-0188,Zeszyt A5 Plus,Artykuły biurowe,2026-04-01,23,61.84
SKU-0188,Zeszyt A5 Plus,Artykuły biurowe,2026-05-01,35,60.09
SKU-0188,Zeszyt A5 Plus,Artykuły biurowe,2026-06-01,24,56.94
SKU-0188,Zeszyt A5 Plus,Artykuły biurowe,2026-07-01,8,56.86
SKU-0189,Poziomica 60cm Compact,Narzędzia,2024-08-01,22,546.23
SKU-0189,Poziomica 60cm Compact,Narzędzia,2024-09-01,17,576.63
SKU-0189,Poziomica 60cm Compact,Narzędzia,2024-10-01,14,538.29
SKU-0189,Poziomica 60cm Compact,Narzędzia,2024-11-01,8,546.95
SKU-0189,Poziomica 60cm Compact,Narzędzia,2024-12-01,2,559.94
SKU-0189,Poziomica 60cm Compact,Narzędzia,2025-01-01,0,553.25
SKU-0189,Poziomica 60cm Compact,Narzędzia,2025-02-01,3,566.23
SKU-0189,Poziomica 60cm Compact,Narzędzia,2025-03-01,5,562.11
SKU-0189,Poziomica 60cm Compact,Narzędzia,2025-04-01,15,561.31
SKU-0189,Poziomica 60cm Compact,Narzędzia,2025-05-01,24,571.92
SKU-0189,Poziomica 60cm Compact,Narzędzia,2025-06-01,14,544.83
SKU-0189,Poziomica 60cm Compact,Narzędzia,2025-07-01,30,524.99
SKU-0189,Poziomica 60cm Compact,Narzędzia,2025-08-01,30,547.44
SKU-0189,Poziomica 60cm Compact,Narzędzia,2025-09-01,20,549.36
SKU-0189,Poziomica 60cm Compact,Narzędzia,2025-10-01,16,535.46
SKU-0189,Poziomica 60cm Compact,Narzędzia,2025-11-01,7,568.42
SKU-0189,Poziomica 60cm Compact,Narzędzia,2025-12-01,2,575.71
SKU-0189,Poziomica 60cm Compact,Narzędzia,2026-01-01,0,560.16
SKU-0189,Poziomica 60cm Compact,Narzędzia,2026-02-01,3,526.53
SKU-0189,Poziomica 60cm Compact,Narzędzia,2026-03-01,7,570.9
SKU-0189,Poziomica 60cm Compact,Narzędzia,2026-04-01,16,530.99
SKU-0189,Poziomica 60cm Compact,Narzędzia,2026-05-01,31,567.22
SKU-0189,Poziomica 60cm Compact,Narzędzia,2026-06-01,26,572.3
SKU-0189,Poziomica 60cm Compact,Narzędzia,2026-07-01,43,544.33
SKU-0190,Perfumy 50ml Mini,Kosmetyki,2024-08-01,5,110.22
SKU-0190,Perfumy 50ml Mini,Kosmetyki,2024-09-01,5,113.22
SKU-0190,Perfumy 50ml Mini,Kosmetyki,2024-10-01,4,112.74
SKU-0190,Perfumy 50ml Mini,Kosmetyki,2024-11-01,5,110.91
SKU-0190,Perfumy 50ml Mini,Kosmetyki,2024-12-01,5,117.31
SKU-0190,Perfumy 50ml Mini,Kosmetyki,2025-01-01,6,117.57
SKU-0190,Perfumy 50ml Mini,Kosmetyki,2025-02-01,5,115.73
SKU-0190,Perfumy 50ml Mini,Kosmetyki,2025-03-01,5,111.28
SKU-0190,Perfumy 50ml Mini,Kosmetyki,2025-04-01,5,113.98
SKU-0190,Perfumy 50ml Mini,Kosmetyki,2025-05-01,5,115.02
SKU-0190,Perfumy 50ml Mini,Kosmetyki,2025-06-01,4,108.83
SKU-0190,Perfumy 50ml Mini,Kosmetyki,2025-07-01,5,115.76
SKU-0190,Perfumy 50ml Mini,Kosmetyki,2025-08-01,4,108.87
SKU-0190,Perfumy 50ml Mini,Kosmetyki,2025-09-01,4,112.16
SKU-0190,Perfumy 50ml Mini,Kosmetyki,2025-10-01,5,107.14
SKU-0190,Perfumy 50ml Mini,Kosmetyki,2025-11-01,4,116.56
SKU-0190,Perfumy 50ml Mini,Kosmetyki,2025-12-01,5,113.76
SKU-0190,Perfumy 50ml Mini,Kosmetyki,2026-01-01,5,114.93
SKU-0190,Perfumy 50ml Mini,Kosmetyki,2026-02-01,6,111.29
SKU-0190,Perfumy 50ml Mini,Kosmetyki,2026-03-01,5,114.83
SKU-0190,Perfumy 50ml Mini,Kosmetyki,2026-04-01,5,117.23
SKU-0190,Perfumy 50ml Mini,Kosmetyki,2026-05-01,5,108.78
SKU-0190,Perfumy 50ml Mini,Kosmetyki,2026-06-01,5,116.62
SKU-0190,Perfumy 50ml Mini,Kosmetyki,2026-07-01,4,116.77
SKU-0191,Taśma LED RGB Eco,Oświetlenie,2024-08-01,3,95.04
SKU-0191,Taśma LED RGB Eco,Oświetlenie,2024-09-01,2,101.73
SKU-0191,Taśma LED RGB Eco,Oświetlenie,2024-10-01,2,99.92
SKU-0191,Taśma LED RGB Eco,Oświetlenie,2024-11-01,3,99.33
SKU-0191,Taśma LED RGB Eco,Oświetlenie,2024-12-01,6,94.88
SKU-0191,Taśma LED RGB Eco,Oświetlenie,2025-01-01,6,101.66
SKU-0191,Taśma LED RGB Eco,Oświetlenie,2025-02-01,11,98.86
SKU-0191,Taśma LED RGB Eco,Oświetlenie,2025-03-01,8,100.99
SKU-0191,Taśma LED RGB Eco,Oświetlenie,2025-04-01,7,98.97
SKU-0191,Taśma LED RGB Eco,Oświetlenie,2025-05-01,8,93.76
SKU-0191,Taśma LED RGB Eco,Oświetlenie,2025-06-01,7,99.31
SKU-0191,Taśma LED RGB Eco,Oświetlenie,2025-07-01,4,98.91
SKU-0191,Taśma LED RGB Eco,Oświetlenie,2025-08-01,3,96.72
SKU-0191,Taśma LED RGB Eco,Oświetlenie,2025-09-01,2,101.09
SKU-0191,Taśma LED RGB Eco,Oświetlenie,2025-10-01,2,98.91
SKU-0191,Taśma LED RGB Eco,Oświetlenie,2025-11-01,3,101.18
SKU-0191,Taśma LED RGB Eco,Oświetlenie,2025-12-01,3,99.01
SKU-0191,Taśma LED RGB Eco,Oświetlenie,2026-01-01,7,96.97
SKU-0191,Taśma LED RGB Eco,Oświetlenie,2026-02-01,8,96.8
SKU-0191,Taśma LED RGB Eco,Oświetlenie,2026-03-01,8,94.75
SKU-0191,Taśma LED RGB Eco,Oświetlenie,2026-04-01,6,98.0
SKU-0191,Taśma LED RGB Eco,Oświetlenie,2026-05-01,6,95.85
SKU-0191,Taśma LED RGB Eco,Oświetlenie,2026-06-01,7,101.67
SKU-0191,Taśma LED RGB Eco,Oświetlenie,2026-07-01,6,92.57
SKU-0192,Sweter wełniany XL,Odzież,2024-08-01,0,168.77
SKU-0192,Sweter wełniany XL,Odzież,2024-09-01,4,179.05
SKU-0192,Sweter wełniany XL,Odzież,2024-10-01,7,170.86
SKU-0192,Sweter wełniany XL,Odzież,2024-11-01,6,169.54
SKU-0192,Sweter wełniany XL,Odzież,2024-12-01,0,169.72
SKU-0192,Sweter wełniany XL,Odzież,2025-01-01,8,184.22
SKU-0192,Sweter wełniany XL,Odzież,2025-02-01,24,185.24
SKU-0192,Sweter wełniany XL,Odzież,2025-03-01,20,178.8
SKU-0192,Sweter wełniany XL,Odzież,2025-04-01,3,185.63
SKU-0192,Sweter wełniany XL,Odzież,2025-05-01,7,180.84
SKU-0192,Sweter wełniany XL,Odzież,2025-06-01,0,176.96
SKU-0192,Sweter wełniany XL,Odzież,2025-07-01,6,181.28
SKU-0192,Sweter wełniany XL,Odzież,2025-08-01,8,173.51
SKU-0192,Sweter wełniany XL,Odzież,2025-09-01,6,173.43
SKU-0192,Sweter wełniany XL,Odzież,2025-10-01,7,173.82
SKU-0192,Sweter wełniany XL,Odzież,2025-11-01,7,179.71
SKU-0192,Sweter wełniany XL,Odzież,2025-12-01,16,170.98
SKU-0192,Sweter wełniany XL,Odzież,2026-01-01,16,175.68
SKU-0192,Sweter wełniany XL,Odzież,2026-02-01,24,180.98
SKU-0192,Sweter wełniany XL,Odzież,2026-03-01,7,181.89
SKU-0192,Sweter wełniany XL,Odzież,2026-04-01,7,178.1
SKU-0192,Sweter wełniany XL,Odzież,2026-05-01,0,173.22
SKU-0192,Sweter wełniany XL,Odzież,2026-06-01,0,169.49
SKU-0192,Sweter wełniany XL,Odzież,2026-07-01,7,184.23
SKU-0193,Kawa mielona 500g Plus,Spożywcze,2024-08-01,4,37.98
SKU-0193,Kawa mielona 500g Plus,Spożywcze,2024-09-01,0,37.12
SKU-0193,Kawa mielona 500g Plus,Spożywcze,2024-10-01,0,39.63
SKU-0193,Kawa mielona 500g Plus,Spożywcze,2024-11-01,0,40.24
SKU-0193,Kawa mielona 500g Plus,Spożywcze,2024-12-01,0,37.64
SKU-0193,Kawa mielona 500g Plus,Spożywcze,2025-01-01,1,38.87
SKU-0193,Kawa mielona 500g Plus,Spożywcze,2025-02-01,10,38.44
SKU-0193,Kawa mielona 500g Plus,Spożywcze,2025-03-01,12,39.11
SKU-0193,Kawa mielona 500g Plus,Spożywcze,2025-04-01,8,39.5
SKU-0193,Kawa mielona 500g Plus,Spożywcze,2025-05-01,8,39.75
SKU-0193,Kawa mielona 500g Plus,Spożywcze,2025-06-01,0,38.92
SKU-0193,Kawa mielona 500g Plus,Spożywcze,2025-07-01,5,37.97
SKU-0193,Kawa mielona 500g Plus,Spożywcze,2025-08-01,0,39.42
SKU-0193,Kawa mielona 500g Plus,Spożywcze,2025-09-01,8,39.3
SKU-0193,Kawa mielona 500g Plus,Spożywcze,2025-10-01,0,38.59
SKU-0193,Kawa mielona 500g Plus,Spożywcze,2025-11-01,6,39.7
SKU-0193,Kawa mielona 500g Plus,Spożywcze,2025-12-01,0,38.99
SKU-0193,Kawa mielona 500g Plus,Spożywcze,2026-01-01,8,37.94
SKU-0193,Kawa mielona 500g Plus,Spożywcze,2026-02-01,0,37.35
SKU-0193,Kawa mielona 500g Plus,Spożywcze,2026-03-01,0,37.92
SKU-0193,Kawa mielona 500g Plus,Spożywcze,2026-04-01,0,37.08
SKU-0193,Kawa mielona 500g Plus,Spożywcze,2026-05-01,0,39.26
SKU-0193,Kawa mielona 500g Plus,Spożywcze,2026-06-01,0,37.53
SKU-0193,Kawa mielona 500g Plus,Spożywcze,2026-07-01,0,36.97
SKU-0194,Legginsy sportowe XL,Odzież,2024-08-01,1,191.48
SKU-0194,Legginsy sportowe XL,Odzież,2024-09-01,2,195.62
SKU-0194,Legginsy sportowe XL,Odzież,2024-10-01,1,195.52
SKU-0194,Legginsy sportowe XL,Odzież,2024-11-01,2,208.25
SKU-0194,Legginsy sportowe XL,Odzież,2024-12-01,1,199.76
SKU-0194,Legginsy sportowe XL,Odzież,2025-01-01,1,202.33
SKU-0194,Legginsy sportowe XL,Odzież,2025-02-01,0,205.11
SKU-0194,Legginsy sportowe XL,Odzież,2025-03-01,0,202.9
SKU-0194,Legginsy sportowe XL,Odzież,2025-04-01,0,203.86
SKU-0194,Legginsy sportowe XL,Odzież,2025-05-01,1,194.77
SKU-0194,Legginsy sportowe XL,Odzież,2025-06-01,1,200.52
SKU-0194,Legginsy sportowe XL,Odzież,2025-07-01,1,208.94
SKU-0194,Legginsy sportowe XL,Odzież,2025-08-01,2,198.5
SKU-0194,Legginsy sportowe XL,Odzież,2025-09-01,2,198.7
SKU-0194,Legginsy sportowe XL,Odzież,2025-10-01,2,208.61
SKU-0194,Legginsy sportowe XL,Odzież,2025-11-01,2,204.38
SKU-0194,Legginsy sportowe XL,Odzież,2025-12-01,1,206.87
SKU-0194,Legginsy sportowe XL,Odzież,2026-01-01,1,202.56
SKU-0194,Legginsy sportowe XL,Odzież,2026-02-01,1,195.24
SKU-0194,Legginsy sportowe XL,Odzież,2026-03-01,0,206.64
SKU-0194,Legginsy sportowe XL,Odzież,2026-04-01,0,205.4
SKU-0194,Legginsy sportowe XL,Odzież,2026-05-01,1,209.43
SKU-0194,Legginsy sportowe XL,Odzież,2026-06-01,1,203.32
SKU-0194,Legginsy sportowe XL,Odzież,2026-07-01,2,194.27
SKU-0195,Kosiarka elektryczna Premium,Ogród,2024-08-01,40,406.99
SKU-0195,Kosiarka elektryczna Premium,Ogród,2024-09-01,41,428.33
SKU-0195,Kosiarka elektryczna Premium,Ogród,2024-10-01,44,417.94
SKU-0195,Kosiarka elektryczna Premium,Ogród,2024-11-01,48,440.16
SKU-0195,Kosiarka elektryczna Premium,Ogród,2024-12-01,38,422.65
SKU-0195,Kosiarka elektryczna Premium,Ogród,2025-01-01,39,419.46
SKU-0195,Kosiarka elektryczna Premium,Ogród,2025-02-01,37,435.71
SKU-0195,Kosiarka elektryczna Premium,Ogród,2025-03-01,36,432.52
SKU-0195,Kosiarka elektryczna Premium,Ogród,2025-04-01,36,438.75
SKU-0195,Kosiarka elektryczna Premium,Ogród,2025-05-01,36,426.18
SKU-0195,Kosiarka elektryczna Premium,Ogród,2025-06-01,39,405.15
SKU-0195,Kosiarka elektryczna Premium,Ogród,2025-07-01,38,426.28
SKU-0195,Kosiarka elektryczna Premium,Ogród,2025-08-01,42,406.87
SKU-0195,Kosiarka elektryczna Premium,Ogród,2025-09-01,45,413.23
SKU-0195,Kosiarka elektryczna Premium,Ogród,2025-10-01,49,429.64
SKU-0195,Kosiarka elektryczna Premium,Ogród,2025-11-01,42,439.58
SKU-0195,Kosiarka elektryczna Premium,Ogród,2025-12-01,42,427.06
SKU-0195,Kosiarka elektryczna Premium,Ogród,2026-01-01,42,408.93
SKU-0195,Kosiarka elektryczna Premium,Ogród,2026-02-01,36,431.83
SKU-0195,Kosiarka elektryczna Premium,Ogród,2026-03-01,37,400.31
SKU-0195,Kosiarka elektryczna Premium,Ogród,2026-04-01,38,440.02
SKU-0195,Kosiarka elektryczna Premium,Ogród,2026-05-01,41,419.02
SKU-0195,Kosiarka elektryczna Premium,Ogród,2026-06-01,42,414.62
SKU-0195,Kosiarka elektryczna Premium,Ogród,2026-07-01,41,400.16
SKU-0196,Puzzle 1000 elementów Mini,Zabawki,2024-08-01,79,238.87
SKU-0196,Puzzle 1000 elementów Mini,Zabawki,2024-09-01,69,226.11
SKU-0196,Puzzle 1000 elementów Mini,Zabawki,2024-10-01,41,247.81
SKU-0196,Puzzle 1000 elementów Mini,Zabawki,2024-11-01,12,248.2
SKU-0196,Puzzle 1000 elementów Mini,Zabawki,2024-12-01,10,247.71
SKU-0196,Puzzle 1000 elementów Mini,Zabawki,2025-01-01,11,226.93
SKU-0196,Puzzle 1000 elementów Mini,Zabawki,2025-02-01,33,234.24
SKU-0196,Puzzle 1000 elementów Mini,Zabawki,2025-03-01,52,233.77
SKU-0196,Puzzle 1000 elementów Mini,Zabawki,2025-04-01,52,242.68
SKU-0196,Puzzle 1000 elementów Mini,Zabawki,2025-05-01,76,243.04
SKU-0196,Puzzle 1000 elementów Mini,Zabawki,2025-06-01,112,243.33
SKU-0196,Puzzle 1000 elementów Mini,Zabawki,2025-07-01,58,228.56
SKU-0196,Puzzle 1000 elementów Mini,Zabawki,2025-08-01,62,235.38
SKU-0196,Puzzle 1000 elementów Mini,Zabawki,2025-09-01,58,235.57
SKU-0196,Puzzle 1000 elementów Mini,Zabawki,2025-10-01,34,226.39
SKU-0196,Puzzle 1000 elementów Mini,Zabawki,2025-11-01,13,229.3
SKU-0196,Puzzle 1000 elementów Mini,Zabawki,2025-12-01,10,236.74
SKU-0196,Puzzle 1000 elementów Mini,Zabawki,2026-01-01,9,243.99
SKU-0196,Puzzle 1000 elementów Mini,Zabawki,2026-02-01,20,244.1
SKU-0196,Puzzle 1000 elementów Mini,Zabawki,2026-03-01,46,227.48
SKU-0196,Puzzle 1000 elementów Mini,Zabawki,2026-04-01,46,244.88
SKU-0196,Puzzle 1000 elementów Mini,Zabawki,2026-05-01,69,235.17
SKU-0196,Puzzle 1000 elementów Mini,Zabawki,2026-06-01,89,231.11
SKU-0196,Puzzle 1000 elementów Mini,Zabawki,2026-07-01,98,238.55
SKU-0197,Spodnie jeansowe Plus,Odzież,2024-08-01,30,196.37
SKU-0197,Spodnie jeansowe Plus,Odzież,2024-09-01,31,193.29
SKU-0197,Spodnie jeansowe Plus,Odzież,2024-10-01,30,190.18
SKU-0197,Spodnie jeansowe Plus,Odzież,2024-11-01,34,200.02
SKU-0197,Spodnie jeansowe Plus,Odzież,2024-12-01,33,189.55
SKU-0197,Spodnie jeansowe Plus,Odzież,2025-01-01,31,189.83
SKU-0197,Spodnie jeansowe Plus,Odzież,2025-02-01,28,195.26
SKU-0197,Spodnie jeansowe Plus,Odzież,2025-03-01,34,202.44
SKU-0197,Spodnie jeansowe Plus,Odzież,2025-04-01,35,195.36
SKU-0197,Spodnie jeansowe Plus,Odzież,2025-05-01,36,196.37
SKU-0197,Spodnie jeansowe Plus,Odzież,2025-06-01,30,195.06
SKU-0197,Spodnie jeansowe Plus,Odzież,2025-07-01,35,194.02
SKU-0197,Spodnie jeansowe Plus,Odzież,2025-08-01,32,206.1
SKU-0197,Spodnie jeansowe Plus,Odzież,2025-09-01,32,205.05
SKU-0197,Spodnie jeansowe Plus,Odzież,2025-10-01,32,200.52
SKU-0197,Spodnie jeansowe Plus,Odzież,2025-11-01,33,191.62
SKU-0197,Spodnie jeansowe Plus,Odzież,2025-12-01,29,197.34
SKU-0197,Spodnie jeansowe Plus,Odzież,2026-01-01,33,204.9
SKU-0197,Spodnie jeansowe Plus,Odzież,2026-02-01,37,206.25
SKU-0197,Spodnie jeansowe Plus,Odzież,2026-03-01,31,199.4
SKU-0197,Spodnie jeansowe Plus,Odzież,2026-04-01,37,195.89
SKU-0197,Spodnie jeansowe Plus,Odzież,2026-05-01,31,188.25
SKU-0197,Spodnie jeansowe Plus,Odzież,2026-06-01,25,206.86
SKU-0197,Spodnie jeansowe Plus,Odzież,2026-07-01,41,198.9
SKU-0198,Lampion ogrodowy Pro,Oświetlenie,2024-08-01,9,118.55
SKU-0198,Lampion ogrodowy Pro,Oświetlenie,2024-09-01,0,115.39
SKU-0198,Lampion ogrodowy Pro,Oświetlenie,2024-10-01,13,116.95
SKU-0198,Lampion ogrodowy Pro,Oświetlenie,2024-11-01,0,114.88
SKU-0198,Lampion ogrodowy Pro,Oświetlenie,2024-12-01,0,119.23
SKU-0198,Lampion ogrodowy Pro,Oświetlenie,2025-01-01,4,116.39
SKU-0198,Lampion ogrodowy Pro,Oświetlenie,2025-02-01,5,119.21
SKU-0198,Lampion ogrodowy Pro,Oświetlenie,2025-03-01,0,120.72
SKU-0198,Lampion ogrodowy Pro,Oświetlenie,2025-04-01,3,118.84
SKU-0198,Lampion ogrodowy Pro,Oświetlenie,2025-05-01,7,113.23
SKU-0198,Lampion ogrodowy Pro,Oświetlenie,2025-06-01,3,120.3
SKU-0198,Lampion ogrodowy Pro,Oświetlenie,2025-07-01,3,121.84
SKU-0198,Lampion ogrodowy Pro,Oświetlenie,2025-08-01,2,117.42
SKU-0198,Lampion ogrodowy Pro,Oświetlenie,2025-09-01,0,118.54
SKU-0198,Lampion ogrodowy Pro,Oświetlenie,2025-10-01,14,113.03
SKU-0198,Lampion ogrodowy Pro,Oświetlenie,2025-11-01,0,117.23
SKU-0198,Lampion ogrodowy Pro,Oświetlenie,2025-12-01,0,118.11
SKU-0198,Lampion ogrodowy Pro,Oświetlenie,2026-01-01,16,121.7
SKU-0198,Lampion ogrodowy Pro,Oświetlenie,2026-02-01,1,118.32
SKU-0198,Lampion ogrodowy Pro,Oświetlenie,2026-03-01,4,116.71
SKU-0198,Lampion ogrodowy Pro,Oświetlenie,2026-04-01,4,119.52
SKU-0198,Lampion ogrodowy Pro,Oświetlenie,2026-05-01,4,114.58
SKU-0198,Lampion ogrodowy Pro,Oświetlenie,2026-06-01,0,117.46
SKU-0198,Lampion ogrodowy Pro,Oświetlenie,2026-07-01,9,116.65
SKU-0199,Biurko komputerowe Advanced,Meble,2024-08-01,22,1084.81
SKU-0199,Biurko komputerowe Advanced,Meble,2024-09-01,19,1040.38
SKU-0199,Biurko komputerowe Advanced,Meble,2024-10-01,0,1053.63
SKU-0199,Biurko komputerowe Advanced,Meble,2024-11-01,0,1073.04
SKU-0199,Biurko komputerowe Advanced,Meble,2024-12-01,3,1082.01
SKU-0199,Biurko komputerowe Advanced,Meble,2025-01-01,10,1065.89
SKU-0199,Biurko komputerowe Advanced,Meble,2025-02-01,36,1101.41
SKU-0199,Biurko komputerowe Advanced,Meble,2025-03-01,0,1099.54
SKU-0199,Biurko komputerowe Advanced,Meble,2025-04-01,0,1057.08
SKU-0199,Biurko komputerowe Advanced,Meble,2025-05-01,0,1105.26
SKU-0199,Biurko komputerowe Advanced,Meble,2025-06-01,0,1053.47
SKU-0199,Biurko komputerowe Advanced,Meble,2025-07-01,17,1099.93
SKU-0199,Biurko komputerowe Advanced,Meble,2025-08-01,0,1076.2
SKU-0199,Biurko komputerowe Advanced,Meble,2025-09-01,20,1009.86
SKU-0199,Biurko komputerowe Advanced,Meble,2025-10-01,7,1037.8
SKU-0199,Biurko komputerowe Advanced,Meble,2025-11-01,21,1074.6
SKU-0199,Biurko komputerowe Advanced,Meble,2025-12-01,21,1042.1
SKU-0199,Biurko komputerowe Advanced,Meble,2026-01-01,53,1035.05
SKU-0199,Biurko komputerowe Advanced,Meble,2026-02-01,40,1089.39
SKU-0199,Biurko komputerowe Advanced,Meble,2026-03-01,10,1074.12
SKU-0199,Biurko komputerowe Advanced,Meble,2026-04-01,24,1086.2
SKU-0199,Biurko komputerowe Advanced,Meble,2026-05-01,16,1048.74
SKU-0199,Biurko komputerowe Advanced,Meble,2026-06-01,29,1085.62
SKU-0199,Biurko komputerowe Advanced,Meble,2026-07-01,0,1075.32
SKU-0200,Gra planszowa XL,Zabawki,2024-08-01,0,23.59
SKU-0200,Gra planszowa XL,Zabawki,2024-09-01,19,23.32
SKU-0200,Gra planszowa XL,Zabawki,2024-10-01,22,23.46
SKU-0200,Gra planszowa XL,Zabawki,2024-11-01,0,23.61
SKU-0200,Gra planszowa XL,Zabawki,2024-12-01,48,22.14
SKU-0200,Gra planszowa XL,Zabawki,2025-01-01,30,22.39
SKU-0200,Gra planszowa XL,Zabawki,2025-02-01,0,23.76
SKU-0200,Gra planszowa XL,Zabawki,2025-03-01,0,23.55
SKU-0200,Gra planszowa XL,Zabawki,2025-04-01,0,22.76
SKU-0200,Gra planszowa XL,Zabawki,2025-05-01,0,21.81
SKU-0200,Gra planszowa XL,Zabawki,2025-06-01,0,22.13
SKU-0200,Gra planszowa XL,Zabawki,2025-07-01,26,23.0
SKU-0200,Gra planszowa XL,Zabawki,2025-08-01,0,23.29
SKU-0200,Gra planszowa XL,Zabawki,2025-09-01,9,22.27
SKU-0200,Gra planszowa XL,Zabawki,2025-10-01,36,23.28
SKU-0200,Gra planszowa XL,Zabawki,2025-11-01,36,22.8
SKU-0200,Gra planszowa XL,Zabawki,2025-12-01,0,23.27
SKU-0200,Gra planszowa XL,Zabawki,2026-01-01,13,23.37
SKU-0200,Gra planszowa XL,Zabawki,2026-02-01,0,23.19
SKU-0200,Gra planszowa XL,Zabawki,2026-03-01,27,22.98
SKU-0200,Gra planszowa XL,Zabawki,2026-04-01,26,23.27
SKU-0200,Gra planszowa XL,Zabawki,2026-05-01,27,23.7
SKU-0200,Gra planszowa XL,Zabawki,2026-06-01,23,23.52
SKU-0200,Gra planszowa XL,Zabawki,2026-07-01,6,23.72
SKU-0201,Dysk SSD 1TB Pro,Elektronika,2024-08-01,19,72.83
SKU-0201,Dysk SSD 1TB Pro,Elektronika,2024-09-01,11,75.74
SKU-0201,Dysk SSD 1TB Pro,Elektronika,2024-10-01,8,70.25
SKU-0201,Dysk SSD 1TB Pro,Elektronika,2024-11-01,6,70.36
SKU-0201,Dysk SSD 1TB Pro,Elektronika,2024-12-01,6,70.51
SKU-0201,Dysk SSD 1TB Pro,Elektronika,2025-01-01,9,71.77
SKU-0201,Dysk SSD 1TB Pro,Elektronika,2025-02-01,16,74.27
SKU-0201,Dysk SSD 1TB Pro,Elektronika,2025-03-01,17,75.81
SKU-0201,Dysk SSD 1TB Pro,Elektronika,2025-04-01,22,73.66
SKU-0201,Dysk SSD 1TB Pro,Elektronika,2025-05-01,26,76.19
SKU-0201,Dysk SSD 1TB Pro,Elektronika,2025-06-01,24,72.65
SKU-0201,Dysk SSD 1TB Pro,Elektronika,2025-07-01,18,71.56
SKU-0201,Dysk SSD 1TB Pro,Elektronika,2025-08-01,14,76.11
SKU-0201,Dysk SSD 1TB Pro,Elektronika,2025-09-01,11,74.35
SKU-0201,Dysk SSD 1TB Pro,Elektronika,2025-10-01,6,75.48
SKU-0201,Dysk SSD 1TB Pro,Elektronika,2025-11-01,4,76.89
SKU-0201,Dysk SSD 1TB Pro,Elektronika,2025-12-01,5,73.98
SKU-0201,Dysk SSD 1TB Pro,Elektronika,2026-01-01,5,70.83
SKU-0201,Dysk SSD 1TB Pro,Elektronika,2026-02-01,10,75.55
SKU-0201,Dysk SSD 1TB Pro,Elektronika,2026-03-01,18,72.94
SKU-0201,Dysk SSD 1TB Pro,Elektronika,2026-04-01,16,76.41
SKU-0201,Dysk SSD 1TB Pro,Elektronika,2026-05-01,21,77.0
SKU-0201,Dysk SSD 1TB Pro,Elektronika,2026-06-01,17,72.73
SKU-0201,Dysk SSD 1TB Pro,Elektronika,2026-07-01,15,72.17
SKU-0202,Krem nawilżający XL,Kosmetyki,2024-08-01,4,74.89
SKU-0202,Krem nawilżający XL,Kosmetyki,2024-09-01,4,70.2
SKU-0202,Krem nawilżający XL,Kosmetyki,2024-10-01,3,73.49
SKU-0202,Krem nawilżający XL,Kosmetyki,2024-11-01,3,74.4
SKU-0202,Krem nawilżający XL,Kosmetyki,2024-12-01,3,73.01
SKU-0202,Krem nawilżający XL,Kosmetyki,2025-01-01,3,73.11
SKU-0202,Krem nawilżający XL,Kosmetyki,2025-02-01,3,72.73
SKU-0202,Krem nawilżający XL,Kosmetyki,2025-03-01,3,75.23
SKU-0202,Krem nawilżający XL,Kosmetyki,2025-04-01,3,73.65
SKU-0202,Krem nawilżający XL,Kosmetyki,2025-05-01,4,74.24
SKU-0202,Krem nawilżający XL,Kosmetyki,2025-06-01,4,75.47
SKU-0202,Krem nawilżający XL,Kosmetyki,2025-07-01,5,76.8
SKU-0202,Krem nawilżający XL,Kosmetyki,2025-08-01,4,69.86
SKU-0202,Krem nawilżający XL,Kosmetyki,2025-09-01,4,72.11
SKU-0202,Krem nawilżający XL,Kosmetyki,2025-10-01,4,74.04
SKU-0202,Krem nawilżający XL,Kosmetyki,2025-11-01,4,76.27
SKU-0202,Krem nawilżający XL,Kosmetyki,2025-12-01,4,75.09
SKU-0202,Krem nawilżający XL,Kosmetyki,2026-01-01,3,76.14
SKU-0202,Krem nawilżający XL,Kosmetyki,2026-02-01,3,70.22
SKU-0202,Krem nawilżający XL,Kosmetyki,2026-03-01,3,76.42
SKU-0202,Krem nawilżający XL,Kosmetyki,2026-04-01,4,74.77
SKU-0202,Krem nawilżający XL,Kosmetyki,2026-05-01,4,73.18
SKU-0202,Krem nawilżający XL,Kosmetyki,2026-06-01,4,76.12
SKU-0202,Krem nawilżający XL,Kosmetyki,2026-07-01,4,75.48
SKU-0203,Oliwa z oliwek 500ml Classic,Spożywcze,2024-08-01,15,3.42
SKU-0203,Oliwa z oliwek 500ml Classic,Spożywcze,2024-09-01,11,3.44
SKU-0203,Oliwa z oliwek 500ml Classic,Spożywcze,2024-10-01,7,3.45
SKU-0203,Oliwa z oliwek 500ml Classic,Spożywcze,2024-11-01,6,3.54
SKU-0203,Oliwa z oliwek 500ml Classic,Spożywcze,2024-12-01,2,3.62
SKU-0203,Oliwa z oliwek 500ml Classic,Spożywcze,2025-01-01,2,3.69
SKU-0203,Oliwa z oliwek 500ml Classic,Spożywcze,2025-02-01,2,3.37
SKU-0203,Oliwa z oliwek 500ml Classic,Spożywcze,2025-03-01,4,3.66
SKU-0203,Oliwa z oliwek 500ml Classic,Spożywcze,2025-04-01,6,3.6
SKU-0203,Oliwa z oliwek 500ml Classic,Spożywcze,2025-05-01,8,3.42
SKU-0203,Oliwa z oliwek 500ml Classic,Spożywcze,2025-06-01,10,3.38
SKU-0203,Oliwa z oliwek 500ml Classic,Spożywcze,2025-07-01,14,3.56
SKU-0203,Oliwa z oliwek 500ml Classic,Spożywcze,2025-08-01,12,3.66
SKU-0203,Oliwa z oliwek 500ml Classic,Spożywcze,2025-09-01,11,3.45
SKU-0203,Oliwa z oliwek 500ml Classic,Spożywcze,2025-10-01,9,3.61
SKU-0203,Oliwa z oliwek 500ml Classic,Spożywcze,2025-11-01,9,3.42
SKU-0203,Oliwa z oliwek 500ml Classic,Spożywcze,2025-12-01,4,3.4
SKU-0203,Oliwa z oliwek 500ml Classic,Spożywcze,2026-01-01,2,3.47
SKU-0203,Oliwa z oliwek 500ml Classic,Spożywcze,2026-02-01,2,3.69
SKU-0203,Oliwa z oliwek 500ml Classic,Spożywcze,2026-03-01,4,3.7
SKU-0203,Oliwa z oliwek 500ml Classic,Spożywcze,2026-04-01,9,3.59
SKU-0203,Oliwa z oliwek 500ml Classic,Spożywcze,2026-05-01,8,3.37
SKU-0203,Oliwa z oliwek 500ml Classic,Spożywcze,2026-06-01,14,3.49
SKU-0203,Oliwa z oliwek 500ml Classic,Spożywcze,2026-07-01,18,3.51
SKU-0204,Papier do drukarki,Artykuły biurowe,2024-08-01,5,49.43
SKU-0204,Papier do drukarki,Artykuły biurowe,2024-09-01,8,51.01
SKU-0204,Papier do drukarki,Artykuły biurowe,2024-10-01,3,50.01
SKU-0204,Papier do drukarki,Artykuły biurowe,2024-11-01,0,51.41
SKU-0204,Papier do drukarki,Artykuły biurowe,2024-12-01,0,49.32
SKU-0204,Papier do drukarki,Artykuły biurowe,2025-01-01,1,54.19
SKU-0204,Papier do drukarki,Artykuły biurowe,2025-02-01,4,49.65
SKU-0204,Papier do drukarki,Artykuły biurowe,2025-03-01,0,54.05
SKU-0204,Papier do drukarki,Artykuły biurowe,2025-04-01,7,51.62
SKU-0204,Papier do drukarki,Artykuły biurowe,2025-05-01,0,50.27
SKU-0204,Papier do drukarki,Artykuły biurowe,2025-06-01,0,51.61
SKU-0204,Papier do drukarki,Artykuły biurowe,2025-07-01,3,51.72
SKU-0204,Papier do drukarki,Artykuły biurowe,2025-08-01,8,49.86
SKU-0204,Papier do drukarki,Artykuły biurowe,2025-09-01,0,53.72
SKU-0204,Papier do drukarki,Artykuły biurowe,2025-10-01,0,53.6
SKU-0204,Papier do drukarki,Artykuły biurowe,2025-11-01,3,52.59
SKU-0204,Papier do drukarki,Artykuły biurowe,2025-12-01,0,53.44
SKU-0204,Papier do drukarki,Artykuły biurowe,2026-01-01,0,50.45
SKU-0204,Papier do drukarki,Artykuły biurowe,2026-02-01,0,52.45
SKU-0204,Papier do drukarki,Artykuły biurowe,2026-03-01,0,52.7
SKU-0204,Papier do drukarki,Artykuły biurowe,2026-04-01,0,50.78
SKU-0204,Papier do drukarki,Artykuły biurowe,2026-05-01,6,49.45
SKU-0204,Papier do drukarki,Artykuły biurowe,2026-06-01,4,51.29
SKU-0204,Papier do drukarki,Artykuły biurowe,2026-07-01,4,51.27
SKU-0205,Makaron pszenny 500g XL,Spożywcze,2024-08-01,0,13.92
SKU-0205,Makaron pszenny 500g XL,Spożywcze,2024-09-01,0,14.87
SKU-0205,Makaron pszenny 500g XL,Spożywcze,2024-10-01,315,14.3
SKU-0205,Makaron pszenny 500g XL,Spożywcze,2024-11-01,474,14.09
SKU-0205,Makaron pszenny 500g XL,Spożywcze,2024-12-01,370,14.56
SKU-0205,Makaron pszenny 500g XL,Spożywcze,2025-01-01,23,14.55
SKU-0205,Makaron pszenny 500g XL,Spożywcze,2025-02-01,0,13.93
SKU-0205,Makaron pszenny 500g XL,Spożywcze,2025-03-01,0,14.94
SKU-0205,Makaron pszenny 500g XL,Spożywcze,2025-04-01,0,14.05
SKU-0205,Makaron pszenny 500g XL,Spożywcze,2025-05-01,170,14.04
SKU-0205,Makaron pszenny 500g XL,Spożywcze,2025-06-01,0,14.0
SKU-0205,Makaron pszenny 500g XL,Spożywcze,2025-07-01,101,14.32
SKU-0205,Makaron pszenny 500g XL,Spożywcze,2025-08-01,58,14.79
SKU-0205,Makaron pszenny 500g XL,Spożywcze,2025-09-01,0,14.21
SKU-0205,Makaron pszenny 500g XL,Spożywcze,2025-10-01,0,14.32
SKU-0205,Makaron pszenny 500g XL,Spożywcze,2025-11-01,0,14.19
SKU-0205,Makaron pszenny 500g XL,Spożywcze,2025-12-01,133,14.44
SKU-0205,Makaron pszenny 500g XL,Spożywcze,2026-01-01,234,14.05
SKU-0205,Makaron pszenny 500g XL,Spożywcze,2026-02-01,0,14.63
SKU-0205,Makaron pszenny 500g XL,Spożywcze,2026-03-01,332,15.08
SKU-0205,Makaron pszenny 500g XL,Spożywcze,2026-04-01,0,15.07
SKU-0205,Makaron pszenny 500g XL,Spożywcze,2026-05-01,0,14.13
SKU-0205,Makaron pszenny 500g XL,Spożywcze,2026-06-01,0,14.15
SKU-0205,Makaron pszenny 500g XL,Spożywcze,2026-07-01,200,13.72
SKU-0206,Szlifierka kątowa Mini,Narzędzia,2024-08-01,10,392.64
SKU-0206,Szlifierka kątowa Mini,Narzędzia,2024-09-01,9,391.33
SKU-0206,Szlifierka kątowa Mini,Narzędzia,2024-10-01,8,360.59
SKU-0206,Szlifierka kątowa Mini,Narzędzia,2024-11-01,10,369.14
SKU-0206,Szlifierka kątowa Mini,Narzędzia,2024-12-01,8,392.88
SKU-0206,Szlifierka kątowa Mini,Narzędzia,2025-01-01,9,391.76
SKU-0206,Szlifierka kątowa Mini,Narzędzia,2025-02-01,8,374.26
SKU-0206,Szlifierka kątowa Mini,Narzędzia,2025-03-01,8,383.19
SKU-0206,Szlifierka kątowa Mini,Narzędzia,2025-04-01,7,376.84
SKU-0206,Szlifierka kątowa Mini,Narzędzia,2025-05-01,7,373.78
SKU-0206,Szlifierka kątowa Mini,Narzędzia,2025-06-01,7,390.51
SKU-0206,Szlifierka kątowa Mini,Narzędzia,2025-07-01,8,356.4
SKU-0206,Szlifierka kątowa Mini,Narzędzia,2025-08-01,9,393.04
SKU-0206,Szlifierka kątowa Mini,Narzędzia,2025-09-01,9,358.13
SKU-0206,Szlifierka kątowa Mini,Narzędzia,2025-10-01,8,370.98
SKU-0206,Szlifierka kątowa Mini,Narzędzia,2025-11-01,8,373.08
SKU-0206,Szlifierka kątowa Mini,Narzędzia,2025-12-01,8,357.16
SKU-0206,Szlifierka kątowa Mini,Narzędzia,2026-01-01,7,360.42
SKU-0206,Szlifierka kątowa Mini,Narzędzia,2026-02-01,7,388.77
SKU-0206,Szlifierka kątowa Mini,Narzędzia,2026-03-01,7,383.89
SKU-0206,Szlifierka kątowa Mini,Narzędzia,2026-04-01,8,392.86
SKU-0206,Szlifierka kątowa Mini,Narzędzia,2026-05-01,7,364.51
SKU-0206,Szlifierka kątowa Mini,Narzędzia,2026-06-01,6,376.71
SKU-0206,Szlifierka kątowa Mini,Narzędzia,2026-07-01,6,371.01
SKU-0207,Biurko komputerowe Classic,Meble,2024-08-01,24,531.67
SKU-0207,Biurko komputerowe Classic,Meble,2024-09-01,21,538.71
SKU-0207,Biurko komputerowe Classic,Meble,2024-10-01,14,536.73
SKU-0207,Biurko komputerowe Classic,Meble,2024-11-01,17,550.6
SKU-0207,Biurko komputerowe Classic,Meble,2024-12-01,10,506.25
SKU-0207,Biurko komputerowe Classic,Meble,2025-01-01,5,528.78
SKU-0207,Biurko komputerowe Classic,Meble,2025-02-01,2,536.14
SKU-0207,Biurko komputerowe Classic,Meble,2025-03-01,1,511.93
SKU-0207,Biurko komputerowe Classic,Meble,2025-04-01,4,506.75
SKU-0207,Biurko komputerowe Classic,Meble,2025-05-01,11,529.56
SKU-0207,Biurko komputerowe Classic,Meble,2025-06-01,14,516.03
SKU-0207,Biurko komputerowe Classic,Meble,2025-07-01,22,549.36
SKU-0207,Biurko komputerowe Classic,Meble,2025-08-01,23,499.7
SKU-0207,Biurko komputerowe Classic,Meble,2025-09-01,20,547.91
SKU-0207,Biurko komputerowe Classic,Meble,2025-10-01,18,513.35
SKU-0207,Biurko komputerowe Classic,Meble,2025-11-01,13,543.41
SKU-0207,Biurko komputerowe Classic,Meble,2025-12-01,10,549.26
SKU-0207,Biurko komputerowe Classic,Meble,2026-01-01,4,531.83
SKU-0207,Biurko komputerowe Classic,Meble,2026-02-01,1,532.13
SKU-0207,Biurko komputerowe Classic,Meble,2026-03-01,2,539.57
SKU-0207,Biurko komputerowe Classic,Meble,2026-04-01,4,528.92
SKU-0207,Biurko komputerowe Classic,Meble,2026-05-01,6,550.63
SKU-0207,Biurko komputerowe Classic,Meble,2026-06-01,12,542.6
SKU-0207,Biurko komputerowe Classic,Meble,2026-07-01,14,545.37
SKU-0208,Puzzle 1000 elementów Compact,Zabawki,2024-08-01,2,40.96
SKU-0208,Puzzle 1000 elementów Compact,Zabawki,2024-09-01,3,40.36
SKU-0208,Puzzle 1000 elementów Compact,Zabawki,2024-10-01,3,37.84
SKU-0208,Puzzle 1000 elementów Compact,Zabawki,2024-11-01,3,38.82
SKU-0208,Puzzle 1000 elementów Compact,Zabawki,2024-12-01,5,39.71
SKU-0208,Puzzle 1000 elementów Compact,Zabawki,2025-01-01,3,39.89
SKU-0208,Puzzle 1000 elementów Compact,Zabawki,2025-02-01,3,37.64
SKU-0208,Puzzle 1000 elementów Compact,Zabawki,2025-03-01,1,39.75
SKU-0208,Puzzle 1000 elementów Compact,Zabawki,2025-04-01,1,39.37
SKU-0208,Puzzle 1000 elementów Compact,Zabawki,2025-05-01,0,40.71
SKU-0208,Puzzle 1000 elementów Compact,Zabawki,2025-06-01,1,39.95
SKU-0208,Puzzle 1000 elementów Compact,Zabawki,2025-07-01,2,40.63
SKU-0208,Puzzle 1000 elementów Compact,Zabawki,2025-08-01,2,39.57
SKU-0208,Puzzle 1000 elementów Compact,Zabawki,2025-09-01,3,40.41
SKU-0208,Puzzle 1000 elementów Compact,Zabawki,2025-10-01,4,38.75
SKU-0208,Puzzle 1000 elementów Compact,Zabawki,2025-11-01,6,38.95
SKU-0208,Puzzle 1000 elementów Compact,Zabawki,2025-12-01,4,39.05
SKU-0208,Puzzle 1000 elementów Compact,Zabawki,2026-01-01,4,39.26
SKU-0208,Puzzle 1000 elementów Compact,Zabawki,2026-02-01,3,40.29
SKU-0208,Puzzle 1000 elementów Compact,Zabawki,2026-03-01,1,39.72
SKU-0208,Puzzle 1000 elementów Compact,Zabawki,2026-04-01,0,39.35
SKU-0208,Puzzle 1000 elementów Compact,Zabawki,2026-05-01,0,40.24
SKU-0208,Puzzle 1000 elementów Compact,Zabawki,2026-06-01,1,40.66
SKU-0208,Puzzle 1000 elementów Compact,Zabawki,2026-07-01,1,37.7
SKU-0209,Pluszak duży XL,Zabawki,2024-08-01,97,27.43
SKU-0209,Pluszak duży XL,Zabawki,2024-09-01,0,26.45
SKU-0209,Pluszak duży XL,Zabawki,2024-10-01,65,27.27
SKU-0209,Pluszak duży XL,Zabawki,2024-11-01,0,26.57
SKU-0209,Pluszak duży XL,Zabawki,2024-12-01,243,26.92
SKU-0209,Pluszak duży XL,Zabawki,2025-01-01,0,26.51
SKU-0209,Pluszak duży XL,Zabawki,2025-02-01,92,27.95
SKU-0209,Pluszak duży XL,Zabawki,2025-03-01,97,27.51
SKU-0209,Pluszak duży XL,Zabawki,2025-04-01,69,26.94
SKU-0209,Pluszak duży XL,Zabawki,2025-05-01,130,26.95
SKU-0209,Pluszak duży XL,Zabawki,2025-06-01,53,26.05
SKU-0209,Pluszak duży XL,Zabawki,2025-07-01,0,25.97
SKU-0209,Pluszak duży XL,Zabawki,2025-08-01,101,26.19
SKU-0209,Pluszak duży XL,Zabawki,2025-09-01,54,28.56
SKU-0209,Pluszak duży XL,Zabawki,2025-10-01,41,26.34
SKU-0209,Pluszak duży XL,Zabawki,2025-11-01,36,26.5
SKU-0209,Pluszak duży XL,Zabawki,2025-12-01,71,26.51
SKU-0209,Pluszak duży XL,Zabawki,2026-01-01,209,28.34
SKU-0209,Pluszak duży XL,Zabawki,2026-02-01,0,27.03
SKU-0209,Pluszak duży XL,Zabawki,2026-03-01,39,26.9
SKU-0209,Pluszak duży XL,Zabawki,2026-04-01,114,27.81
SKU-0209,Pluszak duży XL,Zabawki,2026-05-01,94,26.58
SKU-0209,Pluszak duży XL,Zabawki,2026-06-01,132,25.88
SKU-0209,Pluszak duży XL,Zabawki,2026-07-01,0,27.66
SKU-0210,Odświeżacz powietrza do auta XL,Motoryzacja,2024-08-01,14,202.71
SKU-0210,Odświeżacz powietrza do auta XL,Motoryzacja,2024-09-01,14,210.52
SKU-0210,Odświeżacz powietrza do auta XL,Motoryzacja,2024-10-01,11,206.63
SKU-0210,Odświeżacz powietrza do auta XL,Motoryzacja,2024-11-01,14,199.69
SKU-0210,Odświeżacz powietrza do auta XL,Motoryzacja,2024-12-01,15,205.81
SKU-0210,Odświeżacz powietrza do auta XL,Motoryzacja,2025-01-01,15,210.72
SKU-0210,Odświeżacz powietrza do auta XL,Motoryzacja,2025-02-01,15,207.03
SKU-0210,Odświeżacz powietrza do auta XL,Motoryzacja,2025-03-01,16,199.25
SKU-0210,Odświeżacz powietrza do auta XL,Motoryzacja,2025-04-01,16,210.81
SKU-0210,Odświeżacz powietrza do auta XL,Motoryzacja,2025-05-01,21,195.5
SKU-0210,Odświeżacz powietrza do auta XL,Motoryzacja,2025-06-01,18,205.47
SKU-0210,Odświeżacz powietrza do auta XL,Motoryzacja,2025-07-01,19,196.71
SKU-0210,Odświeżacz powietrza do auta XL,Motoryzacja,2025-08-01,15,197.72
SKU-0210,Odświeżacz powietrza do auta XL,Motoryzacja,2025-09-01,17,199.1
SKU-0210,Odświeżacz powietrza do auta XL,Motoryzacja,2025-10-01,16,210.17
SKU-0210,Odświeżacz powietrza do auta XL,Motoryzacja,2025-11-01,15,207.43
SKU-0210,Odświeżacz powietrza do auta XL,Motoryzacja,2025-12-01,17,204.63
SKU-0210,Odświeżacz powietrza do auta XL,Motoryzacja,2026-01-01,17,199.25
SKU-0210,Odświeżacz powietrza do auta XL,Motoryzacja,2026-02-01,18,199.92
SKU-0210,Odświeżacz powietrza do auta XL,Motoryzacja,2026-03-01,20,205.36
SKU-0210,Odświeżacz powietrza do auta XL,Motoryzacja,2026-04-01,21,210.4
SKU-0210,Odświeżacz powietrza do auta XL,Motoryzacja,2026-05-01,24,213.85
SKU-0210,Odświeżacz powietrza do auta XL,Motoryzacja,2026-06-01,23,198.48
SKU-0210,Odświeżacz powietrza do auta XL,Motoryzacja,2026-07-01,20,196.74
SKU-0211,Szafka nocna Premium,Meble,2024-08-01,13,582.55
SKU-0211,Szafka nocna Premium,Meble,2024-09-01,0,597.94
SKU-0211,Szafka nocna Premium,Meble,2024-10-01,39,578.31
SKU-0211,Szafka nocna Premium,Meble,2024-11-01,22,579.67
SKU-0211,Szafka nocna Premium,Meble,2024-12-01,0,561.87
SKU-0211,Szafka nocna Premium,Meble,2025-01-01,0,579.02
SKU-0211,Szafka nocna Premium,Meble,2025-02-01,7,574.21
SKU-0211,Szafka nocna Premium,Meble,2025-03-01,19,604.1
SKU-0211,Szafka nocna Premium,Meble,2025-04-01,0,604.75
SKU-0211,Szafka nocna Premium,Meble,2025-05-01,0,574.27
SKU-0211,Szafka nocna Premium,Meble,2025-06-01,19,595.55
SKU-0211,Szafka nocna Premium,Meble,2025-07-01,4,563.15
SKU-0211,Szafka nocna Premium,Meble,2025-08-01,16,591.81
SKU-0211,Szafka nocna Premium,Meble,2025-09-01,0,565.05
SKU-0211,Szafka nocna Premium,Meble,2025-10-01,0,609.62
SKU-0211,Szafka nocna Premium,Meble,2025-11-01,11,585.63
SKU-0211,Szafka nocna Premium,Meble,2025-12-01,0,606.17
SKU-0211,Szafka nocna Premium,Meble,2026-01-01,16,565.84
SKU-0211,Szafka nocna Premium,Meble,2026-02-01,12,571.5
SKU-0211,Szafka nocna Premium,Meble,2026-03-01,0,597.43
SKU-0211,Szafka nocna Premium,Meble,2026-04-01,22,584.88
SKU-0211,Szafka nocna Premium,Meble,2026-05-01,11,561.7
SKU-0211,Szafka nocna Premium,Meble,2026-06-01,29,564.6
SKU-0211,Szafka nocna Premium,Meble,2026-07-01,0,607.26
SKU-0212,Taśma LED RGB Pro,Oświetlenie,2024-08-01,191,56.82
SKU-0212,Taśma LED RGB Pro,Oświetlenie,2024-09-01,0,55.87
SKU-0212,Taśma LED RGB Pro,Oświetlenie,2024-10-01,0,58.82
SKU-0212,Taśma LED RGB Pro,Oświetlenie,2024-11-01,416,54.92
SKU-0212,Taśma LED RGB Pro,Oświetlenie,2024-12-01,0,56.29
SKU-0212,Taśma LED RGB Pro,Oświetlenie,2025-01-01,193,55.76
SKU-0212,Taśma LED RGB Pro,Oświetlenie,2025-02-01,0,53.83
SKU-0212,Taśma LED RGB Pro,Oświetlenie,2025-03-01,0,55.76
SKU-0212,Taśma LED RGB Pro,Oświetlenie,2025-04-01,51,57.32
SKU-0212,Taśma LED RGB Pro,Oświetlenie,2025-05-01,0,56.84
SKU-0212,Taśma LED RGB Pro,Oświetlenie,2025-06-01,98,56.94
SKU-0212,Taśma LED RGB Pro,Oświetlenie,2025-07-01,327,55.86
SKU-0212,Taśma LED RGB Pro,Oświetlenie,2025-08-01,0,56.57
SKU-0212,Taśma LED RGB Pro,Oświetlenie,2025-09-01,0,54.14
SKU-0212,Taśma LED RGB Pro,Oświetlenie,2025-10-01,158,54.05
SKU-0212,Taśma LED RGB Pro,Oświetlenie,2025-11-01,0,58.1
SKU-0212,Taśma LED RGB Pro,Oświetlenie,2025-12-01,0,55.91
SKU-0212,Taśma LED RGB Pro,Oświetlenie,2026-01-01,0,57.4
SKU-0212,Taśma LED RGB Pro,Oświetlenie,2026-02-01,238,56.09
SKU-0212,Taśma LED RGB Pro,Oświetlenie,2026-03-01,262,55.92
SKU-0212,Taśma LED RGB Pro,Oświetlenie,2026-04-01,134,57.35
SKU-0212,Taśma LED RGB Pro,Oświetlenie,2026-05-01,0,55.58
SKU-0212,Taśma LED RGB Pro,Oświetlenie,2026-06-01,0,56.01
SKU-0212,Taśma LED RGB Pro,Oświetlenie,2026-07-01,19,57.37
SKU-0213,Odświeżacz powietrza do auta Compact,Motoryzacja,2024-08-01,5,54.44
SKU-0213,Odświeżacz powietrza do auta Compact,Motoryzacja,2024-09-01,6,51.87
SKU-0213,Odświeżacz powietrza do auta Compact,Motoryzacja,2024-10-01,10,53.27
SKU-0213,Odświeżacz powietrza do auta Compact,Motoryzacja,2024-11-01,15,53.83
SKU-0213,Odświeżacz powietrza do auta Compact,Motoryzacja,2024-12-01,18,56.26
SKU-0213,Odświeżacz powietrza do auta Compact,Motoryzacja,2025-01-01,38,52.59
SKU-0213,Odświeżacz powietrza do auta Compact,Motoryzacja,2025-02-01,27,51.56
SKU-0213,Odświeżacz powietrza do auta Compact,Motoryzacja,2025-03-01,24,52.99
SKU-0213,Odświeżacz powietrza do auta Compact,Motoryzacja,2025-04-01,31,53.81
SKU-0213,Odświeżacz powietrza do auta Compact,Motoryzacja,2025-05-01,31,54.37
SKU-0213,Odświeżacz powietrza do auta Compact,Motoryzacja,2025-06-01,15,51.12
SKU-0213,Odświeżacz powietrza do auta Compact,Motoryzacja,2025-07-01,7,54.13
SKU-0213,Odświeżacz powietrza do auta Compact,Motoryzacja,2025-08-01,4,54.31
SKU-0213,Odświeżacz powietrza do auta Compact,Motoryzacja,2025-09-01,5,53.77
SKU-0213,Odświeżacz powietrza do auta Compact,Motoryzacja,2025-10-01,8,55.37
SKU-0213,Odświeżacz powietrza do auta Compact,Motoryzacja,2025-11-01,16,52.11
SKU-0213,Odświeżacz powietrza do auta Compact,Motoryzacja,2025-12-01,22,51.41
SKU-0213,Odświeżacz powietrza do auta Compact,Motoryzacja,2026-01-01,36,54.23
SKU-0213,Odświeżacz powietrza do auta Compact,Motoryzacja,2026-02-01,39,51.12
SKU-0213,Odświeżacz powietrza do auta Compact,Motoryzacja,2026-03-01,28,53.66
SKU-0213,Odświeżacz powietrza do auta Compact,Motoryzacja,2026-04-01,27,52.72
SKU-0213,Odświeżacz powietrza do auta Compact,Motoryzacja,2026-05-01,24,56.02
SKU-0213,Odświeżacz powietrza do auta Compact,Motoryzacja,2026-06-01,17,53.15
SKU-0213,Odświeżacz powietrza do auta Compact,Motoryzacja,2026-07-01,7,53.77
SKU-0214,Antena DVB-T Pro,RTV,2024-08-01,0,1958.3
SKU-0214,Antena DVB-T Pro,RTV,2024-09-01,37,2028.8
SKU-0214,Antena DVB-T Pro,RTV,2024-10-01,30,2087.18
SKU-0214,Antena DVB-T Pro,RTV,2024-11-01,68,1925.55
SKU-0214,Antena DVB-T Pro,RTV,2024-12-01,0,2070.67
SKU-0214,Antena DVB-T Pro,RTV,2025-01-01,39,2006.89
SKU-0214,Antena DVB-T Pro,RTV,2025-02-01,41,1902.36
SKU-0214,Antena DVB-T Pro,RTV,2025-03-01,0,1907.71
SKU-0214,Antena DVB-T Pro,RTV,2025-04-01,0,1999.17
SKU-0214,Antena DVB-T Pro,RTV,2025-05-01,0,2052.23
SKU-0214,Antena DVB-T Pro,RTV,2025-06-01,0,2091.8
SKU-0214,Antena DVB-T Pro,RTV,2025-07-01,57,2038.38
SKU-0214,Antena DVB-T Pro,RTV,2025-08-01,84,2017.21
SKU-0214,Antena DVB-T Pro,RTV,2025-09-01,0,1909.98
SKU-0214,Antena DVB-T Pro,RTV,2025-10-01,0,1927.97
SKU-0214,Antena DVB-T Pro,RTV,2025-11-01,0,1966.59
SKU-0214,Antena DVB-T Pro,RTV,2025-12-01,21,2046.09
SKU-0214,Antena DVB-T Pro,RTV,2026-01-01,37,1928.01
SKU-0214,Antena DVB-T Pro,RTV,2026-02-01,49,2042.59
SKU-0214,Antena DVB-T Pro,RTV,2026-03-01,89,2063.14
SKU-0214,Antena DVB-T Pro,RTV,2026-04-01,0,2041.99
SKU-0214,Antena DVB-T Pro,RTV,2026-05-01,0,2018.86
SKU-0214,Antena DVB-T Pro,RTV,2026-06-01,0,1914.8
SKU-0214,Antena DVB-T Pro,RTV,2026-07-01,0,1905.96
SKU-0215,Segregator A4 Eco,Artykuły biurowe,2024-08-01,39,6.32
SKU-0215,Segregator A4 Eco,Artykuły biurowe,2024-09-01,15,6.37
SKU-0215,Segregator A4 Eco,Artykuły biurowe,2024-10-01,10,6.11
SKU-0215,Segregator A4 Eco,Artykuły biurowe,2024-11-01,0,6.4
SKU-0215,Segregator A4 Eco,Artykuły biurowe,2024-12-01,5,6.44
SKU-0215,Segregator A4 Eco,Artykuły biurowe,2025-01-01,15,6.1
SKU-0215,Segregator A4 Eco,Artykuły biurowe,2025-02-01,0,6.25
SKU-0215,Segregator A4 Eco,Artykuły biurowe,2025-03-01,52,6.04
SKU-0215,Segregator A4 Eco,Artykuły biurowe,2025-04-01,0,6.34
SKU-0215,Segregator A4 Eco,Artykuły biurowe,2025-05-01,20,6.03
SKU-0215,Segregator A4 Eco,Artykuły biurowe,2025-06-01,79,5.98
SKU-0215,Segregator A4 Eco,Artykuły biurowe,2025-07-01,0,6.24
SKU-0215,Segregator A4 Eco,Artykuły biurowe,2025-08-01,0,5.98
SKU-0215,Segregator A4 Eco,Artykuły biurowe,2025-09-01,0,6.17
SKU-0215,Segregator A4 Eco,Artykuły biurowe,2025-10-01,44,6.26
SKU-0215,Segregator A4 Eco,Artykuły biurowe,2025-11-01,0,6.5
SKU-0215,Segregator A4 Eco,Artykuły biurowe,2025-12-01,33,6.19
SKU-0215,Segregator A4 Eco,Artykuły biurowe,2026-01-01,33,6.0
SKU-0215,Segregator A4 Eco,Artykuły biurowe,2026-02-01,0,5.93
SKU-0215,Segregator A4 Eco,Artykuły biurowe,2026-03-01,46,6.05
SKU-0215,Segregator A4 Eco,Artykuły biurowe,2026-04-01,90,6.39
SKU-0215,Segregator A4 Eco,Artykuły biurowe,2026-05-01,80,6.42
SKU-0215,Segregator A4 Eco,Artykuły biurowe,2026-06-01,0,6.03
SKU-0215,Segregator A4 Eco,Artykuły biurowe,2026-07-01,0,6.15
SKU-0216,Kamera IP Advanced,Elektronika,2024-08-01,7,164.39
SKU-0216,Kamera IP Advanced,Elektronika,2024-09-01,13,173.9
SKU-0216,Kamera IP Advanced,Elektronika,2024-10-01,0,174.79
SKU-0216,Kamera IP Advanced,Elektronika,2024-11-01,6,171.62
SKU-0216,Kamera IP Advanced,Elektronika,2024-12-01,9,173.59
SKU-0216,Kamera IP Advanced,Elektronika,2025-01-01,0,164.0
SKU-0216,Kamera IP Advanced,Elektronika,2025-02-01,1,162.0
SKU-0216,Kamera IP Advanced,Elektronika,2025-03-01,7,170.01
SKU-0216,Kamera IP Advanced,Elektronika,2025-04-01,18,160.87
SKU-0216,Kamera IP Advanced,Elektronika,2025-05-01,7,162.77
SKU-0216,Kamera IP Advanced,Elektronika,2025-06-01,0,164.27
SKU-0216,Kamera IP Advanced,Elektronika,2025-07-01,7,173.96
SKU-0216,Kamera IP Advanced,Elektronika,2025-08-01,0,164.27
SKU-0216,Kamera IP Advanced,Elektronika,2025-09-01,11,170.17
SKU-0216,Kamera IP Advanced,Elektronika,2025-10-01,0,159.29
SKU-0216,Kamera IP Advanced,Elektronika,2025-11-01,0,160.71
SKU-0216,Kamera IP Advanced,Elektronika,2025-12-01,8,165.37
SKU-0216,Kamera IP Advanced,Elektronika,2026-01-01,0,172.51
SKU-0216,Kamera IP Advanced,Elektronika,2026-02-01,0,159.67
SKU-0216,Kamera IP Advanced,Elektronika,2026-03-01,0,171.5
SKU-0216,Kamera IP Advanced,Elektronika,2026-04-01,0,173.27
SKU-0216,Kamera IP Advanced,Elektronika,2026-05-01,14,162.19
SKU-0216,Kamera IP Advanced,Elektronika,2026-06-01,0,171.73
SKU-0216,Kamera IP Advanced,Elektronika,2026-07-01,8,166.03
SKU-0217,Radio kuchenne XL,RTV,2024-08-01,6,977.68
SKU-0217,Radio kuchenne XL,RTV,2024-09-01,6,968.48
SKU-0217,Radio kuchenne XL,RTV,2024-10-01,10,954.41
SKU-0217,Radio kuchenne XL,RTV,2024-11-01,0,974.87
SKU-0217,Radio kuchenne XL,RTV,2024-12-01,11,928.08
SKU-0217,Radio kuchenne XL,RTV,2025-01-01,0,979.8
SKU-0217,Radio kuchenne XL,RTV,2025-02-01,0,953.24
SKU-0217,Radio kuchenne XL,RTV,2025-03-01,16,953.06
SKU-0217,Radio kuchenne XL,RTV,2025-04-01,0,989.91
SKU-0217,Radio kuchenne XL,RTV,2025-05-01,0,963.83
SKU-0217,Radio kuchenne XL,RTV,2025-06-01,6,984.97
SKU-0217,Radio kuchenne XL,RTV,2025-07-01,42,952.74
SKU-0217,Radio kuchenne XL,RTV,2025-08-01,16,970.79
SKU-0217,Radio kuchenne XL,RTV,2025-09-01,18,931.91
SKU-0217,Radio kuchenne XL,RTV,2025-10-01,1,925.98
SKU-0217,Radio kuchenne XL,RTV,2025-11-01,2,993.03
SKU-0217,Radio kuchenne XL,RTV,2025-12-01,3,993.24
SKU-0217,Radio kuchenne XL,RTV,2026-01-01,13,980.85
SKU-0217,Radio kuchenne XL,RTV,2026-02-01,15,957.79
SKU-0217,Radio kuchenne XL,RTV,2026-03-01,0,947.72
SKU-0217,Radio kuchenne XL,RTV,2026-04-01,10,966.8
SKU-0217,Radio kuchenne XL,RTV,2026-05-01,11,931.22
SKU-0217,Radio kuchenne XL,RTV,2026-06-01,0,977.63
SKU-0217,Radio kuchenne XL,RTV,2026-07-01,11,918.16
SKU-0218,Mata do jogi Premium,Sport i rekreacja,2024-08-01,0,291.39
SKU-0218,Mata do jogi Premium,Sport i rekreacja,2024-09-01,0,294.53
SKU-0218,Mata do jogi Premium,Sport i rekreacja,2024-10-01,39,294.4
SKU-0218,Mata do jogi Premium,Sport i rekreacja,2024-11-01,146,310.05
SKU-0218,Mata do jogi Premium,Sport i rekreacja,2024-12-01,161,296.07
SKU-0218,Mata do jogi Premium,Sport i rekreacja,2025-01-01,216,316.02
SKU-0218,Mata do jogi Premium,Sport i rekreacja,2025-02-01,0,294.9
SKU-0218,Mata do jogi Premium,Sport i rekreacja,2025-03-01,11,307.79
SKU-0218,Mata do jogi Premium,Sport i rekreacja,2025-04-01,48,317.9
SKU-0218,Mata do jogi Premium,Sport i rekreacja,2025-05-01,30,312.94
SKU-0218,Mata do jogi Premium,Sport i rekreacja,2025-06-01,4,313.68
SKU-0218,Mata do jogi Premium,Sport i rekreacja,2025-07-01,42,314.88
SKU-0218,Mata do jogi Premium,Sport i rekreacja,2025-08-01,29,289.82
SKU-0218,Mata do jogi Premium,Sport i rekreacja,2025-09-01,68,294.73
SKU-0218,Mata do jogi Premium,Sport i rekreacja,2025-10-01,99,318.7
SKU-0218,Mata do jogi Premium,Sport i rekreacja,2025-11-01,124,296.24
SKU-0218,Mata do jogi Premium,Sport i rekreacja,2025-12-01,59,290.34
SKU-0218,Mata do jogi Premium,Sport i rekreacja,2026-01-01,0,307.62
SKU-0218,Mata do jogi Premium,Sport i rekreacja,2026-02-01,233,313.64
SKU-0218,Mata do jogi Premium,Sport i rekreacja,2026-03-01,227,292.32
SKU-0218,Mata do jogi Premium,Sport i rekreacja,2026-04-01,112,293.57
SKU-0218,Mata do jogi Premium,Sport i rekreacja,2026-05-01,70,297.76
SKU-0218,Mata do jogi Premium,Sport i rekreacja,2026-06-01,167,294.96
SKU-0218,Mata do jogi Premium,Sport i rekreacja,2026-07-01,0,290.55
SKU-0219,Wąż ogrodowy 20m Eco,Ogród,2024-08-01,9,437.94
SKU-0219,Wąż ogrodowy 20m Eco,Ogród,2024-09-01,3,441.18
SKU-0219,Wąż ogrodowy 20m Eco,Ogród,2024-10-01,24,457.95
SKU-0219,Wąż ogrodowy 20m Eco,Ogród,2024-11-01,12,440.49
SKU-0219,Wąż ogrodowy 20m Eco,Ogród,2024-12-01,18,436.21
SKU-0219,Wąż ogrodowy 20m Eco,Ogród,2025-01-01,15,455.81
SKU-0219,Wąż ogrodowy 20m Eco,Ogród,2025-02-01,0,456.87
SKU-0219,Wąż ogrodowy 20m Eco,Ogród,2025-03-01,24,456.26
SKU-0219,Wąż ogrodowy 20m Eco,Ogród,2025-04-01,0,432.04
SKU-0219,Wąż ogrodowy 20m Eco,Ogród,2025-05-01,25,438.85
SKU-0219,Wąż ogrodowy 20m Eco,Ogród,2025-06-01,14,436.47
SKU-0219,Wąż ogrodowy 20m Eco,Ogród,2025-07-01,37,449.0
SKU-0219,Wąż ogrodowy 20m Eco,Ogród,2025-08-01,26,460.11
SKU-0219,Wąż ogrodowy 20m Eco,Ogród,2025-09-01,63,462.83
SKU-0219,Wąż ogrodowy 20m Eco,Ogród,2025-10-01,0,436.24
SKU-0219,Wąż ogrodowy 20m Eco,Ogród,2025-11-01,36,458.19
SKU-0219,Wąż ogrodowy 20m Eco,Ogród,2025-12-01,0,436.59
SKU-0219,Wąż ogrodowy 20m Eco,Ogród,2026-01-01,28,422.89
SKU-0219,Wąż ogrodowy 20m Eco,Ogród,2026-02-01,21,431.75
SKU-0219,Wąż ogrodowy 20m Eco,Ogród,2026-03-01,0,459.97
SKU-0219,Wąż ogrodowy 20m Eco,Ogród,2026-04-01,15,458.72
SKU-0219,Wąż ogrodowy 20m Eco,Ogród,2026-05-01,28,457.8
SKU-0219,Wąż ogrodowy 20m Eco,Ogród,2026-06-01,37,428.63
SKU-0219,Wąż ogrodowy 20m Eco,Ogród,2026-07-01,25,445.62
SKU-0220,Szampon do włosów Classic,Kosmetyki,2024-08-01,3,26.97
SKU-0220,Szampon do włosów Classic,Kosmetyki,2024-09-01,7,28.88
SKU-0220,Szampon do włosów Classic,Kosmetyki,2024-10-01,1,29.21
SKU-0220,Szampon do włosów Classic,Kosmetyki,2024-11-01,2,27.57
SKU-0220,Szampon do włosów Classic,Kosmetyki,2024-12-01,0,29.64
SKU-0220,Szampon do włosów Classic,Kosmetyki,2025-01-01,5,28.27
SKU-0220,Szampon do włosów Classic,Kosmetyki,2025-02-01,0,27.66
SKU-0220,Szampon do włosów Classic,Kosmetyki,2025-03-01,0,29.0
SKU-0220,Szampon do włosów Classic,Kosmetyki,2025-04-01,0,28.7
SKU-0220,Szampon do włosów Classic,Kosmetyki,2025-05-01,9,27.87
SKU-0220,Szampon do włosów Classic,Kosmetyki,2025-06-01,3,26.95
SKU-0220,Szampon do włosów Classic,Kosmetyki,2025-07-01,9,29.6
SKU-0220,Szampon do włosów Classic,Kosmetyki,2025-08-01,3,28.46
SKU-0220,Szampon do włosów Classic,Kosmetyki,2025-09-01,5,27.18
SKU-0220,Szampon do włosów Classic,Kosmetyki,2025-10-01,0,27.85
SKU-0220,Szampon do włosów Classic,Kosmetyki,2025-11-01,0,28.56
SKU-0220,Szampon do włosów Classic,Kosmetyki,2025-12-01,8,27.57
SKU-0220,Szampon do włosów Classic,Kosmetyki,2026-01-01,3,27.72
SKU-0220,Szampon do włosów Classic,Kosmetyki,2026-02-01,5,28.3
SKU-0220,Szampon do włosów Classic,Kosmetyki,2026-03-01,0,27.92
SKU-0220,Szampon do włosów Classic,Kosmetyki,2026-04-01,4,28.1
SKU-0220,Szampon do włosów Classic,Kosmetyki,2026-05-01,2,28.43
SKU-0220,Szampon do włosów Classic,Kosmetyki,2026-06-01,10,29.18
SKU-0220,Szampon do włosów Classic,Kosmetyki,2026-07-01,7,27.71
SKU-0221,Taśma LED RGB Classic,Oświetlenie,2024-08-01,1,135.39
SKU-0221,Taśma LED RGB Classic,Oświetlenie,2024-09-01,1,140.18
SKU-0221,Taśma LED RGB Classic,Oświetlenie,2024-10-01,1,138.25
SKU-0221,Taśma LED RGB Classic,Oświetlenie,2024-11-01,1,137.98
SKU-0221,Taśma LED RGB Classic,Oświetlenie,2024-12-01,0,137.04
SKU-0221,Taśma LED RGB Classic,Oświetlenie,2025-01-01,1,142.05
SKU-0221,Taśma LED RGB Classic,Oświetlenie,2025-02-01,0,140.2
SKU-0221,Taśma LED RGB Classic,Oświetlenie,2025-03-01,1,137.99
SKU-0221,Taśma LED RGB Classic,Oświetlenie,2025-04-01,2,139.16
SKU-0221,Taśma LED RGB Classic,Oświetlenie,2025-05-01,1,135.08
SKU-0221,Taśma LED RGB Classic,Oświetlenie,2025-06-01,2,143.43
SKU-0221,Taśma LED RGB Classic,Oświetlenie,2025-07-01,2,139.81
SKU-0221,Taśma LED RGB Classic,Oświetlenie,2025-08-01,2,132.77
SKU-0221,Taśma LED RGB Classic,Oświetlenie,2025-09-01,2,132.29
SKU-0221,Taśma LED RGB Classic,Oświetlenie,2025-10-01,1,143.95
SKU-0221,Taśma LED RGB Classic,Oświetlenie,2025-11-01,1,140.66
SKU-0221,Taśma LED RGB Classic,Oświetlenie,2025-12-01,1,132.92
SKU-0221,Taśma LED RGB Classic,Oświetlenie,2026-01-01,1,135.91
SKU-0221,Taśma LED RGB Classic,Oświetlenie,2026-02-01,1,141.6
SKU-0221,Taśma LED RGB Classic,Oświetlenie,2026-03-01,1,134.23
SKU-0221,Taśma LED RGB Classic,Oświetlenie,2026-04-01,2,145.66
SKU-0221,Taśma LED RGB Classic,Oświetlenie,2026-05-01,2,141.59
SKU-0221,Taśma LED RGB Classic,Oświetlenie,2026-06-01,3,139.75
SKU-0221,Taśma LED RGB Classic,Oświetlenie,2026-07-01,3,138.34
SKU-0222,Blender kielichowy Advanced,AGD,2024-08-01,3,183.59
SKU-0222,Blender kielichowy Advanced,AGD,2024-09-01,6,184.65
SKU-0222,Blender kielichowy Advanced,AGD,2024-10-01,10,184.98
SKU-0222,Blender kielichowy Advanced,AGD,2024-11-01,12,184.6
SKU-0222,Blender kielichowy Advanced,AGD,2024-12-01,21,194.01
SKU-0222,Blender kielichowy Advanced,AGD,2025-01-01,18,188.97
SKU-0222,Blender kielichowy Advanced,AGD,2025-02-01,19,188.48
SKU-0222,Blender kielichowy Advanced,AGD,2025-03-01,22,196.8
SKU-0222,Blender kielichowy Advanced,AGD,2025-04-01,13,183.99
SKU-0222,Blender kielichowy Advanced,AGD,2025-05-01,12,193.8
SKU-0222,Blender kielichowy Advanced,AGD,2025-06-01,6,187.93
SKU-0222,Blender kielichowy Advanced,AGD,2025-07-01,4,191.75
SKU-0222,Blender kielichowy Advanced,AGD,2025-08-01,4,196.05
SKU-0222,Blender kielichowy Advanced,AGD,2025-09-01,5,185.93
SKU-0222,Blender kielichowy Advanced,AGD,2025-10-01,7,194.99
SKU-0222,Blender kielichowy Advanced,AGD,2025-11-01,10,194.89
SKU-0222,Blender kielichowy Advanced,AGD,2025-12-01,11,199.86
SKU-0222,Blender kielichowy Advanced,AGD,2026-01-01,24,191.91
SKU-0222,Blender kielichowy Advanced,AGD,2026-02-01,22,197.07
SKU-0222,Blender kielichowy Advanced,AGD,2026-03-01,14,184.77
SKU-0222,Blender kielichowy Advanced,AGD,2026-04-01,13,193.54
SKU-0222,Blender kielichowy Advanced,AGD,2026-05-01,11,186.33
SKU-0222,Blender kielichowy Advanced,AGD,2026-06-01,9,188.77
SKU-0222,Blender kielichowy Advanced,AGD,2026-07-01,3,196.76
SKU-0223,Lampa biurkowa Pro,Oświetlenie,2024-08-01,1,277.35
SKU-0223,Lampa biurkowa Pro,Oświetlenie,2024-09-01,1,299.3
SKU-0223,Lampa biurkowa Pro,Oświetlenie,2024-10-01,1,293.05
SKU-0223,Lampa biurkowa Pro,Oświetlenie,2024-11-01,1,299.2
SKU-0223,Lampa biurkowa Pro,Oświetlenie,2024-12-01,1,280.56
SKU-0223,Lampa biurkowa Pro,Oświetlenie,2025-01-01,1,278.01
SKU-0223,Lampa biurkowa Pro,Oświetlenie,2025-02-01,1,293.43
SKU-0223,Lampa biurkowa Pro,Oświetlenie,2025-03-01,1,286.58
SKU-0223,Lampa biurkowa Pro,Oświetlenie,2025-04-01,1,281.4
SKU-0223,Lampa biurkowa Pro,Oświetlenie,2025-05-01,1,294.05
SKU-0223,Lampa biurkowa Pro,Oświetlenie,2025-06-01,1,296.28
SKU-0223,Lampa biurkowa Pro,Oświetlenie,2025-07-01,1,297.61
SKU-0223,Lampa biurkowa Pro,Oświetlenie,2025-08-01,1,283.2
SKU-0223,Lampa biurkowa Pro,Oświetlenie,2025-09-01,1,302.47
SKU-0223,Lampa biurkowa Pro,Oświetlenie,2025-10-01,1,291.7
SKU-0223,Lampa biurkowa Pro,Oświetlenie,2025-11-01,1,301.76
SKU-0223,Lampa biurkowa Pro,Oświetlenie,2025-12-01,1,281.89
SKU-0223,Lampa biurkowa Pro,Oświetlenie,2026-01-01,1,291.1
SKU-0223,Lampa biurkowa Pro,Oświetlenie,2026-02-01,1,296.76
SKU-0223,Lampa biurkowa Pro,Oświetlenie,2026-03-01,1,297.12
SKU-0223,Lampa biurkowa Pro,Oświetlenie,2026-04-01,1,291.27
SKU-0223,Lampa biurkowa Pro,Oświetlenie,2026-05-01,1,295.08
SKU-0223,Lampa biurkowa Pro,Oświetlenie,2026-06-01,1,305.18
SKU-0223,Lampa biurkowa Pro,Oświetlenie,2026-07-01,1,290.43
SKU-0224,Żyrandol sufitowy,Oświetlenie,2024-08-01,4,255.23
SKU-0224,Żyrandol sufitowy,Oświetlenie,2024-09-01,3,238.59
SKU-0224,Żyrandol sufitowy,Oświetlenie,2024-10-01,3,252.9
SKU-0224,Żyrandol sufitowy,Oświetlenie,2024-11-01,4,247.66
SKU-0224,Żyrandol sufitowy,Oświetlenie,2024-12-01,5,240.19
SKU-0224,Żyrandol sufitowy,Oświetlenie,2025-01-01,8,246.65
SKU-0224,Żyrandol sufitowy,Oświetlenie,2025-02-01,10,245.34
SKU-0224,Żyrandol sufitowy,Oświetlenie,2025-03-01,10,255.28
SKU-0224,Żyrandol sufitowy,Oświetlenie,2025-04-01,14,243.08
SKU-0224,Żyrandol sufitowy,Oświetlenie,2025-05-01,13,258.17
SKU-0224,Żyrandol sufitowy,Oświetlenie,2025-06-01,8,242.07
SKU-0224,Żyrandol sufitowy,Oświetlenie,2025-07-01,5,251.33
SKU-0224,Żyrandol sufitowy,Oświetlenie,2025-08-01,4,259.11
SKU-0224,Żyrandol sufitowy,Oświetlenie,2025-09-01,2,249.38
SKU-0224,Żyrandol sufitowy,Oświetlenie,2025-10-01,2,247.9
SKU-0224,Żyrandol sufitowy,Oświetlenie,2025-11-01,5,245.05
SKU-0224,Żyrandol sufitowy,Oświetlenie,2025-12-01,6,240.99
SKU-0224,Żyrandol sufitowy,Oświetlenie,2026-01-01,9,238.85
SKU-0224,Żyrandol sufitowy,Oświetlenie,2026-02-01,9,251.47
SKU-0224,Żyrandol sufitowy,Oświetlenie,2026-03-01,8,250.96
SKU-0224,Żyrandol sufitowy,Oświetlenie,2026-04-01,7,251.52
SKU-0224,Żyrandol sufitowy,Oświetlenie,2026-05-01,12,261.58
SKU-0224,Żyrandol sufitowy,Oświetlenie,2026-06-01,8,254.47
SKU-0224,Żyrandol sufitowy,Oświetlenie,2026-07-01,9,253.55
SKU-0225,Marker permanentny Premium,Artykuły biurowe,2024-08-01,3,12.16
SKU-0225,Marker permanentny Premium,Artykuły biurowe,2024-09-01,13,12.25
SKU-0225,Marker permanentny Premium,Artykuły biurowe,2024-10-01,22,12.16
SKU-0225,Marker permanentny Premium,Artykuły biurowe,2024-11-01,47,11.4
SKU-0225,Marker permanentny Premium,Artykuły biurowe,2024-12-01,54,11.97
SKU-0225,Marker permanentny Premium,Artykuły biurowe,2025-01-01,24,11.58
SKU-0225,Marker permanentny Premium,Artykuły biurowe,2025-02-01,51,11.51
SKU-0225,Marker permanentny Premium,Artykuły biurowe,2025-03-01,58,11.35
SKU-0225,Marker permanentny Premium,Artykuły biurowe,2025-04-01,28,11.69
SKU-0225,Marker permanentny Premium,Artykuły biurowe,2025-05-01,23,11.7
SKU-0225,Marker permanentny Premium,Artykuły biurowe,2025-06-01,4,11.73
SKU-0225,Marker permanentny Premium,Artykuły biurowe,2025-07-01,2,11.15
SKU-0225,Marker permanentny Premium,Artykuły biurowe,2025-08-01,3,11.81
SKU-0225,Marker permanentny Premium,Artykuły biurowe,2025-09-01,10,12.22
SKU-0225,Marker permanentny Premium,Artykuły biurowe,2025-10-01,20,11.66
SKU-0225,Marker permanentny Premium,Artykuły biurowe,2025-11-01,35,11.76
SKU-0225,Marker permanentny Premium,Artykuły biurowe,2025-12-01,62,11.3
SKU-0225,Marker permanentny Premium,Artykuły biurowe,2026-01-01,48,12.17
SKU-0225,Marker permanentny Premium,Artykuły biurowe,2026-02-01,61,11.21
SKU-0225,Marker permanentny Premium,Artykuły biurowe,2026-03-01,61,11.98
SKU-0225,Marker permanentny Premium,Artykuły biurowe,2026-04-01,27,12.07
SKU-0225,Marker permanentny Premium,Artykuły biurowe,2026-05-01,19,11.27
SKU-0225,Marker permanentny Premium,Artykuły biurowe,2026-06-01,8,12.27
SKU-0225,Marker permanentny Premium,Artykuły biurowe,2026-07-01,3,11.64
SKU-0226,Mikser ręczny Pro,AGD,2024-08-01,46,504.21
SKU-0226,Mikser ręczny Pro,AGD,2024-09-01,45,540.98
SKU-0226,Mikser ręczny Pro,AGD,2024-10-01,41,542.36
SKU-0226,Mikser ręczny Pro,AGD,2024-11-01,44,547.14
SKU-0226,Mikser ręczny Pro,AGD,2024-12-01,37,542.45
SKU-0226,Mikser ręczny Pro,AGD,2025-01-01,45,520.57
SKU-0226,Mikser ręczny Pro,AGD,2025-02-01,44,548.15
SKU-0226,Mikser ręczny Pro,AGD,2025-03-01,46,516.06
SKU-0226,Mikser ręczny Pro,AGD,2025-04-01,37,535.34
SKU-0226,Mikser ręczny Pro,AGD,2025-05-01,42,544.15
SKU-0226,Mikser ręczny Pro,AGD,2025-06-01,48,520.47
SKU-0226,Mikser ręczny Pro,AGD,2025-07-01,35,537.56
SKU-0226,Mikser ręczny Pro,AGD,2025-08-01,34,512.23
SKU-0226,Mikser ręczny Pro,AGD,2025-09-01,39,504.02
SKU-0226,Mikser ręczny Pro,AGD,2025-10-01,39,517.14
SKU-0226,Mikser ręczny Pro,AGD,2025-11-01,42,516.04
SKU-0226,Mikser ręczny Pro,AGD,2025-12-01,38,538.17
SKU-0226,Mikser ręczny Pro,AGD,2026-01-01,40,522.57
SKU-0226,Mikser ręczny Pro,AGD,2026-02-01,33,532.0
SKU-0226,Mikser ręczny Pro,AGD,2026-03-01,33,547.46
SKU-0226,Mikser ręczny Pro,AGD,2026-04-01,35,513.01
SKU-0226,Mikser ręczny Pro,AGD,2026-05-01,38,533.4
SKU-0226,Mikser ręczny Pro,AGD,2026-06-01,36,525.76
SKU-0226,Mikser ręczny Pro,AGD,2026-07-01,38,537.5
SKU-0227,Rolki fitness XL,Sport i rekreacja,2024-08-01,5,287.59
SKU-0227,Rolki fitness XL,Sport i rekreacja,2024-09-01,0,263.67
SKU-0227,Rolki fitness XL,Sport i rekreacja,2024-10-01,6,276.7
SKU-0227,Rolki fitness XL,Sport i rekreacja,2024-11-01,0,277.6
SKU-0227,Rolki fitness XL,Sport i rekreacja,2024-12-01,5,268.09
SKU-0227,Rolki fitness XL,Sport i rekreacja,2025-01-01,9,278.49
SKU-0227,Rolki fitness XL,Sport i rekreacja,2025-02-01,7,262.32
SKU-0227,Rolki fitness XL,Sport i rekreacja,2025-03-01,17,266.61
SKU-0227,Rolki fitness XL,Sport i rekreacja,2025-04-01,7,279.68
SKU-0227,Rolki fitness XL,Sport i rekreacja,2025-05-01,0,286.45
SKU-0227,Rolki fitness XL,Sport i rekreacja,2025-06-01,4,264.12
SKU-0227,Rolki fitness XL,Sport i rekreacja,2025-07-01,0,275.06
SKU-0227,Rolki fitness XL,Sport i rekreacja,2025-08-01,5,280.77
SKU-0227,Rolki fitness XL,Sport i rekreacja,2025-09-01,7,286.94
SKU-0227,Rolki fitness XL,Sport i rekreacja,2025-10-01,8,264.29
SKU-0227,Rolki fitness XL,Sport i rekreacja,2025-11-01,10,288.51
SKU-0227,Rolki fitness XL,Sport i rekreacja,2025-12-01,15,281.0
SKU-0227,Rolki fitness XL,Sport i rekreacja,2026-01-01,6,267.35
SKU-0227,Rolki fitness XL,Sport i rekreacja,2026-02-01,0,270.07
SKU-0227,Rolki fitness XL,Sport i rekreacja,2026-03-01,9,285.61
SKU-0227,Rolki fitness XL,Sport i rekreacja,2026-04-01,0,269.02
SKU-0227,Rolki fitness XL,Sport i rekreacja,2026-05-01,7,277.28
SKU-0227,Rolki fitness XL,Sport i rekreacja,2026-06-01,0,264.1
SKU-0227,Rolki fitness XL,Sport i rekreacja,2026-07-01,11,265.47
SKU-0228,Młotek stolarski Classic,Narzędzia,2024-08-01,3,128.29
SKU-0228,Młotek stolarski Classic,Narzędzia,2024-09-01,2,127.21
SKU-0228,Młotek stolarski Classic,Narzędzia,2024-10-01,1,121.17
SKU-0228,Młotek stolarski Classic,Narzędzia,2024-11-01,0,122.49
SKU-0228,Młotek stolarski Classic,Narzędzia,2024-12-01,5,131.02
SKU-0228,Młotek stolarski Classic,Narzędzia,2025-01-01,6,130.69
SKU-0228,Młotek stolarski Classic,Narzędzia,2025-02-01,1,120.75
SKU-0228,Młotek stolarski Classic,Narzędzia,2025-03-01,0,125.22
SKU-0228,Młotek stolarski Classic,Narzędzia,2025-04-01,2,124.92
SKU-0228,Młotek stolarski Classic,Narzędzia,2025-05-01,2,125.18
SKU-0228,Młotek stolarski Classic,Narzędzia,2025-06-01,0,123.52
SKU-0228,Młotek stolarski Classic,Narzędzia,2025-07-01,0,130.13
SKU-0228,Młotek stolarski Classic,Narzędzia,2025-08-01,1,128.95
SKU-0228,Młotek stolarski Classic,Narzędzia,2025-09-01,0,128.5
SKU-0228,Młotek stolarski Classic,Narzędzia,2025-10-01,4,125.04
SKU-0228,Młotek stolarski Classic,Narzędzia,2025-11-01,8,119.3
SKU-0228,Młotek stolarski Classic,Narzędzia,2025-12-01,1,122.8
SKU-0228,Młotek stolarski Classic,Narzędzia,2026-01-01,3,124.24
SKU-0228,Młotek stolarski Classic,Narzędzia,2026-02-01,3,119.79
SKU-0228,Młotek stolarski Classic,Narzędzia,2026-03-01,0,125.77
SKU-0228,Młotek stolarski Classic,Narzędzia,2026-04-01,0,119.77
SKU-0228,Młotek stolarski Classic,Narzędzia,2026-05-01,0,122.63
SKU-0228,Młotek stolarski Classic,Narzędzia,2026-06-01,0,130.68
SKU-0228,Młotek stolarski Classic,Narzędzia,2026-07-01,5,127.8
SKU-0229,Długopis żelowy Advanced,Artykuły biurowe,2024-08-01,2,40.31
SKU-0229,Długopis żelowy Advanced,Artykuły biurowe,2024-09-01,2,39.42
SKU-0229,Długopis żelowy Advanced,Artykuły biurowe,2024-10-01,3,40.41
SKU-0229,Długopis żelowy Advanced,Artykuły biurowe,2024-11-01,4,37.17
SKU-0229,Długopis żelowy Advanced,Artykuły biurowe,2024-12-01,6,37.91
SKU-0229,Długopis żelowy Advanced,Artykuły biurowe,2025-01-01,9,38.06
SKU-0229,Długopis żelowy Advanced,Artykuły biurowe,2025-02-01,14,41.02
SKU-0229,Długopis żelowy Advanced,Artykuły biurowe,2025-03-01,17,40.09
SKU-0229,Długopis żelowy Advanced,Artykuły biurowe,2025-04-01,15,37.21
SKU-0229,Długopis żelowy Advanced,Artykuły biurowe,2025-05-01,9,37.97
SKU-0229,Długopis żelowy Advanced,Artykuły biurowe,2025-06-01,5,39.27
SKU-0229,Długopis żelowy Advanced,Artykuły biurowe,2025-07-01,7,39.27
SKU-0229,Długopis żelowy Advanced,Artykuły biurowe,2025-08-01,2,38.95
SKU-0229,Długopis żelowy Advanced,Artykuły biurowe,2025-09-01,2,38.6
SKU-0229,Długopis żelowy Advanced,Artykuły biurowe,2025-10-01,3,38.49
SKU-0229,Długopis żelowy Advanced,Artykuły biurowe,2025-11-01,6,39.51
SKU-0229,Długopis żelowy Advanced,Artykuły biurowe,2025-12-01,6,37.4
SKU-0229,Długopis żelowy Advanced,Artykuły biurowe,2026-01-01,8,37.19
SKU-0229,Długopis żelowy Advanced,Artykuły biurowe,2026-02-01,13,38.82
SKU-0229,Długopis żelowy Advanced,Artykuły biurowe,2026-03-01,9,40.21
SKU-0229,Długopis żelowy Advanced,Artykuły biurowe,2026-04-01,12,37.4
SKU-0229,Długopis żelowy Advanced,Artykuły biurowe,2026-05-01,9,40.52
SKU-0229,Długopis żelowy Advanced,Artykuły biurowe,2026-06-01,9,37.88
SKU-0229,Długopis żelowy Advanced,Artykuły biurowe,2026-07-01,4,38.95
SKU-0230,Ładowarka sieciowa Compact,Elektronika,2024-08-01,97,39.28
SKU-0230,Ładowarka sieciowa Compact,Elektronika,2024-09-01,64,41.43
SKU-0230,Ładowarka sieciowa Compact,Elektronika,2024-10-01,65,41.23
SKU-0230,Ładowarka sieciowa Compact,Elektronika,2024-11-01,68,39.1
SKU-0230,Ładowarka sieciowa Compact,Elektronika,2024-12-01,27,39.65
SKU-0230,Ładowarka sieciowa Compact,Elektronika,2025-01-01,17,42.33
SKU-0230,Ładowarka sieciowa Compact,Elektronika,2025-02-01,9,40.0
SKU-0230,Ładowarka sieciowa Compact,Elektronika,2025-03-01,5,42.31
SKU-0230,Ładowarka sieciowa Compact,Elektronika,2025-04-01,16,42.3
SKU-0230,Ładowarka sieciowa Compact,Elektronika,2025-05-01,32,42.07
SKU-0230,Ładowarka sieciowa Compact,Elektronika,2025-06-01,68,39.76
SKU-0230,Ładowarka sieciowa Compact,Elektronika,2025-07-01,55,41.56
SKU-0230,Ładowarka sieciowa Compact,Elektronika,2025-08-01,79,41.86
SKU-0230,Ładowarka sieciowa Compact,Elektronika,2025-09-01,60,42.22
SKU-0230,Ładowarka sieciowa Compact,Elektronika,2025-10-01,75,41.83
SKU-0230,Ładowarka sieciowa Compact,Elektronika,2025-11-01,56,41.23
SKU-0230,Ładowarka sieciowa Compact,Elektronika,2025-12-01,47,39.17
SKU-0230,Ładowarka sieciowa Compact,Elektronika,2026-01-01,20,39.36
SKU-0230,Ładowarka sieciowa Compact,Elektronika,2026-02-01,7,40.37
SKU-0230,Ładowarka sieciowa Compact,Elektronika,2026-03-01,8,39.92
SKU-0230,Ładowarka sieciowa Compact,Elektronika,2026-04-01,17,41.4
SKU-0230,Ładowarka sieciowa Compact,Elektronika,2026-05-01,41,39.74
SKU-0230,Ładowarka sieciowa Compact,Elektronika,2026-06-01,55,40.3
SKU-0230,Ładowarka sieciowa Compact,Elektronika,2026-07-01,69,42.49
SKU-0231,Kawa mielona 500g Mini,Spożywcze,2024-08-01,23,46.94
SKU-0231,Kawa mielona 500g Mini,Spożywcze,2024-09-01,24,46.22
SKU-0231,Kawa mielona 500g Mini,Spożywcze,2024-10-01,25,47.91
SKU-0231,Kawa mielona 500g Mini,Spożywcze,2024-11-01,18,48.89
SKU-0231,Kawa mielona 500g Mini,Spożywcze,2024-12-01,11,49.84
SKU-0231,Kawa mielona 500g Mini,Spożywcze,2025-01-01,7,46.58
SKU-0231,Kawa mielona 500g Mini,Spożywcze,2025-02-01,2,49.0
SKU-0231,Kawa mielona 500g Mini,Spożywcze,2025-03-01,1,46.6
SKU-0231,Kawa mielona 500g Mini,Spożywcze,2025-04-01,4,46.3
SKU-0231,Kawa mielona 500g Mini,Spożywcze,2025-05-01,10,48.99
SKU-0231,Kawa mielona 500g Mini,Spożywcze,2025-06-01,18,46.7
SKU-0231,Kawa mielona 500g Mini,Spożywcze,2025-07-01,25,50.94
SKU-0231,Kawa mielona 500g Mini,Spożywcze,2025-08-01,32,49.46
SKU-0231,Kawa mielona 500g Mini,Spożywcze,2025-09-01,24,50.8
SKU-0231,Kawa mielona 500g Mini,Spożywcze,2025-10-01,21,49.31
SKU-0231,Kawa mielona 500g Mini,Spożywcze,2025-11-01,21,46.62
SKU-0231,Kawa mielona 500g Mini,Spożywcze,2025-12-01,17,47.14
SKU-0231,Kawa mielona 500g Mini,Spożywcze,2026-01-01,8,46.21
SKU-0231,Kawa mielona 500g Mini,Spożywcze,2026-02-01,2,48.06
SKU-0231,Kawa mielona 500g Mini,Spożywcze,2026-03-01,1,47.87
SKU-0231,Kawa mielona 500g Mini,Spożywcze,2026-04-01,4,47.04
SKU-0231,Kawa mielona 500g Mini,Spożywcze,2026-05-01,9,46.95
SKU-0231,Kawa mielona 500g Mini,Spożywcze,2026-06-01,17,46.61
SKU-0231,Kawa mielona 500g Mini,Spożywcze,2026-07-01,19,47.49
SKU-0232,Projektor LED Pro,RTV,2024-08-01,0,1678.87
SKU-0232,Projektor LED Pro,RTV,2024-09-01,3,1764.6
SKU-0232,Projektor LED Pro,RTV,2024-10-01,0,1736.65
SKU-0232,Projektor LED Pro,RTV,2024-11-01,1,1706.88
SKU-0232,Projektor LED Pro,RTV,2024-12-01,0,1715.89
SKU-0232,Projektor LED Pro,RTV,2025-01-01,3,1619.92
SKU-0232,Projektor LED Pro,RTV,2025-02-01,0,1650.91
SKU-0232,Projektor LED Pro,RTV,2025-03-01,0,1736.51
SKU-0232,Projektor LED Pro,RTV,2025-04-01,0,1770.58
SKU-0232,Projektor LED Pro,RTV,2025-05-01,7,1682.66
SKU-0232,Projektor LED Pro,RTV,2025-06-01,4,1668.26
SKU-0232,Projektor LED Pro,RTV,2025-07-01,3,1647.72
SKU-0232,Projektor LED Pro,RTV,2025-08-01,2,1685.94
SKU-0232,Projektor LED Pro,RTV,2025-09-01,6,1685.43
SKU-0232,Projektor LED Pro,RTV,2025-10-01,6,1751.24
SKU-0232,Projektor LED Pro,RTV,2025-11-01,0,1751.47
SKU-0232,Projektor LED Pro,RTV,2025-12-01,6,1719.32
SKU-0232,Projektor LED Pro,RTV,2026-01-01,4,1743.78
SKU-0232,Projektor LED Pro,RTV,2026-02-01,3,1674.14
SKU-0232,Projektor LED Pro,RTV,2026-03-01,0,1669.03
SKU-0232,Projektor LED Pro,RTV,2026-04-01,7,1705.76
SKU-0232,Projektor LED Pro,RTV,2026-05-01,6,1769.06
SKU-0232,Projektor LED Pro,RTV,2026-06-01,10,1654.67
SKU-0232,Projektor LED Pro,RTV,2026-07-01,0,1728.11
SKU-0233,Klocki konstrukcyjne Mini,Zabawki,2024-08-01,9,208.72
SKU-0233,Klocki konstrukcyjne Mini,Zabawki,2024-09-01,0,219.91
SKU-0233,Klocki konstrukcyjne Mini,Zabawki,2024-10-01,5,221.07
SKU-0233,Klocki konstrukcyjne Mini,Zabawki,2024-11-01,1,222.26
SKU-0233,Klocki konstrukcyjne Mini,Zabawki,2024-12-01,0,223.17
SKU-0233,Klocki konstrukcyjne Mini,Zabawki,2025-01-01,11,212.87
SKU-0233,Klocki konstrukcyjne Mini,Zabawki,2025-02-01,3,217.14
SKU-0233,Klocki konstrukcyjne Mini,Zabawki,2025-03-01,0,227.41
SKU-0233,Klocki konstrukcyjne Mini,Zabawki,2025-04-01,0,214.59
SKU-0233,Klocki konstrukcyjne Mini,Zabawki,2025-05-01,8,215.62
SKU-0233,Klocki konstrukcyjne Mini,Zabawki,2025-06-01,10,214.68
SKU-0233,Klocki konstrukcyjne Mini,Zabawki,2025-07-01,5,226.65
SKU-0233,Klocki konstrukcyjne Mini,Zabawki,2025-08-01,0,224.56
SKU-0233,Klocki konstrukcyjne Mini,Zabawki,2025-09-01,5,228.47
SKU-0233,Klocki konstrukcyjne Mini,Zabawki,2025-10-01,0,220.62
SKU-0233,Klocki konstrukcyjne Mini,Zabawki,2025-11-01,2,216.74
SKU-0233,Klocki konstrukcyjne Mini,Zabawki,2025-12-01,0,209.17
SKU-0233,Klocki konstrukcyjne Mini,Zabawki,2026-01-01,6,226.6
SKU-0233,Klocki konstrukcyjne Mini,Zabawki,2026-02-01,5,208.55
SKU-0233,Klocki konstrukcyjne Mini,Zabawki,2026-03-01,7,224.08
SKU-0233,Klocki konstrukcyjne Mini,Zabawki,2026-04-01,0,219.82
SKU-0233,Klocki konstrukcyjne Mini,Zabawki,2026-05-01,0,229.55
SKU-0233,Klocki konstrukcyjne Mini,Zabawki,2026-06-01,6,215.83
SKU-0233,Klocki konstrukcyjne Mini,Zabawki,2026-07-01,6,215.36
SKU-0234,Lampion ogrodowy Advanced,Oświetlenie,2024-08-01,18,198.29
SKU-0234,Lampion ogrodowy Advanced,Oświetlenie,2024-09-01,21,211.08
SKU-0234,Lampion ogrodowy Advanced,Oświetlenie,2024-10-01,19,195.07
SKU-0234,Lampion ogrodowy Advanced,Oświetlenie,2024-11-01,13,203.24
SKU-0234,Lampion ogrodowy Advanced,Oświetlenie,2024-12-01,15,195.27
SKU-0234,Lampion ogrodowy Advanced,Oświetlenie,2025-01-01,8,199.28
SKU-0234,Lampion ogrodowy Advanced,Oświetlenie,2025-02-01,3,196.41
SKU-0234,Lampion ogrodowy Advanced,Oświetlenie,2025-03-01,2,207.21
SKU-0234,Lampion ogrodowy Advanced,Oświetlenie,2025-04-01,2,192.41
SKU-0234,Lampion ogrodowy Advanced,Oświetlenie,2025-05-01,3,201.45
SKU-0234,Lampion ogrodowy Advanced,Oświetlenie,2025-06-01,5,192.85
SKU-0234,Lampion ogrodowy Advanced,Oświetlenie,2025-07-01,12,198.6
SKU-0234,Lampion ogrodowy Advanced,Oświetlenie,2025-08-01,18,207.75
SKU-0234,Lampion ogrodowy Advanced,Oświetlenie,2025-09-01,22,191.68
SKU-0234,Lampion ogrodowy Advanced,Oświetlenie,2025-10-01,22,206.04
SKU-0234,Lampion ogrodowy Advanced,Oświetlenie,2025-11-01,15,204.29
SKU-0234,Lampion ogrodowy Advanced,Oświetlenie,2025-12-01,16,209.37
SKU-0234,Lampion ogrodowy Advanced,Oświetlenie,2026-01-01,13,198.4
SKU-0234,Lampion ogrodowy Advanced,Oświetlenie,2026-02-01,5,192.35
SKU-0234,Lampion ogrodowy Advanced,Oświetlenie,2026-03-01,4,210.43
SKU-0234,Lampion ogrodowy Advanced,Oświetlenie,2026-04-01,2,196.19
SKU-0234,Lampion ogrodowy Advanced,Oświetlenie,2026-05-01,7,196.51
SKU-0234,Lampion ogrodowy Advanced,Oświetlenie,2026-06-01,6,205.46
SKU-0234,Lampion ogrodowy Advanced,Oświetlenie,2026-07-01,13,209.86
SKU-0235,Olej silnikowy 5W40 Advanced,Motoryzacja,2024-08-01,15,240.12
SKU-0235,Olej silnikowy 5W40 Advanced,Motoryzacja,2024-09-01,28,256.84
SKU-0235,Olej silnikowy 5W40 Advanced,Motoryzacja,2024-10-01,0,260.47
SKU-0235,Olej silnikowy 5W40 Advanced,Motoryzacja,2024-11-01,0,259.98
SKU-0235,Olej silnikowy 5W40 Advanced,Motoryzacja,2024-12-01,18,237.43
SKU-0235,Olej silnikowy 5W40 Advanced,Motoryzacja,2025-01-01,32,243.92
SKU-0235,Olej silnikowy 5W40 Advanced,Motoryzacja,2025-02-01,58,246.49
SKU-0235,Olej silnikowy 5W40 Advanced,Motoryzacja,2025-03-01,0,258.11
SKU-0235,Olej silnikowy 5W40 Advanced,Motoryzacja,2025-04-01,30,249.42
SKU-0235,Olej silnikowy 5W40 Advanced,Motoryzacja,2025-05-01,0,240.88
SKU-0235,Olej silnikowy 5W40 Advanced,Motoryzacja,2025-06-01,30,239.37
SKU-0235,Olej silnikowy 5W40 Advanced,Motoryzacja,2025-07-01,27,258.62
SKU-0235,Olej silnikowy 5W40 Advanced,Motoryzacja,2025-08-01,0,260.32
SKU-0235,Olej silnikowy 5W40 Advanced,Motoryzacja,2025-09-01,0,259.02
SKU-0235,Olej silnikowy 5W40 Advanced,Motoryzacja,2025-10-01,21,257.79
SKU-0235,Olej silnikowy 5W40 Advanced,Motoryzacja,2025-11-01,42,249.58
SKU-0235,Olej silnikowy 5W40 Advanced,Motoryzacja,2025-12-01,76,254.24
SKU-0235,Olej silnikowy 5W40 Advanced,Motoryzacja,2026-01-01,73,246.25
SKU-0235,Olej silnikowy 5W40 Advanced,Motoryzacja,2026-02-01,0,244.38
SKU-0235,Olej silnikowy 5W40 Advanced,Motoryzacja,2026-03-01,0,245.41
SKU-0235,Olej silnikowy 5W40 Advanced,Motoryzacja,2026-04-01,39,241.74
SKU-0235,Olej silnikowy 5W40 Advanced,Motoryzacja,2026-05-01,79,240.24
SKU-0235,Olej silnikowy 5W40 Advanced,Motoryzacja,2026-06-01,49,242.7
SKU-0235,Olej silnikowy 5W40 Advanced,Motoryzacja,2026-07-01,11,258.94
SKU-0236,Radio kuchenne Mini,RTV,2024-08-01,1,907.5
SKU-0236,Radio kuchenne Mini,RTV,2024-09-01,3,891.38
SKU-0236,Radio kuchenne Mini,RTV,2024-10-01,5,908.94
SKU-0236,Radio kuchenne Mini,RTV,2024-11-01,9,903.28
SKU-0236,Radio kuchenne Mini,RTV,2024-12-01,15,869.25
SKU-0236,Radio kuchenne Mini,RTV,2025-01-01,16,857.85
SKU-0236,Radio kuchenne Mini,RTV,2025-02-01,15,933.16
SKU-0236,Radio kuchenne Mini,RTV,2025-03-01,15,940.81
SKU-0236,Radio kuchenne Mini,RTV,2025-04-01,8,927.96
SKU-0236,Radio kuchenne Mini,RTV,2025-05-01,5,925.9
SKU-0236,Radio kuchenne Mini,RTV,2025-06-01,2,934.94
SKU-0236,Radio kuchenne Mini,RTV,2025-07-01,1,930.11
SKU-0236,Radio kuchenne Mini,RTV,2025-08-01,1,856.95
SKU-0236,Radio kuchenne Mini,RTV,2025-09-01,4,895.6
SKU-0236,Radio kuchenne Mini,RTV,2025-10-01,7,869.61
SKU-0236,Radio kuchenne Mini,RTV,2025-11-01,12,930.69
SKU-0236,Radio kuchenne Mini,RTV,2025-12-01,15,918.43
SKU-0236,Radio kuchenne Mini,RTV,2026-01-01,15,862.24
SKU-0236,Radio kuchenne Mini,RTV,2026-02-01,14,866.99
SKU-0236,Radio kuchenne Mini,RTV,2026-03-01,12,874.31
SKU-0236,Radio kuchenne Mini,RTV,2026-04-01,9,897.4
SKU-0236,Radio kuchenne Mini,RTV,2026-05-01,6,941.1
SKU-0236,Radio kuchenne Mini,RTV,2026-06-01,3,912.98
SKU-0236,Radio kuchenne Mini,RTV,2026-07-01,2,872.42
SKU-0237,Toster Compact,AGD,2024-08-01,47,464.85
SKU-0237,Toster Compact,AGD,2024-09-01,51,501.1
SKU-0237,Toster Compact,AGD,2024-10-01,50,501.83
SKU-0237,Toster Compact,AGD,2024-11-01,48,505.44
SKU-0237,Toster Compact,AGD,2024-12-01,52,481.96
SKU-0237,Toster Compact,AGD,2025-01-01,52,493.91
SKU-0237,Toster Compact,AGD,2025-02-01,50,507.91
SKU-0237,Toster Compact,AGD,2025-03-01,53,487.15
SKU-0237,Toster Compact,AGD,2025-04-01,48,464.99
SKU-0237,Toster Compact,AGD,2025-05-01,46,481.08
SKU-0237,Toster Compact,AGD,2025-06-01,40,500.56
SKU-0237,Toster Compact,AGD,2025-07-01,50,482.88
SKU-0237,Toster Compact,AGD,2025-08-01,52,506.44
SKU-0237,Toster Compact,AGD,2025-09-01,50,512.36
SKU-0237,Toster Compact,AGD,2025-10-01,51,501.13
SKU-0237,Toster Compact,AGD,2025-11-01,55,479.38
SKU-0237,Toster Compact,AGD,2025-12-01,56,483.59
SKU-0237,Toster Compact,AGD,2026-01-01,49,466.66
SKU-0237,Toster Compact,AGD,2026-02-01,45,488.47
SKU-0237,Toster Compact,AGD,2026-03-01,48,489.81
SKU-0237,Toster Compact,AGD,2026-04-01,37,501.92
SKU-0237,Toster Compact,AGD,2026-05-01,46,489.09
SKU-0237,Toster Compact,AGD,2026-06-01,47,466.58
SKU-0237,Toster Compact,AGD,2026-07-01,47,512.72
SKU-0238,Marker permanentny Advanced,Artykuły biurowe,2024-08-01,11,23.16
SKU-0238,Marker permanentny Advanced,Artykuły biurowe,2024-09-01,7,23.62
SKU-0238,Marker permanentny Advanced,Artykuły biurowe,2024-10-01,4,22.77
SKU-0238,Marker permanentny Advanced,Artykuły biurowe,2024-11-01,2,23.37
SKU-0238,Marker permanentny Advanced,Artykuły biurowe,2024-12-01,1,22.69
SKU-0238,Marker permanentny Advanced,Artykuły biurowe,2025-01-01,1,23.39
SKU-0238,Marker permanentny Advanced,Artykuły biurowe,2025-02-01,3,22.13
SKU-0238,Marker permanentny Advanced,Artykuły biurowe,2025-03-01,6,23.9
SKU-0238,Marker permanentny Advanced,Artykuły biurowe,2025-04-01,8,23.0
SKU-0238,Marker permanentny Advanced,Artykuły biurowe,2025-05-01,10,22.91
SKU-0238,Marker permanentny Advanced,Artykuły biurowe,2025-06-01,13,23.89
SKU-0238,Marker permanentny Advanced,Artykuły biurowe,2025-07-01,12,23.24
SKU-0238,Marker permanentny Advanced,Artykuły biurowe,2025-08-01,9,23.3
SKU-0238,Marker permanentny Advanced,Artykuły biurowe,2025-09-01,10,23.3
SKU-0238,Marker permanentny Advanced,Artykuły biurowe,2025-10-01,5,24.29
SKU-0238,Marker permanentny Advanced,Artykuły biurowe,2025-11-01,2,23.39
SKU-0238,Marker permanentny Advanced,Artykuły biurowe,2025-12-01,1,23.06
SKU-0238,Marker permanentny Advanced,Artykuły biurowe,2026-01-01,2,22.37
SKU-0238,Marker permanentny Advanced,Artykuły biurowe,2026-02-01,4,23.34
SKU-0238,Marker permanentny Advanced,Artykuły biurowe,2026-03-01,5,24.24
SKU-0238,Marker permanentny Advanced,Artykuły biurowe,2026-04-01,8,23.09
SKU-0238,Marker permanentny Advanced,Artykuły biurowe,2026-05-01,15,24.15
SKU-0238,Marker permanentny Advanced,Artykuły biurowe,2026-06-01,12,22.62
SKU-0238,Marker permanentny Advanced,Artykuły biurowe,2026-07-01,11,22.16
SKU-0239,Krzesło biurowe Eco,Meble,2024-08-01,2,349.34
SKU-0239,Krzesło biurowe Eco,Meble,2024-09-01,2,361.43
SKU-0239,Krzesło biurowe Eco,Meble,2024-10-01,2,339.88
SKU-0239,Krzesło biurowe Eco,Meble,2024-11-01,2,351.62
SKU-0239,Krzesło biurowe Eco,Meble,2024-12-01,2,339.42
SKU-0239,Krzesło biurowe Eco,Meble,2025-01-01,2,363.34
SKU-0239,Krzesło biurowe Eco,Meble,2025-02-01,2,345.65
SKU-0239,Krzesło biurowe Eco,Meble,2025-03-01,2,357.41
SKU-0239,Krzesło biurowe Eco,Meble,2025-04-01,2,358.31
SKU-0239,Krzesło biurowe Eco,Meble,2025-05-01,2,351.86
SKU-0239,Krzesło biurowe Eco,Meble,2025-06-01,2,329.76
SKU-0239,Krzesło biurowe Eco,Meble,2025-07-01,2,339.24
SKU-0239,Krzesło biurowe Eco,Meble,2025-08-01,2,353.82
SKU-0239,Krzesło biurowe Eco,Meble,2025-09-01,2,332.63
SKU-0239,Krzesło biurowe Eco,Meble,2025-10-01,2,360.81
SKU-0239,Krzesło biurowe Eco,Meble,2025-11-01,2,363.02
SKU-0239,Krzesło biurowe Eco,Meble,2025-12-01,2,335.06
SKU-0239,Krzesło biurowe Eco,Meble,2026-01-01,2,352.73
SKU-0239,Krzesło biurowe Eco,Meble,2026-02-01,2,331.57
SKU-0239,Krzesło biurowe Eco,Meble,2026-03-01,2,356.1
SKU-0239,Krzesło biurowe Eco,Meble,2026-04-01,3,350.45
SKU-0239,Krzesło biurowe Eco,Meble,2026-05-01,2,343.85
SKU-0239,Krzesło biurowe Eco,Meble,2026-06-01,2,334.99
SKU-0239,Krzesło biurowe Eco,Meble,2026-07-01,2,330.79
SKU-0240,Buty sportowe Mini,Obuwie,2024-08-01,5,175.26
SKU-0240,Buty sportowe Mini,Obuwie,2024-09-01,2,176.1
SKU-0240,Buty sportowe Mini,Obuwie,2024-10-01,0,182.68
SKU-0240,Buty sportowe Mini,Obuwie,2024-11-01,0,186.49
SKU-0240,Buty sportowe Mini,Obuwie,2024-12-01,1,189.13
SKU-0240,Buty sportowe Mini,Obuwie,2025-01-01,2,179.15
SKU-0240,Buty sportowe Mini,Obuwie,2025-02-01,4,191.53
SKU-0240,Buty sportowe Mini,Obuwie,2025-03-01,9,182.61
SKU-0240,Buty sportowe Mini,Obuwie,2025-04-01,9,175.88
SKU-0240,Buty sportowe Mini,Obuwie,2025-05-01,8,179.86
SKU-0240,Buty sportowe Mini,Obuwie,2025-06-01,5,190.77
SKU-0240,Buty sportowe Mini,Obuwie,2025-07-01,6,187.13
SKU-0240,Buty sportowe Mini,Obuwie,2025-08-01,3,176.14
SKU-0240,Buty sportowe Mini,Obuwie,2025-09-01,2,190.06
SKU-0240,Buty sportowe Mini,Obuwie,2025-10-01,1,174.5
SKU-0240,Buty sportowe Mini,Obuwie,2025-11-01,0,184.61
SKU-0240,Buty sportowe Mini,Obuwie,2025-12-01,1,190.23
SKU-0240,Buty sportowe Mini,Obuwie,2026-01-01,3,191.17
SKU-0240,Buty sportowe Mini,Obuwie,2026-02-01,4,187.02
SKU-0240,Buty sportowe Mini,Obuwie,2026-03-01,7,192.6
SKU-0240,Buty sportowe Mini,Obuwie,2026-04-01,8,186.08
SKU-0240,Buty sportowe Mini,Obuwie,2026-05-01,7,192.25
SKU-0240,Buty sportowe Mini,Obuwie,2026-06-01,10,187.05
SKU-0240,Buty sportowe Mini,Obuwie,2026-07-01,6,185.66
SKU-0241,Maseczka do twarzy Eco,Kosmetyki,2024-08-01,2,10.59
SKU-0241,Maseczka do twarzy Eco,Kosmetyki,2024-09-01,1,10.47
SKU-0241,Maseczka do twarzy Eco,Kosmetyki,2024-10-01,0,10.98
SKU-0241,Maseczka do twarzy Eco,Kosmetyki,2024-11-01,0,11.33
SKU-0241,Maseczka do twarzy Eco,Kosmetyki,2024-12-01,1,11.09
SKU-0241,Maseczka do twarzy Eco,Kosmetyki,2025-01-01,2,10.74
SKU-0241,Maseczka do twarzy Eco,Kosmetyki,2025-02-01,2,10.82
SKU-0241,Maseczka do twarzy Eco,Kosmetyki,2025-03-01,3,11.13
SKU-0241,Maseczka do twarzy Eco,Kosmetyki,2025-04-01,3,10.33
SKU-0241,Maseczka do twarzy Eco,Kosmetyki,2025-05-01,5,11.19
SKU-0241,Maseczka do twarzy Eco,Kosmetyki,2025-06-01,3,11.31
SKU-0241,Maseczka do twarzy Eco,Kosmetyki,2025-07-01,4,11.2
SKU-0241,Maseczka do twarzy Eco,Kosmetyki,2025-08-01,2,10.94
SKU-0241,Maseczka do twarzy Eco,Kosmetyki,2025-09-01,1,10.8
SKU-0241,Maseczka do twarzy Eco,Kosmetyki,2025-10-01,0,11.2
SKU-0241,Maseczka do twarzy Eco,Kosmetyki,2025-11-01,1,10.43
SKU-0241,Maseczka do twarzy Eco,Kosmetyki,2025-12-01,1,11.38
SKU-0241,Maseczka do twarzy Eco,Kosmetyki,2026-01-01,2,10.97
SKU-0241,Maseczka do twarzy Eco,Kosmetyki,2026-02-01,3,10.5
SKU-0241,Maseczka do twarzy Eco,Kosmetyki,2026-03-01,4,10.96
SKU-0241,Maseczka do twarzy Eco,Kosmetyki,2026-04-01,5,10.79
SKU-0241,Maseczka do twarzy Eco,Kosmetyki,2026-05-01,5,10.48
SKU-0241,Maseczka do twarzy Eco,Kosmetyki,2026-06-01,4,10.41
SKU-0241,Maseczka do twarzy Eco,Kosmetyki,2026-07-01,3,10.58
SKU-0242,Sekator ogrodowy Eco,Ogród,2024-08-01,2,449.05
SKU-0242,Sekator ogrodowy Eco,Ogród,2024-09-01,0,481.9
SKU-0242,Sekator ogrodowy Eco,Ogród,2024-10-01,3,456.84
SKU-0242,Sekator ogrodowy Eco,Ogród,2024-11-01,0,471.07
SKU-0242,Sekator ogrodowy Eco,Ogród,2024-12-01,0,478.86
SKU-0242,Sekator ogrodowy Eco,Ogród,2025-01-01,2,446.79
SKU-0242,Sekator ogrodowy Eco,Ogród,2025-02-01,0,439.5
SKU-0242,Sekator ogrodowy Eco,Ogród,2025-03-01,1,454.43
SKU-0242,Sekator ogrodowy Eco,Ogród,2025-04-01,0,454.96
SKU-0242,Sekator ogrodowy Eco,Ogród,2025-05-01,0,467.87
SKU-0242,Sekator ogrodowy Eco,Ogród,2025-06-01,0,468.2
SKU-0242,Sekator ogrodowy Eco,Ogród,2025-07-01,1,481.44
SKU-0242,Sekator ogrodowy Eco,Ogród,2025-08-01,3,475.84
SKU-0242,Sekator ogrodowy Eco,Ogród,2025-09-01,0,451.79
SKU-0242,Sekator ogrodowy Eco,Ogród,2025-10-01,2,467.59
SKU-0242,Sekator ogrodowy Eco,Ogród,2025-11-01,2,453.82
SKU-0242,Sekator ogrodowy Eco,Ogród,2025-12-01,0,456.69
SKU-0242,Sekator ogrodowy Eco,Ogród,2026-01-01,0,463.49
SKU-0242,Sekator ogrodowy Eco,Ogród,2026-02-01,0,482.36
SKU-0242,Sekator ogrodowy Eco,Ogród,2026-03-01,1,476.45
SKU-0242,Sekator ogrodowy Eco,Ogród,2026-04-01,1,476.91
SKU-0242,Sekator ogrodowy Eco,Ogród,2026-05-01,1,440.04
SKU-0242,Sekator ogrodowy Eco,Ogród,2026-06-01,0,483.84
SKU-0242,Sekator ogrodowy Eco,Ogród,2026-07-01,1,457.74
SKU-0243,Herbata czarna 100g Compact,Spożywcze,2024-08-01,0,11.97
SKU-0243,Herbata czarna 100g Compact,Spożywcze,2024-09-01,0,11.8
SKU-0243,Herbata czarna 100g Compact,Spożywcze,2024-10-01,10,11.95
SKU-0243,Herbata czarna 100g Compact,Spożywcze,2024-11-01,0,12.6
SKU-0243,Herbata czarna 100g Compact,Spożywcze,2024-12-01,0,12.32
SKU-0243,Herbata czarna 100g Compact,Spożywcze,2025-01-01,8,12.15
SKU-0243,Herbata czarna 100g Compact,Spożywcze,2025-02-01,14,11.79
SKU-0243,Herbata czarna 100g Compact,Spożywcze,2025-03-01,10,12.07
SKU-0243,Herbata czarna 100g Compact,Spożywcze,2025-04-01,8,12.44
SKU-0243,Herbata czarna 100g Compact,Spożywcze,2025-05-01,13,11.74
SKU-0243,Herbata czarna 100g Compact,Spożywcze,2025-06-01,0,12.73
SKU-0243,Herbata czarna 100g Compact,Spożywcze,2025-07-01,0,12.09
SKU-0243,Herbata czarna 100g Compact,Spożywcze,2025-08-01,7,12.19
SKU-0243,Herbata czarna 100g Compact,Spożywcze,2025-09-01,0,11.66
SKU-0243,Herbata czarna 100g Compact,Spożywcze,2025-10-01,10,11.65
SKU-0243,Herbata czarna 100g Compact,Spożywcze,2025-11-01,13,11.8
SKU-0243,Herbata czarna 100g Compact,Spożywcze,2025-12-01,7,12.49
SKU-0243,Herbata czarna 100g Compact,Spożywcze,2026-01-01,11,12.04
SKU-0243,Herbata czarna 100g Compact,Spożywcze,2026-02-01,0,12.43
SKU-0243,Herbata czarna 100g Compact,Spożywcze,2026-03-01,0,11.82
SKU-0243,Herbata czarna 100g Compact,Spożywcze,2026-04-01,0,12.39
SKU-0243,Herbata czarna 100g Compact,Spożywcze,2026-05-01,0,12.06
SKU-0243,Herbata czarna 100g Compact,Spożywcze,2026-06-01,0,11.69
SKU-0243,Herbata czarna 100g Compact,Spożywcze,2026-07-01,0,12.61
SKU-0244,Lalka interaktywna Pro,Zabawki,2024-08-01,22,37.97
SKU-0244,Lalka interaktywna Pro,Zabawki,2024-09-01,23,38.92
SKU-0244,Lalka interaktywna Pro,Zabawki,2024-10-01,11,39.77
SKU-0244,Lalka interaktywna Pro,Zabawki,2024-11-01,12,40.55
SKU-0244,Lalka interaktywna Pro,Zabawki,2024-12-01,10,39.34
SKU-0244,Lalka interaktywna Pro,Zabawki,2025-01-01,5,39.87
SKU-0244,Lalka interaktywna Pro,Zabawki,2025-02-01,5,37.34
SKU-0244,Lalka interaktywna Pro,Zabawki,2025-03-01,10,38.29
SKU-0244,Lalka interaktywna Pro,Zabawki,2025-04-01,13,40.43
SKU-0244,Lalka interaktywna Pro,Zabawki,2025-05-01,14,37.57
SKU-0244,Lalka interaktywna Pro,Zabawki,2025-06-01,19,39.64
SKU-0244,Lalka interaktywna Pro,Zabawki,2025-07-01,28,37.22
SKU-0244,Lalka interaktywna Pro,Zabawki,2025-08-01,30,37.0
SKU-0244,Lalka interaktywna Pro,Zabawki,2025-09-01,23,37.06
SKU-0244,Lalka interaktywna Pro,Zabawki,2025-10-01,23,37.07
SKU-0244,Lalka interaktywna Pro,Zabawki,2025-11-01,15,38.38
SKU-0244,Lalka interaktywna Pro,Zabawki,2025-12-01,9,39.17
SKU-0244,Lalka interaktywna Pro,Zabawki,2026-01-01,5,36.95
SKU-0244,Lalka interaktywna Pro,Zabawki,2026-02-01,6,40.05
SKU-0244,Lalka interaktywna Pro,Zabawki,2026-03-01,11,37.37
SKU-0244,Lalka interaktywna Pro,Zabawki,2026-04-01,12,40.51
SKU-0244,Lalka interaktywna Pro,Zabawki,2026-05-01,19,39.11
SKU-0244,Lalka interaktywna Pro,Zabawki,2026-06-01,17,38.5
SKU-0244,Lalka interaktywna Pro,Zabawki,2026-07-01,32,38.76
SKU-0245,Płyn do spryskiwaczy Pro,Motoryzacja,2024-08-01,2,207.23
SKU-0245,Płyn do spryskiwaczy Pro,Motoryzacja,2024-09-01,2,200.44
SKU-0245,Płyn do spryskiwaczy Pro,Motoryzacja,2024-10-01,1,195.82
SKU-0245,Płyn do spryskiwaczy Pro,Motoryzacja,2024-11-01,1,207.0
SKU-0245,Płyn do spryskiwaczy Pro,Motoryzacja,2024-12-01,1,208.67
SKU-0245,Płyn do spryskiwaczy Pro,Motoryzacja,2025-01-01,0,207.42
SKU-0245,Płyn do spryskiwaczy Pro,Motoryzacja,2025-02-01,0,193.31
SKU-0245,Płyn do spryskiwaczy Pro,Motoryzacja,2025-03-01,0,205.73
SKU-0245,Płyn do spryskiwaczy Pro,Motoryzacja,2025-04-01,1,203.01
SKU-0245,Płyn do spryskiwaczy Pro,Motoryzacja,2025-05-01,1,197.36
SKU-0245,Płyn do spryskiwaczy Pro,Motoryzacja,2025-06-01,1,196.75
SKU-0245,Płyn do spryskiwaczy Pro,Motoryzacja,2025-07-01,2,212.46
SKU-0245,Płyn do spryskiwaczy Pro,Motoryzacja,2025-08-01,2,204.05
SKU-0245,Płyn do spryskiwaczy Pro,Motoryzacja,2025-09-01,1,202.78
SKU-0245,Płyn do spryskiwaczy Pro,Motoryzacja,2025-10-01,1,208.21
SKU-0245,Płyn do spryskiwaczy Pro,Motoryzacja,2025-11-01,1,211.88
SKU-0245,Płyn do spryskiwaczy Pro,Motoryzacja,2025-12-01,0,205.9
SKU-0245,Płyn do spryskiwaczy Pro,Motoryzacja,2026-01-01,0,193.06
SKU-0245,Płyn do spryskiwaczy Pro,Motoryzacja,2026-02-01,0,208.09
SKU-0245,Płyn do spryskiwaczy Pro,Motoryzacja,2026-03-01,0,211.19
SKU-0245,Płyn do spryskiwaczy Pro,Motoryzacja,2026-04-01,1,195.26
SKU-0245,Płyn do spryskiwaczy Pro,Motoryzacja,2026-05-01,1,199.35
SKU-0245,Płyn do spryskiwaczy Pro,Motoryzacja,2026-06-01,2,207.91
SKU-0245,Płyn do spryskiwaczy Pro,Motoryzacja,2026-07-01,2,202.04
SKU-0246,Toster,AGD,2024-08-01,15,117.55
SKU-0246,Toster,AGD,2024-09-01,17,121.95
SKU-0246,Toster,AGD,2024-10-01,18,120.74
SKU-0246,Toster,AGD,2024-11-01,16,114.08
SKU-0246,Toster,AGD,2024-12-01,13,122.52
SKU-0246,Toster,AGD,2025-01-01,13,113.42
SKU-0246,Toster,AGD,2025-02-01,13,111.32
SKU-0246,Toster,AGD,2025-03-01,15,117.1
SKU-0246,Toster,AGD,2025-04-01,13,116.01
SKU-0246,Toster,AGD,2025-05-01,15,111.3
SKU-0246,Toster,AGD,2025-06-01,16,111.74
SKU-0246,Toster,AGD,2025-07-01,17,113.94
SKU-0246,Toster,AGD,2025-08-01,16,117.67
SKU-0246,Toster,AGD,2025-09-01,17,117.35
SKU-0246,Toster,AGD,2025-10-01,18,112.92
SKU-0246,Toster,AGD,2025-11-01,18,118.73
SKU-0246,Toster,AGD,2025-12-01,17,122.19
SKU-0246,Toster,AGD,2026-01-01,19,112.26
SKU-0246,Toster,AGD,2026-02-01,17,114.78
SKU-0246,Toster,AGD,2026-03-01,17,117.23
SKU-0246,Toster,AGD,2026-04-01,16,116.49
SKU-0246,Toster,AGD,2026-05-01,16,119.83
SKU-0246,Toster,AGD,2026-06-01,17,119.34
SKU-0246,Toster,AGD,2026-07-01,19,119.97
SKU-0247,Lampion ogrodowy Compact,Oświetlenie,2024-08-01,11,223.21
SKU-0247,Lampion ogrodowy Compact,Oświetlenie,2024-09-01,9,217.54
SKU-0247,Lampion ogrodowy Compact,Oświetlenie,2024-10-01,10,225.76
SKU-0247,Lampion ogrodowy Compact,Oświetlenie,2024-11-01,10,222.55
SKU-0247,Lampion ogrodowy Compact,Oświetlenie,2024-12-01,10,205.31
SKU-0247,Lampion ogrodowy Compact,Oświetlenie,2025-01-01,12,225.66
SKU-0247,Lampion ogrodowy Compact,Oświetlenie,2025-02-01,13,221.26
SKU-0247,Lampion ogrodowy Compact,Oświetlenie,2025-03-01,12,217.84
SKU-0247,Lampion ogrodowy Compact,Oświetlenie,2025-04-01,13,214.13
SKU-0247,Lampion ogrodowy Compact,Oświetlenie,2025-05-01,15,208.88
SKU-0247,Lampion ogrodowy Compact,Oświetlenie,2025-06-01,13,205.63
SKU-0247,Lampion ogrodowy Compact,Oświetlenie,2025-07-01,16,218.85
SKU-0247,Lampion ogrodowy Compact,Oświetlenie,2025-08-01,13,224.34
SKU-0247,Lampion ogrodowy Compact,Oświetlenie,2025-09-01,13,211.1
SKU-0247,Lampion ogrodowy Compact,Oświetlenie,2025-10-01,12,220.16
SKU-0247,Lampion ogrodowy Compact,Oświetlenie,2025-11-01,12,225.88
SKU-0247,Lampion ogrodowy Compact,Oświetlenie,2025-12-01,12,207.2
SKU-0247,Lampion ogrodowy Compact,Oświetlenie,2026-01-01,13,223.87
SKU-0247,Lampion ogrodowy Compact,Oświetlenie,2026-02-01,15,221.7
SKU-0247,Lampion ogrodowy Compact,Oświetlenie,2026-03-01,13,211.41
SKU-0247,Lampion ogrodowy Compact,Oświetlenie,2026-04-01,13,222.84
SKU-0247,Lampion ogrodowy Compact,Oświetlenie,2026-05-01,15,223.8
SKU-0247,Lampion ogrodowy Compact,Oświetlenie,2026-06-01,18,221.49
SKU-0247,Lampion ogrodowy Compact,Oświetlenie,2026-07-01,15,207.16
SKU-0248,Żel pod prysznic Advanced,Kosmetyki,2024-08-01,2,66.66
SKU-0248,Żel pod prysznic Advanced,Kosmetyki,2024-09-01,2,71.13
SKU-0248,Żel pod prysznic Advanced,Kosmetyki,2024-10-01,3,70.24
SKU-0248,Żel pod prysznic Advanced,Kosmetyki,2024-11-01,3,70.4
SKU-0248,Żel pod prysznic Advanced,Kosmetyki,2024-12-01,3,71.03
SKU-0248,Żel pod prysznic Advanced,Kosmetyki,2025-01-01,3,66.22
SKU-0248,Żel pod prysznic Advanced,Kosmetyki,2025-02-01,3,72.08
SKU-0248,Żel pod prysznic Advanced,Kosmetyki,2025-03-01,3,72.36
SKU-0248,Żel pod prysznic Advanced,Kosmetyki,2025-04-01,3,68.87
SKU-0248,Żel pod prysznic Advanced,Kosmetyki,2025-05-01,3,69.15
SKU-0248,Żel pod prysznic Advanced,Kosmetyki,2025-06-01,3,71.34
SKU-0248,Żel pod prysznic Advanced,Kosmetyki,2025-07-01,3,70.54
SKU-0248,Żel pod prysznic Advanced,Kosmetyki,2025-08-01,2,69.96
SKU-0248,Żel pod prysznic Advanced,Kosmetyki,2025-09-01,2,71.11
SKU-0248,Żel pod prysznic Advanced,Kosmetyki,2025-10-01,4,66.34
SKU-0248,Żel pod prysznic Advanced,Kosmetyki,2025-11-01,3,69.2
SKU-0248,Żel pod prysznic Advanced,Kosmetyki,2025-12-01,4,68.39
SKU-0248,Żel pod prysznic Advanced,Kosmetyki,2026-01-01,3,71.01
SKU-0248,Żel pod prysznic Advanced,Kosmetyki,2026-02-01,4,71.5
SKU-0248,Żel pod prysznic Advanced,Kosmetyki,2026-03-01,2,71.56
SKU-0248,Żel pod prysznic Advanced,Kosmetyki,2026-04-01,3,69.0
SKU-0248,Żel pod prysznic Advanced,Kosmetyki,2026-05-01,3,72.97
SKU-0248,Żel pod prysznic Advanced,Kosmetyki,2026-06-01,3,67.68
SKU-0248,Żel pod prysznic Advanced,Kosmetyki,2026-07-01,3,66.42
SKU-0249,Lampion ogrodowy Eco,Oświetlenie,2024-08-01,7,259.86
SKU-0249,Lampion ogrodowy Eco,Oświetlenie,2024-09-01,7,254.48
SKU-0249,Lampion ogrodowy Eco,Oświetlenie,2024-10-01,6,259.9
SKU-0249,Lampion ogrodowy Eco,Oświetlenie,2024-11-01,6,240.25
SKU-0249,Lampion ogrodowy Eco,Oświetlenie,2024-12-01,7,235.19
SKU-0249,Lampion ogrodowy Eco,Oświetlenie,2025-01-01,6,241.01
SKU-0249,Lampion ogrodowy Eco,Oświetlenie,2025-02-01,6,258.47
SKU-0249,Lampion ogrodowy Eco,Oświetlenie,2025-03-01,7,237.53
SKU-0249,Lampion ogrodowy Eco,Oświetlenie,2025-04-01,7,243.28
SKU-0249,Lampion ogrodowy Eco,Oświetlenie,2025-05-01,7,236.69
SKU-0249,Lampion ogrodowy Eco,Oświetlenie,2025-06-01,8,258.37
SKU-0249,Lampion ogrodowy Eco,Oświetlenie,2025-07-01,8,245.07
SKU-0249,Lampion ogrodowy Eco,Oświetlenie,2025-08-01,7,238.12
SKU-0249,Lampion ogrodowy Eco,Oświetlenie,2025-09-01,8,248.85
SKU-0249,Lampion ogrodowy Eco,Oświetlenie,2025-10-01,7,246.87
SKU-0249,Lampion ogrodowy Eco,Oświetlenie,2025-11-01,8,256.34
SKU-0249,Lampion ogrodowy Eco,Oświetlenie,2025-12-01,7,242.9
SKU-0249,Lampion ogrodowy Eco,Oświetlenie,2026-01-01,7,246.49
SKU-0249,Lampion ogrodowy Eco,Oświetlenie,2026-02-01,8,252.09
SKU-0249,Lampion ogrodowy Eco,Oświetlenie,2026-03-01,8,240.52
SKU-0249,Lampion ogrodowy Eco,Oświetlenie,2026-04-01,9,243.77
SKU-0249,Lampion ogrodowy Eco,Oświetlenie,2026-05-01,9,254.51
SKU-0249,Lampion ogrodowy Eco,Oświetlenie,2026-06-01,9,247.31
SKU-0249,Lampion ogrodowy Eco,Oświetlenie,2026-07-01,8,242.1
SKU-0250,Osłona przeciwsłoneczna Plus,Motoryzacja,2024-08-01,7,218.22
SKU-0250,Osłona przeciwsłoneczna Plus,Motoryzacja,2024-09-01,9,220.47
SKU-0250,Osłona przeciwsłoneczna Plus,Motoryzacja,2024-10-01,14,219.16
SKU-0250,Osłona przeciwsłoneczna Plus,Motoryzacja,2024-11-01,16,225.4
SKU-0250,Osłona przeciwsłoneczna Plus,Motoryzacja,2024-12-01,23,234.95
SKU-0250,Osłona przeciwsłoneczna Plus,Motoryzacja,2025-01-01,25,235.73
SKU-0250,Osłona przeciwsłoneczna Plus,Motoryzacja,2025-02-01,28,230.87
SKU-0250,Osłona przeciwsłoneczna Plus,Motoryzacja,2025-03-01,21,237.24
SKU-0250,Osłona przeciwsłoneczna Plus,Motoryzacja,2025-04-01,16,222.99
SKU-0250,Osłona przeciwsłoneczna Plus,Motoryzacja,2025-05-01,17,220.33
SKU-0250,Osłona przeciwsłoneczna Plus,Motoryzacja,2025-06-01,9,235.34
SKU-0250,Osłona przeciwsłoneczna Plus,Motoryzacja,2025-07-01,4,216.52
SKU-0250,Osłona przeciwsłoneczna Plus,Motoryzacja,2025-08-01,5,223.49
SKU-0250,Osłona przeciwsłoneczna Plus,Motoryzacja,2025-09-01,7,227.78
SKU-0250,Osłona przeciwsłoneczna Plus,Motoryzacja,2025-10-01,7,233.39
SKU-0250,Osłona przeciwsłoneczna Plus,Motoryzacja,2025-11-01,18,216.64
SKU-0250,Osłona przeciwsłoneczna Plus,Motoryzacja,2025-12-01,18,218.23
SKU-0250,Osłona przeciwsłoneczna Plus,Motoryzacja,2026-01-01,21,219.7
SKU-0250,Osłona przeciwsłoneczna Plus,Motoryzacja,2026-02-01,18,234.35
SKU-0250,Osłona przeciwsłoneczna Plus,Motoryzacja,2026-03-01,22,216.95
SKU-0250,Osłona przeciwsłoneczna Plus,Motoryzacja,2026-04-01,21,224.19
SKU-0250,Osłona przeciwsłoneczna Plus,Motoryzacja,2026-05-01,17,220.25
SKU-0250,Osłona przeciwsłoneczna Plus,Motoryzacja,2026-06-01,6,235.42
SKU-0250,Osłona przeciwsłoneczna Plus,Motoryzacja,2026-07-01,5,232.74
SKU-0251,Żarówka LED E27 Mini,Oświetlenie,2024-08-01,101,257.06
SKU-0251,Żarówka LED E27 Mini,Oświetlenie,2024-09-01,96,249.49
SKU-0251,Żarówka LED E27 Mini,Oświetlenie,2024-10-01,75,246.08
SKU-0251,Żarówka LED E27 Mini,Oświetlenie,2024-11-01,101,245.06
SKU-0251,Żarówka LED E27 Mini,Oświetlenie,2024-12-01,68,253.73
SKU-0251,Żarówka LED E27 Mini,Oświetlenie,2025-01-01,93,238.68
SKU-0251,Żarówka LED E27 Mini,Oświetlenie,2025-02-01,93,242.64
SKU-0251,Żarówka LED E27 Mini,Oświetlenie,2025-03-01,100,259.86
SKU-0251,Żarówka LED E27 Mini,Oświetlenie,2025-04-01,113,254.22
SKU-0251,Żarówka LED E27 Mini,Oświetlenie,2025-05-01,114,244.21
SKU-0251,Żarówka LED E27 Mini,Oświetlenie,2025-06-01,111,243.22
SKU-0251,Żarówka LED E27 Mini,Oświetlenie,2025-07-01,111,256.14
SKU-0251,Żarówka LED E27 Mini,Oświetlenie,2025-08-01,125,249.58
SKU-0251,Żarówka LED E27 Mini,Oświetlenie,2025-09-01,105,243.36
SKU-0251,Żarówka LED E27 Mini,Oświetlenie,2025-10-01,107,240.2
SKU-0251,Żarówka LED E27 Mini,Oświetlenie,2025-11-01,92,247.89
SKU-0251,Żarówka LED E27 Mini,Oświetlenie,2025-12-01,114,239.7
SKU-0251,Żarówka LED E27 Mini,Oświetlenie,2026-01-01,97,258.67
SKU-0251,Żarówka LED E27 Mini,Oświetlenie,2026-02-01,110,254.74
SKU-0251,Żarówka LED E27 Mini,Oświetlenie,2026-03-01,104,259.54
SKU-0251,Żarówka LED E27 Mini,Oświetlenie,2026-04-01,128,254.51
SKU-0251,Żarówka LED E27 Mini,Oświetlenie,2026-05-01,125,246.01
SKU-0251,Żarówka LED E27 Mini,Oświetlenie,2026-06-01,138,254.42
SKU-0251,Żarówka LED E27 Mini,Oświetlenie,2026-07-01,110,240.87
SKU-0252,Namiot turystyczny Plus,Sport i rekreacja,2024-08-01,2,104.36
SKU-0252,Namiot turystyczny Plus,Sport i rekreacja,2024-09-01,5,103.86
SKU-0252,Namiot turystyczny Plus,Sport i rekreacja,2024-10-01,3,97.58
SKU-0252,Namiot turystyczny Plus,Sport i rekreacja,2024-11-01,4,101.24
SKU-0252,Namiot turystyczny Plus,Sport i rekreacja,2024-12-01,4,103.42
SKU-0252,Namiot turystyczny Plus,Sport i rekreacja,2025-01-01,0,97.98
SKU-0252,Namiot turystyczny Plus,Sport i rekreacja,2025-02-01,2,97.32
SKU-0252,Namiot turystyczny Plus,Sport i rekreacja,2025-03-01,1,98.67
SKU-0252,Namiot turystyczny Plus,Sport i rekreacja,2025-04-01,2,101.41
SKU-0252,Namiot turystyczny Plus,Sport i rekreacja,2025-05-01,1,96.9
SKU-0252,Namiot turystyczny Plus,Sport i rekreacja,2025-06-01,8,102.62
SKU-0252,Namiot turystyczny Plus,Sport i rekreacja,2025-07-01,1,102.17
SKU-0252,Namiot turystyczny Plus,Sport i rekreacja,2025-08-01,5,105.62
SKU-0252,Namiot turystyczny Plus,Sport i rekreacja,2025-09-01,2,102.53
SKU-0252,Namiot turystyczny Plus,Sport i rekreacja,2025-10-01,6,103.46
SKU-0252,Namiot turystyczny Plus,Sport i rekreacja,2025-11-01,3,96.41
SKU-0252,Namiot turystyczny Plus,Sport i rekreacja,2025-12-01,4,96.87
SKU-0252,Namiot turystyczny Plus,Sport i rekreacja,2026-01-01,3,98.59
SKU-0252,Namiot turystyczny Plus,Sport i rekreacja,2026-02-01,1,98.59
SKU-0252,Namiot turystyczny Plus,Sport i rekreacja,2026-03-01,0,101.99
SKU-0252,Namiot turystyczny Plus,Sport i rekreacja,2026-04-01,2,105.37
SKU-0252,Namiot turystyczny Plus,Sport i rekreacja,2026-05-01,0,103.76
SKU-0252,Namiot turystyczny Plus,Sport i rekreacja,2026-06-01,4,96.36
SKU-0252,Namiot turystyczny Plus,Sport i rekreacja,2026-07-01,3,99.01
SKU-0253,Klocki konstrukcyjne Plus,Zabawki,2024-08-01,56,20.77
SKU-0253,Klocki konstrukcyjne Plus,Zabawki,2024-09-01,63,21.46
SKU-0253,Klocki konstrukcyjne Plus,Zabawki,2024-10-01,47,21.38
SKU-0253,Klocki konstrukcyjne Plus,Zabawki,2024-11-01,21,20.15
SKU-0253,Klocki konstrukcyjne Plus,Zabawki,2024-12-01,16,20.55
SKU-0253,Klocki konstrukcyjne Plus,Zabawki,2025-01-01,12,20.55
SKU-0253,Klocki konstrukcyjne Plus,Zabawki,2025-02-01,25,21.46
SKU-0253,Klocki konstrukcyjne Plus,Zabawki,2025-03-01,44,21.34
SKU-0253,Klocki konstrukcyjne Plus,Zabawki,2025-04-01,61,20.37
SKU-0253,Klocki konstrukcyjne Plus,Zabawki,2025-05-01,65,20.74
SKU-0253,Klocki konstrukcyjne Plus,Zabawki,2025-06-01,92,21.3
SKU-0253,Klocki konstrukcyjne Plus,Zabawki,2025-07-01,55,19.97
SKU-0253,Klocki konstrukcyjne Plus,Zabawki,2025-08-01,80,20.63
SKU-0253,Klocki konstrukcyjne Plus,Zabawki,2025-09-01,49,20.25
SKU-0253,Klocki konstrukcyjne Plus,Zabawki,2025-10-01,37,20.12
SKU-0253,Klocki konstrukcyjne Plus,Zabawki,2025-11-01,16,20.16
SKU-0253,Klocki konstrukcyjne Plus,Zabawki,2025-12-01,20,21.15
SKU-0253,Klocki konstrukcyjne Plus,Zabawki,2026-01-01,21,19.75
SKU-0253,Klocki konstrukcyjne Plus,Zabawki,2026-02-01,34,20.36
SKU-0253,Klocki konstrukcyjne Plus,Zabawki,2026-03-01,57,21.27
SKU-0253,Klocki konstrukcyjne Plus,Zabawki,2026-04-01,64,21.54
SKU-0253,Klocki konstrukcyjne Plus,Zabawki,2026-05-01,67,20.1
SKU-0253,Klocki konstrukcyjne Plus,Zabawki,2026-06-01,100,21.22
SKU-0253,Klocki konstrukcyjne Plus,Zabawki,2026-07-01,95,19.73
SKU-0254,Dezodorant w kulce Premium,Kosmetyki,2024-08-01,0,60.83
SKU-0254,Dezodorant w kulce Premium,Kosmetyki,2024-09-01,56,65.68
SKU-0254,Dezodorant w kulce Premium,Kosmetyki,2024-10-01,0,61.16
SKU-0254,Dezodorant w kulce Premium,Kosmetyki,2024-11-01,31,60.99
SKU-0254,Dezodorant w kulce Premium,Kosmetyki,2024-12-01,34,61.63
SKU-0254,Dezodorant w kulce Premium,Kosmetyki,2025-01-01,0,63.74
SKU-0254,Dezodorant w kulce Premium,Kosmetyki,2025-02-01,0,66.36
SKU-0254,Dezodorant w kulce Premium,Kosmetyki,2025-03-01,101,66.43
SKU-0254,Dezodorant w kulce Premium,Kosmetyki,2025-04-01,0,65.49
SKU-0254,Dezodorant w kulce Premium,Kosmetyki,2025-05-01,0,62.06
SKU-0254,Dezodorant w kulce Premium,Kosmetyki,2025-06-01,0,64.6
SKU-0254,Dezodorant w kulce Premium,Kosmetyki,2025-07-01,138,61.25
SKU-0254,Dezodorant w kulce Premium,Kosmetyki,2025-08-01,24,65.32
SKU-0254,Dezodorant w kulce Premium,Kosmetyki,2025-09-01,32,64.67
SKU-0254,Dezodorant w kulce Premium,Kosmetyki,2025-10-01,0,63.07
SKU-0254,Dezodorant w kulce Premium,Kosmetyki,2025-11-01,0,65.23
SKU-0254,Dezodorant w kulce Premium,Kosmetyki,2025-12-01,0,66.12
SKU-0254,Dezodorant w kulce Premium,Kosmetyki,2026-01-01,167,61.75
SKU-0254,Dezodorant w kulce Premium,Kosmetyki,2026-02-01,138,62.52
SKU-0254,Dezodorant w kulce Premium,Kosmetyki,2026-03-01,118,63.72
SKU-0254,Dezodorant w kulce Premium,Kosmetyki,2026-04-01,127,61.99
SKU-0254,Dezodorant w kulce Premium,Kosmetyki,2026-05-01,72,64.84
SKU-0254,Dezodorant w kulce Premium,Kosmetyki,2026-06-01,56,64.07
SKU-0254,Dezodorant w kulce Premium,Kosmetyki,2026-07-01,0,61.24
SKU-0255,Osłona przeciwsłoneczna Eco,Motoryzacja,2024-08-01,104,114.24
SKU-0255,Osłona przeciwsłoneczna Eco,Motoryzacja,2024-09-01,0,108.77
SKU-0255,Osłona przeciwsłoneczna Eco,Motoryzacja,2024-10-01,19,108.73
SKU-0255,Osłona przeciwsłoneczna Eco,Motoryzacja,2024-11-01,39,111.54
SKU-0255,Osłona przeciwsłoneczna Eco,Motoryzacja,2024-12-01,70,115.31
SKU-0255,Osłona przeciwsłoneczna Eco,Motoryzacja,2025-01-01,21,113.82
SKU-0255,Osłona przeciwsłoneczna Eco,Motoryzacja,2025-02-01,44,116.03
SKU-0255,Osłona przeciwsłoneczna Eco,Motoryzacja,2025-03-01,60,111.38
SKU-0255,Osłona przeciwsłoneczna Eco,Motoryzacja,2025-04-01,13,111.78
SKU-0255,Osłona przeciwsłoneczna Eco,Motoryzacja,2025-05-01,35,112.92
SKU-0255,Osłona przeciwsłoneczna Eco,Motoryzacja,2025-06-01,0,107.49
SKU-0255,Osłona przeciwsłoneczna Eco,Motoryzacja,2025-07-01,35,115.08
SKU-0255,Osłona przeciwsłoneczna Eco,Motoryzacja,2025-08-01,0,110.0
SKU-0255,Osłona przeciwsłoneczna Eco,Motoryzacja,2025-09-01,0,108.86
SKU-0255,Osłona przeciwsłoneczna Eco,Motoryzacja,2025-10-01,92,116.06
SKU-0255,Osłona przeciwsłoneczna Eco,Motoryzacja,2025-11-01,10,111.18
SKU-0255,Osłona przeciwsłoneczna Eco,Motoryzacja,2025-12-01,32,116.8
SKU-0255,Osłona przeciwsłoneczna Eco,Motoryzacja,2026-01-01,28,107.99
SKU-0255,Osłona przeciwsłoneczna Eco,Motoryzacja,2026-02-01,88,114.39
SKU-0255,Osłona przeciwsłoneczna Eco,Motoryzacja,2026-03-01,47,111.19
SKU-0255,Osłona przeciwsłoneczna Eco,Motoryzacja,2026-04-01,0,111.08
SKU-0255,Osłona przeciwsłoneczna Eco,Motoryzacja,2026-05-01,0,110.76
SKU-0255,Osłona przeciwsłoneczna Eco,Motoryzacja,2026-06-01,60,109.98
SKU-0255,Osłona przeciwsłoneczna Eco,Motoryzacja,2026-07-01,0,109.31
SKU-0256,Czekolada mleczna Premium,Spożywcze,2024-08-01,38,31.21
SKU-0256,Czekolada mleczna Premium,Spożywcze,2024-09-01,40,31.38
SKU-0256,Czekolada mleczna Premium,Spożywcze,2024-10-01,38,31.36
SKU-0256,Czekolada mleczna Premium,Spożywcze,2024-11-01,36,30.4
SKU-0256,Czekolada mleczna Premium,Spożywcze,2024-12-01,39,30.51
SKU-0256,Czekolada mleczna Premium,Spożywcze,2025-01-01,37,30.03
SKU-0256,Czekolada mleczna Premium,Spożywcze,2025-02-01,33,31.24
SKU-0256,Czekolada mleczna Premium,Spożywcze,2025-03-01,46,30.12
SKU-0256,Czekolada mleczna Premium,Spożywcze,2025-04-01,39,29.62
SKU-0256,Czekolada mleczna Premium,Spożywcze,2025-05-01,41,30.83
SKU-0256,Czekolada mleczna Premium,Spożywcze,2025-06-01,47,30.56
SKU-0256,Czekolada mleczna Premium,Spożywcze,2025-07-01,46,29.49
SKU-0256,Czekolada mleczna Premium,Spożywcze,2025-08-01,49,29.62
SKU-0256,Czekolada mleczna Premium,Spożywcze,2025-09-01,49,29.59
SKU-0256,Czekolada mleczna Premium,Spożywcze,2025-10-01,46,29.93
SKU-0256,Czekolada mleczna Premium,Spożywcze,2025-11-01,54,29.21
SKU-0256,Czekolada mleczna Premium,Spożywcze,2025-12-01,49,28.73
SKU-0256,Czekolada mleczna Premium,Spożywcze,2026-01-01,46,30.05
SKU-0256,Czekolada mleczna Premium,Spożywcze,2026-02-01,46,29.37
SKU-0256,Czekolada mleczna Premium,Spożywcze,2026-03-01,51,29.35
SKU-0256,Czekolada mleczna Premium,Spożywcze,2026-04-01,55,28.92
SKU-0256,Czekolada mleczna Premium,Spożywcze,2026-05-01,47,30.11
SKU-0256,Czekolada mleczna Premium,Spożywcze,2026-06-01,51,30.88
SKU-0256,Czekolada mleczna Premium,Spożywcze,2026-07-01,54,31.4
SKU-0257,Szlifierka kątowa Classic,Narzędzia,2024-08-01,3,150.77
SKU-0257,Szlifierka kątowa Classic,Narzędzia,2024-09-01,1,151.71
SKU-0257,Szlifierka kątowa Classic,Narzędzia,2024-10-01,1,154.31
SKU-0257,Szlifierka kątowa Classic,Narzędzia,2024-11-01,1,156.82
SKU-0257,Szlifierka kątowa Classic,Narzędzia,2024-12-01,1,150.19
SKU-0257,Szlifierka kątowa Classic,Narzędzia,2025-01-01,1,161.24
SKU-0257,Szlifierka kątowa Classic,Narzędzia,2025-02-01,2,148.01
SKU-0257,Szlifierka kątowa Classic,Narzędzia,2025-03-01,3,149.67
SKU-0257,Szlifierka kątowa Classic,Narzędzia,2025-04-01,2,151.74
SKU-0257,Szlifierka kątowa Classic,Narzędzia,2025-05-01,3,157.93
SKU-0257,Szlifierka kątowa Classic,Narzędzia,2025-06-01,4,153.13
SKU-0257,Szlifierka kątowa Classic,Narzędzia,2025-07-01,2,161.73
SKU-0257,Szlifierka kątowa Classic,Narzędzia,2025-08-01,2,154.25
SKU-0257,Szlifierka kątowa Classic,Narzędzia,2025-09-01,1,151.77
SKU-0257,Szlifierka kątowa Classic,Narzędzia,2025-10-01,1,160.37
SKU-0257,Szlifierka kątowa Classic,Narzędzia,2025-11-01,1,147.13
SKU-0257,Szlifierka kątowa Classic,Narzędzia,2025-12-01,1,148.51
SKU-0257,Szlifierka kątowa Classic,Narzędzia,2026-01-01,1,149.58
SKU-0257,Szlifierka kątowa Classic,Narzędzia,2026-02-01,2,149.82
SKU-0257,Szlifierka kątowa Classic,Narzędzia,2026-03-01,3,160.28
SKU-0257,Szlifierka kątowa Classic,Narzędzia,2026-04-01,2,159.11
SKU-0257,Szlifierka kątowa Classic,Narzędzia,2026-05-01,3,147.91
SKU-0257,Szlifierka kątowa Classic,Narzędzia,2026-06-01,3,155.14
SKU-0257,Szlifierka kątowa Classic,Narzędzia,2026-07-01,2,151.92
SKU-0258,Krzesło biurowe Plus,Meble,2024-08-01,3,973.21
SKU-0258,Krzesło biurowe Plus,Meble,2024-09-01,4,968.45
SKU-0258,Krzesło biurowe Plus,Meble,2024-10-01,4,1009.97
SKU-0258,Krzesło biurowe Plus,Meble,2024-11-01,4,975.02
SKU-0258,Krzesło biurowe Plus,Meble,2024-12-01,4,954.89
SKU-0258,Krzesło biurowe Plus,Meble,2025-01-01,4,1022.17
SKU-0258,Krzesło biurowe Plus,Meble,2025-02-01,4,942.54
SKU-0258,Krzesło biurowe Plus,Meble,2025-03-01,4,990.76
SKU-0258,Krzesło biurowe Plus,Meble,2025-04-01,4,941.28
SKU-0258,Krzesło biurowe Plus,Meble,2025-05-01,4,1018.28
SKU-0258,Krzesło biurowe Plus,Meble,2025-06-01,4,956.17
SKU-0258,Krzesło biurowe Plus,Meble,2025-07-01,4,967.63
SKU-0258,Krzesło biurowe Plus,Meble,2025-08-01,4,946.2
SKU-0258,Krzesło biurowe Plus,Meble,2025-09-01,4,992.03
SKU-0258,Krzesło biurowe Plus,Meble,2025-10-01,4,994.98
SKU-0258,Krzesło biurowe Plus,Meble,2025-11-01,5,977.4
SKU-0258,Krzesło biurowe Plus,Meble,2025-12-01,5,977.55
SKU-0258,Krzesło biurowe Plus,Meble,2026-01-01,4,983.62
SKU-0258,Krzesło biurowe Plus,Meble,2026-02-01,4,943.2
SKU-0258,Krzesło biurowe Plus,Meble,2026-03-01,4,950.35
SKU-0258,Krzesło biurowe Plus,Meble,2026-04-01,4,982.33
SKU-0258,Krzesło biurowe Plus,Meble,2026-05-01,3,955.57
SKU-0258,Krzesło biurowe Plus,Meble,2026-06-01,4,928.98
SKU-0258,Krzesło biurowe Plus,Meble,2026-07-01,4,987.33
SKU-0259,Marker permanentny Classic,Artykuły biurowe,2024-08-01,0,33.04
SKU-0259,Marker permanentny Classic,Artykuły biurowe,2024-09-01,0,33.79
SKU-0259,Marker permanentny Classic,Artykuły biurowe,2024-10-01,0,33.06
SKU-0259,Marker permanentny Classic,Artykuły biurowe,2024-11-01,1,34.28
SKU-0259,Marker permanentny Classic,Artykuły biurowe,2024-12-01,1,32.13
SKU-0259,Marker permanentny Classic,Artykuły biurowe,2025-01-01,3,34.02
SKU-0259,Marker permanentny Classic,Artykuły biurowe,2025-02-01,3,32.62
SKU-0259,Marker permanentny Classic,Artykuły biurowe,2025-03-01,5,31.82
SKU-0259,Marker permanentny Classic,Artykuły biurowe,2025-04-01,4,33.96
SKU-0259,Marker permanentny Classic,Artykuły biurowe,2025-05-01,1,32.02
SKU-0259,Marker permanentny Classic,Artykuły biurowe,2025-06-01,3,33.39
SKU-0259,Marker permanentny Classic,Artykuły biurowe,2025-07-01,1,32.39
SKU-0259,Marker permanentny Classic,Artykuły biurowe,2025-08-01,0,34.42
SKU-0259,Marker permanentny Classic,Artykuły biurowe,2025-09-01,0,33.11
SKU-0259,Marker permanentny Classic,Artykuły biurowe,2025-10-01,0,33.87
SKU-0259,Marker permanentny Classic,Artykuły biurowe,2025-11-01,1,34.2
SKU-0259,Marker permanentny Classic,Artykuły biurowe,2025-12-01,2,31.93
SKU-0259,Marker permanentny Classic,Artykuły biurowe,2026-01-01,3,32.9
SKU-0259,Marker permanentny Classic,Artykuły biurowe,2026-02-01,6,32.34
SKU-0259,Marker permanentny Classic,Artykuły biurowe,2026-03-01,4,33.41
SKU-0259,Marker permanentny Classic,Artykuły biurowe,2026-04-01,4,32.6
SKU-0259,Marker permanentny Classic,Artykuły biurowe,2026-05-01,4,31.86
SKU-0259,Marker permanentny Classic,Artykuły biurowe,2026-06-01,2,33.96
SKU-0259,Marker permanentny Classic,Artykuły biurowe,2026-07-01,1,33.8
SKU-0260,Żarówka LED E27 XL,Oświetlenie,2024-08-01,1,215.32
SKU-0260,Żarówka LED E27 XL,Oświetlenie,2024-09-01,1,212.24
SKU-0260,Żarówka LED E27 XL,Oświetlenie,2024-10-01,1,216.39
SKU-0260,Żarówka LED E27 XL,Oświetlenie,2024-11-01,1,224.97
SKU-0260,Żarówka LED E27 XL,Oświetlenie,2024-12-01,1,230.03
SKU-0260,Żarówka LED E27 XL,Oświetlenie,2025-01-01,2,212.56
SKU-0260,Żarówka LED E27 XL,Oświetlenie,2025-02-01,3,223.8
SKU-0260,Żarówka LED E27 XL,Oświetlenie,2025-03-01,3,231.4
SKU-0260,Żarówka LED E27 XL,Oświetlenie,2025-04-01,3,218.72
SKU-0260,Żarówka LED E27 XL,Oświetlenie,2025-05-01,3,225.04
SKU-0260,Żarówka LED E27 XL,Oświetlenie,2025-06-01,3,220.36
SKU-0260,Żarówka LED E27 XL,Oświetlenie,2025-07-01,3,215.58
SKU-0260,Żarówka LED E27 XL,Oświetlenie,2025-08-01,2,221.37
SKU-0260,Żarówka LED E27 XL,Oświetlenie,2025-09-01,2,231.44
SKU-0260,Żarówka LED E27 XL,Oświetlenie,2025-10-01,1,215.34
SKU-0260,Żarówka LED E27 XL,Oświetlenie,2025-11-01,1,226.18
SKU-0260,Żarówka LED E27 XL,Oświetlenie,2025-12-01,1,218.99
SKU-0260,Żarówka LED E27 XL,Oświetlenie,2026-01-01,3,215.49
SKU-0260,Żarówka LED E27 XL,Oświetlenie,2026-02-01,3,216.12
SKU-0260,Żarówka LED E27 XL,Oświetlenie,2026-03-01,3,230.77
SKU-0260,Żarówka LED E27 XL,Oświetlenie,2026-04-01,5,212.85
SKU-0260,Żarówka LED E27 XL,Oświetlenie,2026-05-01,4,221.36
SKU-0260,Żarówka LED E27 XL,Oświetlenie,2026-06-01,2,225.02
SKU-0260,Żarówka LED E27 XL,Oświetlenie,2026-07-01,4,232.28
SKU-0261,Mata do jogi Eco,Sport i rekreacja,2024-08-01,3,101.42
SKU-0261,Mata do jogi Eco,Sport i rekreacja,2024-09-01,2,109.32
SKU-0261,Mata do jogi Eco,Sport i rekreacja,2024-10-01,2,108.92
SKU-0261,Mata do jogi Eco,Sport i rekreacja,2024-11-01,1,103.46
SKU-0261,Mata do jogi Eco,Sport i rekreacja,2024-12-01,1,103.63
SKU-0261,Mata do jogi Eco,Sport i rekreacja,2025-01-01,2,102.09
SKU-0261,Mata do jogi Eco,Sport i rekreacja,2025-02-01,2,105.78
SKU-0261,Mata do jogi Eco,Sport i rekreacja,2025-03-01,3,101.35
SKU-0261,Mata do jogi Eco,Sport i rekreacja,2025-04-01,2,107.83
SKU-0261,Mata do jogi Eco,Sport i rekreacja,2025-05-01,3,108.46
SKU-0261,Mata do jogi Eco,Sport i rekreacja,2025-06-01,5,103.01
SKU-0261,Mata do jogi Eco,Sport i rekreacja,2025-07-01,3,102.02
SKU-0261,Mata do jogi Eco,Sport i rekreacja,2025-08-01,4,103.66
SKU-0261,Mata do jogi Eco,Sport i rekreacja,2025-09-01,2,108.47
SKU-0261,Mata do jogi Eco,Sport i rekreacja,2025-10-01,2,104.34
SKU-0261,Mata do jogi Eco,Sport i rekreacja,2025-11-01,1,109.29
SKU-0261,Mata do jogi Eco,Sport i rekreacja,2025-12-01,1,99.85
SKU-0261,Mata do jogi Eco,Sport i rekreacja,2026-01-01,2,108.64
SKU-0261,Mata do jogi Eco,Sport i rekreacja,2026-02-01,2,106.21
SKU-0261,Mata do jogi Eco,Sport i rekreacja,2026-03-01,4,99.62
SKU-0261,Mata do jogi Eco,Sport i rekreacja,2026-04-01,6,99.94
SKU-0261,Mata do jogi Eco,Sport i rekreacja,2026-05-01,5,102.57
SKU-0261,Mata do jogi Eco,Sport i rekreacja,2026-06-01,3,108.0
SKU-0261,Mata do jogi Eco,Sport i rekreacja,2026-07-01,5,104.1
SKU-0262,Głośnik Bluetooth Pro,Elektronika,2024-08-01,13,157.51
SKU-0262,Głośnik Bluetooth Pro,Elektronika,2024-09-01,24,160.92
SKU-0262,Głośnik Bluetooth Pro,Elektronika,2024-10-01,25,165.19
SKU-0262,Głośnik Bluetooth Pro,Elektronika,2024-11-01,39,157.98
SKU-0262,Głośnik Bluetooth Pro,Elektronika,2024-12-01,49,162.71
SKU-0262,Głośnik Bluetooth Pro,Elektronika,2025-01-01,34,151.81
SKU-0262,Głośnik Bluetooth Pro,Elektronika,2025-02-01,36,165.97
SKU-0262,Głośnik Bluetooth Pro,Elektronika,2025-03-01,15,160.7
SKU-0262,Głośnik Bluetooth Pro,Elektronika,2025-04-01,8,159.31
SKU-0262,Głośnik Bluetooth Pro,Elektronika,2025-05-01,4,156.48
SKU-0262,Głośnik Bluetooth Pro,Elektronika,2025-06-01,2,153.71
SKU-0262,Głośnik Bluetooth Pro,Elektronika,2025-07-01,5,157.85
SKU-0262,Głośnik Bluetooth Pro,Elektronika,2025-08-01,12,161.3
SKU-0262,Głośnik Bluetooth Pro,Elektronika,2025-09-01,19,152.56
SKU-0262,Głośnik Bluetooth Pro,Elektronika,2025-10-01,19,153.55
SKU-0262,Głośnik Bluetooth Pro,Elektronika,2025-11-01,34,160.0
SKU-0262,Głośnik Bluetooth Pro,Elektronika,2025-12-01,46,156.66
SKU-0262,Głośnik Bluetooth Pro,Elektronika,2026-01-01,34,159.05
SKU-0262,Głośnik Bluetooth Pro,Elektronika,2026-02-01,25,166.09
SKU-0262,Głośnik Bluetooth Pro,Elektronika,2026-03-01,18,164.25
SKU-0262,Głośnik Bluetooth Pro,Elektronika,2026-04-01,7,161.03
SKU-0262,Głośnik Bluetooth Pro,Elektronika,2026-05-01,4,163.07
SKU-0262,Głośnik Bluetooth Pro,Elektronika,2026-06-01,1,158.23
SKU-0262,Głośnik Bluetooth Pro,Elektronika,2026-07-01,5,151.34
SKU-0263,Nawóz uniwersalny Pro,Ogród,2024-08-01,0,243.04
SKU-0263,Nawóz uniwersalny Pro,Ogród,2024-09-01,0,247.98
SKU-0263,Nawóz uniwersalny Pro,Ogród,2024-10-01,8,241.13
SKU-0263,Nawóz uniwersalny Pro,Ogród,2024-11-01,7,260.38
SKU-0263,Nawóz uniwersalny Pro,Ogród,2024-12-01,8,254.5
SKU-0263,Nawóz uniwersalny Pro,Ogród,2025-01-01,24,241.26
SKU-0263,Nawóz uniwersalny Pro,Ogród,2025-02-01,8,243.16
SKU-0263,Nawóz uniwersalny Pro,Ogród,2025-03-01,18,260.13
SKU-0263,Nawóz uniwersalny Pro,Ogród,2025-04-01,13,249.85
SKU-0263,Nawóz uniwersalny Pro,Ogród,2025-05-01,11,260.24
SKU-0263,Nawóz uniwersalny Pro,Ogród,2025-06-01,5,238.6
SKU-0263,Nawóz uniwersalny Pro,Ogród,2025-07-01,13,240.66
SKU-0263,Nawóz uniwersalny Pro,Ogród,2025-08-01,10,250.26
SKU-0263,Nawóz uniwersalny Pro,Ogród,2025-09-01,5,238.01
SKU-0263,Nawóz uniwersalny Pro,Ogród,2025-10-01,1,244.24
SKU-0263,Nawóz uniwersalny Pro,Ogród,2025-11-01,0,255.63
SKU-0263,Nawóz uniwersalny Pro,Ogród,2025-12-01,12,255.95
SKU-0263,Nawóz uniwersalny Pro,Ogród,2026-01-01,13,256.59
SKU-0263,Nawóz uniwersalny Pro,Ogród,2026-02-01,0,241.73
SKU-0263,Nawóz uniwersalny Pro,Ogród,2026-03-01,0,240.76
SKU-0263,Nawóz uniwersalny Pro,Ogród,2026-04-01,12,240.73
SKU-0263,Nawóz uniwersalny Pro,Ogród,2026-05-01,15,248.76
SKU-0263,Nawóz uniwersalny Pro,Ogród,2026-06-01,8,237.66
SKU-0263,Nawóz uniwersalny Pro,Ogród,2026-07-01,0,242.77
SKU-0264,Robot kuchenny Plus,AGD,2024-08-01,23,460.14
SKU-0264,Robot kuchenny Plus,AGD,2024-09-01,21,457.96
SKU-0264,Robot kuchenny Plus,AGD,2024-10-01,23,459.22
SKU-0264,Robot kuchenny Plus,AGD,2024-11-01,24,453.16
SKU-0264,Robot kuchenny Plus,AGD,2024-12-01,26,468.09
SKU-0264,Robot kuchenny Plus,AGD,2025-01-01,32,453.24
SKU-0264,Robot kuchenny Plus,AGD,2025-02-01,31,487.51
SKU-0264,Robot kuchenny Plus,AGD,2025-03-01,31,463.19
SKU-0264,Robot kuchenny Plus,AGD,2025-04-01,28,462.12
SKU-0264,Robot kuchenny Plus,AGD,2025-05-01,24,475.64
SKU-0264,Robot kuchenny Plus,AGD,2025-06-01,26,462.79
SKU-0264,Robot kuchenny Plus,AGD,2025-07-01,24,471.24
SKU-0264,Robot kuchenny Plus,AGD,2025-08-01,23,469.81
SKU-0264,Robot kuchenny Plus,AGD,2025-09-01,23,475.9
SKU-0264,Robot kuchenny Plus,AGD,2025-10-01,25,452.44
SKU-0264,Robot kuchenny Plus,AGD,2025-11-01,30,466.14
SKU-0264,Robot kuchenny Plus,AGD,2025-12-01,36,486.18
SKU-0264,Robot kuchenny Plus,AGD,2026-01-01,33,456.1
SKU-0264,Robot kuchenny Plus,AGD,2026-02-01,36,476.89
SKU-0264,Robot kuchenny Plus,AGD,2026-03-01,35,477.82
SKU-0264,Robot kuchenny Plus,AGD,2026-04-01,33,487.71
SKU-0264,Robot kuchenny Plus,AGD,2026-05-01,33,445.26
SKU-0264,Robot kuchenny Plus,AGD,2026-06-01,27,469.44
SKU-0264,Robot kuchenny Plus,AGD,2026-07-01,28,474.03
SKU-0265,Koszula flanelowa Advanced,Odzież,2024-08-01,2,25.4
SKU-0265,Koszula flanelowa Advanced,Odzież,2024-09-01,3,27.38
SKU-0265,Koszula flanelowa Advanced,Odzież,2024-10-01,2,27.34
SKU-0265,Koszula flanelowa Advanced,Odzież,2024-11-01,3,26.06
SKU-0265,Koszula flanelowa Advanced,Odzież,2024-12-01,3,27.83
SKU-0265,Koszula flanelowa Advanced,Odzież,2025-01-01,3,27.7
SKU-0265,Koszula flanelowa Advanced,Odzież,2025-02-01,3,27.11
SKU-0265,Koszula flanelowa Advanced,Odzież,2025-03-01,2,25.66
SKU-0265,Koszula flanelowa Advanced,Odzież,2025-04-01,1,26.3
SKU-0265,Koszula flanelowa Advanced,Odzież,2025-05-01,1,25.88
SKU-0265,Koszula flanelowa Advanced,Odzież,2025-06-01,1,26.36
SKU-0265,Koszula flanelowa Advanced,Odzież,2025-07-01,1,26.69
SKU-0265,Koszula flanelowa Advanced,Odzież,2025-08-01,2,26.83
SKU-0265,Koszula flanelowa Advanced,Odzież,2025-09-01,2,27.0
SKU-0265,Koszula flanelowa Advanced,Odzież,2025-10-01,4,27.53
SKU-0265,Koszula flanelowa Advanced,Odzież,2025-11-01,3,25.52
SKU-0265,Koszula flanelowa Advanced,Odzież,2025-12-01,3,26.33
SKU-0265,Koszula flanelowa Advanced,Odzież,2026-01-01,5,26.0
SKU-0265,Koszula flanelowa Advanced,Odzież,2026-02-01,3,26.93
SKU-0265,Koszula flanelowa Advanced,Odzież,2026-03-01,2,27.8
SKU-0265,Koszula flanelowa Advanced,Odzież,2026-04-01,2,25.35
SKU-0265,Koszula flanelowa Advanced,Odzież,2026-05-01,1,25.55
SKU-0265,Koszula flanelowa Advanced,Odzież,2026-06-01,2,27.16
SKU-0265,Koszula flanelowa Advanced,Odzież,2026-07-01,2,27.51
SKU-0266,Płyn do spryskiwaczy Premium,Motoryzacja,2024-08-01,2,80.64
SKU-0266,Płyn do spryskiwaczy Premium,Motoryzacja,2024-09-01,1,83.77
SKU-0266,Płyn do spryskiwaczy Premium,Motoryzacja,2024-10-01,1,79.34
SKU-0266,Płyn do spryskiwaczy Premium,Motoryzacja,2024-11-01,1,86.58
SKU-0266,Płyn do spryskiwaczy Premium,Motoryzacja,2024-12-01,1,81.19
SKU-0266,Płyn do spryskiwaczy Premium,Motoryzacja,2025-01-01,3,85.97
SKU-0266,Płyn do spryskiwaczy Premium,Motoryzacja,2025-02-01,4,85.67
SKU-0266,Płyn do spryskiwaczy Premium,Motoryzacja,2025-03-01,4,81.73
SKU-0266,Płyn do spryskiwaczy Premium,Motoryzacja,2025-04-01,3,81.46
SKU-0266,Płyn do spryskiwaczy Premium,Motoryzacja,2025-05-01,6,87.28
SKU-0266,Płyn do spryskiwaczy Premium,Motoryzacja,2025-06-01,4,85.49
SKU-0266,Płyn do spryskiwaczy Premium,Motoryzacja,2025-07-01,3,85.69
SKU-0266,Płyn do spryskiwaczy Premium,Motoryzacja,2025-08-01,2,85.73
SKU-0266,Płyn do spryskiwaczy Premium,Motoryzacja,2025-09-01,1,81.73
SKU-0266,Płyn do spryskiwaczy Premium,Motoryzacja,2025-10-01,1,80.71
SKU-0266,Płyn do spryskiwaczy Premium,Motoryzacja,2025-11-01,2,82.97
SKU-0266,Płyn do spryskiwaczy Premium,Motoryzacja,2025-12-01,2,80.92
SKU-0266,Płyn do spryskiwaczy Premium,Motoryzacja,2026-01-01,4,83.23
SKU-0266,Płyn do spryskiwaczy Premium,Motoryzacja,2026-02-01,3,83.61
SKU-0266,Płyn do spryskiwaczy Premium,Motoryzacja,2026-03-01,6,84.64
SKU-0266,Płyn do spryskiwaczy Premium,Motoryzacja,2026-04-01,6,87.4
SKU-0266,Płyn do spryskiwaczy Premium,Motoryzacja,2026-05-01,4,86.2
SKU-0266,Płyn do spryskiwaczy Premium,Motoryzacja,2026-06-01,4,84.62
SKU-0266,Płyn do spryskiwaczy Premium,Motoryzacja,2026-07-01,3,82.13
SKU-0267,Żarówka LED H7 Compact,Motoryzacja,2024-08-01,17,226.25
SKU-0267,Żarówka LED H7 Compact,Motoryzacja,2024-09-01,0,228.55
SKU-0267,Żarówka LED H7 Compact,Motoryzacja,2024-10-01,0,233.78
SKU-0267,Żarówka LED H7 Compact,Motoryzacja,2024-11-01,3,229.9
SKU-0267,Żarówka LED H7 Compact,Motoryzacja,2024-12-01,14,229.5
SKU-0267,Żarówka LED H7 Compact,Motoryzacja,2025-01-01,17,220.9
SKU-0267,Żarówka LED H7 Compact,Motoryzacja,2025-02-01,0,232.54
SKU-0267,Żarówka LED H7 Compact,Motoryzacja,2025-03-01,10,224.14
SKU-0267,Żarówka LED H7 Compact,Motoryzacja,2025-04-01,0,223.55
SKU-0267,Żarówka LED H7 Compact,Motoryzacja,2025-05-01,6,228.17
SKU-0267,Żarówka LED H7 Compact,Motoryzacja,2025-06-01,12,231.44
SKU-0267,Żarówka LED H7 Compact,Motoryzacja,2025-07-01,17,221.73
SKU-0267,Żarówka LED H7 Compact,Motoryzacja,2025-08-01,0,234.22
SKU-0267,Żarówka LED H7 Compact,Motoryzacja,2025-09-01,0,220.46
SKU-0267,Żarówka LED H7 Compact,Motoryzacja,2025-10-01,18,227.34
SKU-0267,Żarówka LED H7 Compact,Motoryzacja,2025-11-01,13,231.39
SKU-0267,Żarówka LED H7 Compact,Motoryzacja,2025-12-01,0,230.93
SKU-0267,Żarówka LED H7 Compact,Motoryzacja,2026-01-01,0,225.36
SKU-0267,Żarówka LED H7 Compact,Motoryzacja,2026-02-01,8,220.46
SKU-0267,Żarówka LED H7 Compact,Motoryzacja,2026-03-01,0,240.98
SKU-0267,Żarówka LED H7 Compact,Motoryzacja,2026-04-01,5,220.54
SKU-0267,Żarówka LED H7 Compact,Motoryzacja,2026-05-01,10,236.42
SKU-0267,Żarówka LED H7 Compact,Motoryzacja,2026-06-01,0,235.88
SKU-0267,Żarówka LED H7 Compact,Motoryzacja,2026-07-01,0,226.95
SKU-0268,Taśma miernicza Compact,Narzędzia,2024-08-01,3,553.07
SKU-0268,Taśma miernicza Compact,Narzędzia,2024-09-01,7,551.54
SKU-0268,Taśma miernicza Compact,Narzędzia,2024-10-01,10,562.87
SKU-0268,Taśma miernicza Compact,Narzędzia,2024-11-01,16,557.4
SKU-0268,Taśma miernicza Compact,Narzędzia,2024-12-01,18,554.31
SKU-0268,Taśma miernicza Compact,Narzędzia,2025-01-01,17,591.27
SKU-0268,Taśma miernicza Compact,Narzędzia,2025-02-01,20,574.48
SKU-0268,Taśma miernicza Compact,Narzędzia,2025-03-01,10,573.98
SKU-0268,Taśma miernicza Compact,Narzędzia,2025-04-01,9,601.49
SKU-0268,Taśma miernicza Compact,Narzędzia,2025-05-01,4,561.8
SKU-0268,Taśma miernicza Compact,Narzędzia,2025-06-01,1,583.0
SKU-0268,Taśma miernicza Compact,Narzędzia,2025-07-01,1,591.05
SKU-0268,Taśma miernicza Compact,Narzędzia,2025-08-01,3,584.65
SKU-0268,Taśma miernicza Compact,Narzędzia,2025-09-01,10,562.3
SKU-0268,Taśma miernicza Compact,Narzędzia,2025-10-01,14,560.81
SKU-0268,Taśma miernicza Compact,Narzędzia,2025-11-01,18,580.17
SKU-0268,Taśma miernicza Compact,Narzędzia,2025-12-01,21,584.77
SKU-0268,Taśma miernicza Compact,Narzędzia,2026-01-01,24,582.37
SKU-0268,Taśma miernicza Compact,Narzędzia,2026-02-01,21,549.01
SKU-0268,Taśma miernicza Compact,Narzędzia,2026-03-01,12,605.0
SKU-0268,Taśma miernicza Compact,Narzędzia,2026-04-01,10,590.19
SKU-0268,Taśma miernicza Compact,Narzędzia,2026-05-01,4,563.72
SKU-0268,Taśma miernicza Compact,Narzędzia,2026-06-01,2,583.43
SKU-0268,Taśma miernicza Compact,Narzędzia,2026-07-01,1,600.56
SKU-0269,Kozaki zimowe Pro,Obuwie,2024-08-01,1,282.06
SKU-0269,Kozaki zimowe Pro,Obuwie,2024-09-01,2,271.88
SKU-0269,Kozaki zimowe Pro,Obuwie,2024-10-01,2,287.55
SKU-0269,Kozaki zimowe Pro,Obuwie,2024-11-01,4,280.13
SKU-0269,Kozaki zimowe Pro,Obuwie,2024-12-01,4,280.26
SKU-0269,Kozaki zimowe Pro,Obuwie,2025-01-01,7,298.55
SKU-0269,Kozaki zimowe Pro,Obuwie,2025-02-01,6,293.16
SKU-0269,Kozaki zimowe Pro,Obuwie,2025-03-01,8,288.0
SKU-0269,Kozaki zimowe Pro,Obuwie,2025-04-01,10,284.02
SKU-0269,Kozaki zimowe Pro,Obuwie,2025-05-01,8,297.25
SKU-0269,Kozaki zimowe Pro,Obuwie,2025-06-01,5,285.45
SKU-0269,Kozaki zimowe Pro,Obuwie,2025-07-01,3,288.89
SKU-0269,Kozaki zimowe Pro,Obuwie,2025-08-01,2,298.99
SKU-0269,Kozaki zimowe Pro,Obuwie,2025-09-01,2,290.51
SKU-0269,Kozaki zimowe Pro,Obuwie,2025-10-01,3,290.82
SKU-0269,Kozaki zimowe Pro,Obuwie,2025-11-01,5,273.27
SKU-0269,Kozaki zimowe Pro,Obuwie,2025-12-01,5,285.8
SKU-0269,Kozaki zimowe Pro,Obuwie,2026-01-01,7,297.81
SKU-0269,Kozaki zimowe Pro,Obuwie,2026-02-01,7,291.66
SKU-0269,Kozaki zimowe Pro,Obuwie,2026-03-01,8,288.08
SKU-0269,Kozaki zimowe Pro,Obuwie,2026-04-01,7,286.19
SKU-0269,Kozaki zimowe Pro,Obuwie,2026-05-01,5,295.58
SKU-0269,Kozaki zimowe Pro,Obuwie,2026-06-01,3,287.0
SKU-0269,Kozaki zimowe Pro,Obuwie,2026-07-01,3,275.48
SKU-0270,Kurtka zimowa Plus,Odzież,2024-08-01,13,189.04
SKU-0270,Kurtka zimowa Plus,Odzież,2024-09-01,12,199.21
SKU-0270,Kurtka zimowa Plus,Odzież,2024-10-01,12,189.62
SKU-0270,Kurtka zimowa Plus,Odzież,2024-11-01,8,204.64
SKU-0270,Kurtka zimowa Plus,Odzież,2024-12-01,7,198.46
SKU-0270,Kurtka zimowa Plus,Odzież,2025-01-01,6,194.99
SKU-0270,Kurtka zimowa Plus,Odzież,2025-02-01,2,196.16
SKU-0270,Kurtka zimowa Plus,Odzież,2025-03-01,1,200.73
SKU-0270,Kurtka zimowa Plus,Odzież,2025-04-01,1,204.64
SKU-0270,Kurtka zimowa Plus,Odzież,2025-05-01,2,203.46
SKU-0270,Kurtka zimowa Plus,Odzież,2025-06-01,7,187.49
SKU-0270,Kurtka zimowa Plus,Odzież,2025-07-01,12,187.92
SKU-0270,Kurtka zimowa Plus,Odzież,2025-08-01,8,197.77
SKU-0270,Kurtka zimowa Plus,Odzież,2025-09-01,17,194.78
SKU-0270,Kurtka zimowa Plus,Odzież,2025-10-01,15,189.55
SKU-0270,Kurtka zimowa Plus,Odzież,2025-11-01,14,186.82
SKU-0270,Kurtka zimowa Plus,Odzież,2025-12-01,8,200.5
SKU-0270,Kurtka zimowa Plus,Odzież,2026-01-01,6,189.03
SKU-0270,Kurtka zimowa Plus,Odzież,2026-02-01,2,197.26
SKU-0270,Kurtka zimowa Plus,Odzież,2026-03-01,1,187.05
SKU-0270,Kurtka zimowa Plus,Odzież,2026-04-01,1,196.74
SKU-0270,Kurtka zimowa Plus,Odzież,2026-05-01,2,193.97
SKU-0270,Kurtka zimowa Plus,Odzież,2026-06-01,7,195.72
SKU-0270,Kurtka zimowa Plus,Odzież,2026-07-01,13,200.06
SKU-0271,Herbata czarna 100g,Spożywcze,2024-08-01,36,47.77
SKU-0271,Herbata czarna 100g,Spożywcze,2024-09-01,594,46.97
SKU-0271,Herbata czarna 100g,Spożywcze,2024-10-01,0,46.52
SKU-0271,Herbata czarna 100g,Spożywcze,2024-11-01,210,45.96
SKU-0271,Herbata czarna 100g,Spożywcze,2024-12-01,178,45.4
SKU-0271,Herbata czarna 100g,Spożywcze,2025-01-01,509,45.67
SKU-0271,Herbata czarna 100g,Spożywcze,2025-02-01,0,47.11
SKU-0271,Herbata czarna 100g,Spożywcze,2025-03-01,297,46.05
SKU-0271,Herbata czarna 100g,Spożywcze,2025-04-01,205,48.18
SKU-0271,Herbata czarna 100g,Spożywcze,2025-05-01,57,44.33
SKU-0271,Herbata czarna 100g,Spożywcze,2025-06-01,49,44.96
SKU-0271,Herbata czarna 100g,Spożywcze,2025-07-01,374,47.06
SKU-0271,Herbata czarna 100g,Spożywcze,2025-08-01,0,46.11
SKU-0271,Herbata czarna 100g,Spożywcze,2025-09-01,365,47.0
SKU-0271,Herbata czarna 100g,Spożywcze,2025-10-01,105,46.09
SKU-0271,Herbata czarna 100g,Spożywcze,2025-11-01,319,46.16
SKU-0271,Herbata czarna 100g,Spożywcze,2025-12-01,0,44.36
SKU-0271,Herbata czarna 100g,Spożywcze,2026-01-01,480,44.78
SKU-0271,Herbata czarna 100g,Spożywcze,2026-02-01,74,46.53
SKU-0271,Herbata czarna 100g,Spożywcze,2026-03-01,396,47.43
SKU-0271,Herbata czarna 100g,Spożywcze,2026-04-01,176,44.24
SKU-0271,Herbata czarna 100g,Spożywcze,2026-05-01,0,47.36
SKU-0271,Herbata czarna 100g,Spożywcze,2026-06-01,274,45.81
SKU-0271,Herbata czarna 100g,Spożywcze,2026-07-01,0,47.36
SKU-0272,Czajnik elektryczny,AGD,2024-08-01,7,126.99
SKU-0272,Czajnik elektryczny,AGD,2024-09-01,9,133.05
SKU-0272,Czajnik elektryczny,AGD,2024-10-01,10,130.91
SKU-0272,Czajnik elektryczny,AGD,2024-11-01,8,134.16
SKU-0272,Czajnik elektryczny,AGD,2024-12-01,9,136.34
SKU-0272,Czajnik elektryczny,AGD,2025-01-01,7,133.19
SKU-0272,Czajnik elektryczny,AGD,2025-02-01,5,124.06
SKU-0272,Czajnik elektryczny,AGD,2025-03-01,4,129.72
SKU-0272,Czajnik elektryczny,AGD,2025-04-01,3,136.32
SKU-0272,Czajnik elektryczny,AGD,2025-05-01,2,136.73
SKU-0272,Czajnik elektryczny,AGD,2025-06-01,2,127.89
SKU-0272,Czajnik elektryczny,AGD,2025-07-01,4,130.95
SKU-0272,Czajnik elektryczny,AGD,2025-08-01,5,131.35
SKU-0272,Czajnik elektryczny,AGD,2025-09-01,9,127.46
SKU-0272,Czajnik elektryczny,AGD,2025-10-01,10,127.17
SKU-0272,Czajnik elektryczny,AGD,2025-11-01,10,135.29
SKU-0272,Czajnik elektryczny,AGD,2025-12-01,6,129.83
SKU-0272,Czajnik elektryczny,AGD,2026-01-01,7,130.93
SKU-0272,Czajnik elektryczny,AGD,2026-02-01,4,131.69
SKU-0272,Czajnik elektryczny,AGD,2026-03-01,3,129.23
SKU-0272,Czajnik elektryczny,AGD,2026-04-01,3,125.9
SKU-0272,Czajnik elektryczny,AGD,2026-05-01,2,127.87
SKU-0272,Czajnik elektryczny,AGD,2026-06-01,3,129.26
SKU-0272,Czajnik elektryczny,AGD,2026-07-01,5,124.37
SKU-0273,Samochodzik zdalnie sterowany Advanced,Zabawki,2024-08-01,12,245.53
SKU-0273,Samochodzik zdalnie sterowany Advanced,Zabawki,2024-09-01,15,244.44
SKU-0273,Samochodzik zdalnie sterowany Advanced,Zabawki,2024-10-01,8,246.17
SKU-0273,Samochodzik zdalnie sterowany Advanced,Zabawki,2024-11-01,4,231.24
SKU-0273,Samochodzik zdalnie sterowany Advanced,Zabawki,2024-12-01,10,250.4
SKU-0273,Samochodzik zdalnie sterowany Advanced,Zabawki,2025-01-01,15,233.49
SKU-0273,Samochodzik zdalnie sterowany Advanced,Zabawki,2025-02-01,18,248.91
SKU-0273,Samochodzik zdalnie sterowany Advanced,Zabawki,2025-03-01,28,238.9
SKU-0273,Samochodzik zdalnie sterowany Advanced,Zabawki,2025-04-01,28,237.99
SKU-0273,Samochodzik zdalnie sterowany Advanced,Zabawki,2025-05-01,31,251.92
SKU-0273,Samochodzik zdalnie sterowany Advanced,Zabawki,2025-06-01,31,252.69
SKU-0273,Samochodzik zdalnie sterowany Advanced,Zabawki,2025-07-01,22,229.43
SKU-0273,Samochodzik zdalnie sterowany Advanced,Zabawki,2025-08-01,20,252.65
SKU-0273,Samochodzik zdalnie sterowany Advanced,Zabawki,2025-09-01,10,245.98
SKU-0273,Samochodzik zdalnie sterowany Advanced,Zabawki,2025-10-01,8,250.12
SKU-0273,Samochodzik zdalnie sterowany Advanced,Zabawki,2025-11-01,6,232.3
SKU-0273,Samochodzik zdalnie sterowany Advanced,Zabawki,2025-12-01,9,245.01
SKU-0273,Samochodzik zdalnie sterowany Advanced,Zabawki,2026-01-01,15,235.02
SKU-0273,Samochodzik zdalnie sterowany Advanced,Zabawki,2026-02-01,13,252.35
SKU-0273,Samochodzik zdalnie sterowany Advanced,Zabawki,2026-03-01,25,251.99
SKU-0273,Samochodzik zdalnie sterowany Advanced,Zabawki,2026-04-01,26,251.54
SKU-0273,Samochodzik zdalnie sterowany Advanced,Zabawki,2026-05-01,38,245.75
SKU-0273,Samochodzik zdalnie sterowany Advanced,Zabawki,2026-06-01,36,245.21
SKU-0273,Samochodzik zdalnie sterowany Advanced,Zabawki,2026-07-01,24,235.29
SKU-0274,Toster Premium,AGD,2024-08-01,8,110.98
SKU-0274,Toster Premium,AGD,2024-09-01,3,111.55
SKU-0274,Toster Premium,AGD,2024-10-01,4,111.31
SKU-0274,Toster Premium,AGD,2024-11-01,5,109.91
SKU-0274,Toster Premium,AGD,2024-12-01,6,103.17
SKU-0274,Toster Premium,AGD,2025-01-01,14,107.3
SKU-0274,Toster Premium,AGD,2025-02-01,14,112.16
SKU-0274,Toster Premium,AGD,2025-03-01,20,110.29
SKU-0274,Toster Premium,AGD,2025-04-01,16,113.31
SKU-0274,Toster Premium,AGD,2025-05-01,16,105.13
SKU-0274,Toster Premium,AGD,2025-06-01,12,107.48
SKU-0274,Toster Premium,AGD,2025-07-01,9,112.44
SKU-0274,Toster Premium,AGD,2025-08-01,7,103.17
SKU-0274,Toster Premium,AGD,2025-09-01,4,103.36
SKU-0274,Toster Premium,AGD,2025-10-01,5,110.35
SKU-0274,Toster Premium,AGD,2025-11-01,6,103.2
SKU-0274,Toster Premium,AGD,2025-12-01,11,109.39
SKU-0274,Toster Premium,AGD,2026-01-01,13,111.25
SKU-0274,Toster Premium,AGD,2026-02-01,18,110.78
SKU-0274,Toster Premium,AGD,2026-03-01,15,104.1
SKU-0274,Toster Premium,AGD,2026-04-01,17,112.22
SKU-0274,Toster Premium,AGD,2026-05-01,26,107.62
SKU-0274,Toster Premium,AGD,2026-06-01,17,112.99
SKU-0274,Toster Premium,AGD,2026-07-01,4,105.71
SKU-0275,Krzesło biurowe Premium,Meble,2024-08-01,8,252.4
SKU-0275,Krzesło biurowe Premium,Meble,2024-09-01,0,238.6
SKU-0275,Krzesło biurowe Premium,Meble,2024-10-01,0,258.15
SKU-0275,Krzesło biurowe Premium,Meble,2024-11-01,0,260.62
SKU-0275,Krzesło biurowe Premium,Meble,2024-12-01,0,238.01
SKU-0275,Krzesło biurowe Premium,Meble,2025-01-01,4,260.95
SKU-0275,Krzesło biurowe Premium,Meble,2025-02-01,2,250.22
SKU-0275,Krzesło biurowe Premium,Meble,2025-03-01,0,249.43
SKU-0275,Krzesło biurowe Premium,Meble,2025-04-01,7,258.88
SKU-0275,Krzesło biurowe Premium,Meble,2025-05-01,0,240.27
SKU-0275,Krzesło biurowe Premium,Meble,2025-06-01,0,242.21
SKU-0275,Krzesło biurowe Premium,Meble,2025-07-01,0,253.18
SKU-0275,Krzesło biurowe Premium,Meble,2025-08-01,0,248.31
SKU-0275,Krzesło biurowe Premium,Meble,2025-09-01,0,240.77
SKU-0275,Krzesło biurowe Premium,Meble,2025-10-01,5,261.51
SKU-0275,Krzesło biurowe Premium,Meble,2025-11-01,5,248.66
SKU-0275,Krzesło biurowe Premium,Meble,2025-12-01,12,259.38
SKU-0275,Krzesło biurowe Premium,Meble,2026-01-01,0,248.76
SKU-0275,Krzesło biurowe Premium,Meble,2026-02-01,0,248.46
SKU-0275,Krzesło biurowe Premium,Meble,2026-03-01,7,254.95
SKU-0275,Krzesło biurowe Premium,Meble,2026-04-01,8,262.77
SKU-0275,Krzesło biurowe Premium,Meble,2026-05-01,9,244.26
SKU-0275,Krzesło biurowe Premium,Meble,2026-06-01,3,259.05
SKU-0275,Krzesło biurowe Premium,Meble,2026-07-01,2,259.06
SKU-0276,Wycieraczki samochodowe Compact,Motoryzacja,2024-08-01,9,64.76
SKU-0276,Wycieraczki samochodowe Compact,Motoryzacja,2024-09-01,7,64.99
SKU-0276,Wycieraczki samochodowe Compact,Motoryzacja,2024-10-01,9,64.97
SKU-0276,Wycieraczki samochodowe Compact,Motoryzacja,2024-11-01,9,70.77
SKU-0276,Wycieraczki samochodowe Compact,Motoryzacja,2024-12-01,8,66.87
SKU-0276,Wycieraczki samochodowe Compact,Motoryzacja,2025-01-01,8,68.91
SKU-0276,Wycieraczki samochodowe Compact,Motoryzacja,2025-02-01,9,64.85
SKU-0276,Wycieraczki samochodowe Compact,Motoryzacja,2025-03-01,8,65.82
SKU-0276,Wycieraczki samochodowe Compact,Motoryzacja,2025-04-01,8,69.48
SKU-0276,Wycieraczki samochodowe Compact,Motoryzacja,2025-05-01,8,64.1
SKU-0276,Wycieraczki samochodowe Compact,Motoryzacja,2025-06-01,7,66.76
SKU-0276,Wycieraczki samochodowe Compact,Motoryzacja,2025-07-01,8,64.31
SKU-0276,Wycieraczki samochodowe Compact,Motoryzacja,2025-08-01,8,65.23
SKU-0276,Wycieraczki samochodowe Compact,Motoryzacja,2025-09-01,8,64.32
SKU-0276,Wycieraczki samochodowe Compact,Motoryzacja,2025-10-01,7,64.8
SKU-0276,Wycieraczki samochodowe Compact,Motoryzacja,2025-11-01,7,67.54
SKU-0276,Wycieraczki samochodowe Compact,Motoryzacja,2025-12-01,7,65.65
SKU-0276,Wycieraczki samochodowe Compact,Motoryzacja,2026-01-01,7,69.13
SKU-0276,Wycieraczki samochodowe Compact,Motoryzacja,2026-02-01,8,69.17
SKU-0276,Wycieraczki samochodowe Compact,Motoryzacja,2026-03-01,8,70.53
SKU-0276,Wycieraczki samochodowe Compact,Motoryzacja,2026-04-01,6,65.22
SKU-0276,Wycieraczki samochodowe Compact,Motoryzacja,2026-05-01,8,68.8
SKU-0276,Wycieraczki samochodowe Compact,Motoryzacja,2026-06-01,7,70.18
SKU-0276,Wycieraczki samochodowe Compact,Motoryzacja,2026-07-01,7,66.35
SKU-0277,Czekolada mleczna Eco,Spożywcze,2024-08-01,4,36.85
SKU-0277,Czekolada mleczna Eco,Spożywcze,2024-09-01,0,36.19
SKU-0277,Czekolada mleczna Eco,Spożywcze,2024-10-01,0,36.23
SKU-0277,Czekolada mleczna Eco,Spożywcze,2024-11-01,7,35.39
SKU-0277,Czekolada mleczna Eco,Spożywcze,2024-12-01,11,35.87
SKU-0277,Czekolada mleczna Eco,Spożywcze,2025-01-01,23,34.46
SKU-0277,Czekolada mleczna Eco,Spożywcze,2025-02-01,8,36.5
SKU-0277,Czekolada mleczna Eco,Spożywcze,2025-03-01,0,34.33
SKU-0277,Czekolada mleczna Eco,Spożywcze,2025-04-01,5,35.42
SKU-0277,Czekolada mleczna Eco,Spożywcze,2025-05-01,6,35.23
SKU-0277,Czekolada mleczna Eco,Spożywcze,2025-06-01,16,37.07
SKU-0277,Czekolada mleczna Eco,Spożywcze,2025-07-01,11,37.28
SKU-0277,Czekolada mleczna Eco,Spożywcze,2025-08-01,13,34.67
SKU-0277,Czekolada mleczna Eco,Spożywcze,2025-09-01,9,36.93
SKU-0277,Czekolada mleczna Eco,Spożywcze,2025-10-01,7,35.13
SKU-0277,Czekolada mleczna Eco,Spożywcze,2025-11-01,4,36.79
SKU-0277,Czekolada mleczna Eco,Spożywcze,2025-12-01,0,35.2
SKU-0277,Czekolada mleczna Eco,Spożywcze,2026-01-01,14,34.12
SKU-0277,Czekolada mleczna Eco,Spożywcze,2026-02-01,0,34.89
SKU-0277,Czekolada mleczna Eco,Spożywcze,2026-03-01,15,33.94
SKU-0277,Czekolada mleczna Eco,Spożywcze,2026-04-01,0,35.68
SKU-0277,Czekolada mleczna Eco,Spożywcze,2026-05-01,13,36.5
SKU-0277,Czekolada mleczna Eco,Spożywcze,2026-06-01,5,36.48
SKU-0277,Czekolada mleczna Eco,Spożywcze,2026-07-01,11,36.93
SKU-0278,Lampa biurkowa,Oświetlenie,2024-08-01,4,193.32
SKU-0278,Lampa biurkowa,Oświetlenie,2024-09-01,5,188.13
SKU-0278,Lampa biurkowa,Oświetlenie,2024-10-01,9,186.04
SKU-0278,Lampa biurkowa,Oświetlenie,2024-11-01,7,183.41
SKU-0278,Lampa biurkowa,Oświetlenie,2024-12-01,6,191.3
SKU-0278,Lampa biurkowa,Oświetlenie,2025-01-01,3,195.56
SKU-0278,Lampa biurkowa,Oświetlenie,2025-02-01,2,200.15
SKU-0278,Lampa biurkowa,Oświetlenie,2025-03-01,1,200.21
SKU-0278,Lampa biurkowa,Oświetlenie,2025-04-01,1,187.12
SKU-0278,Lampa biurkowa,Oświetlenie,2025-05-01,2,188.48
SKU-0278,Lampa biurkowa,Oświetlenie,2025-06-01,3,185.15
SKU-0278,Lampa biurkowa,Oświetlenie,2025-07-01,5,187.82
SKU-0278,Lampa biurkowa,Oświetlenie,2025-08-01,6,181.55
SKU-0278,Lampa biurkowa,Oświetlenie,2025-09-01,8,192.69
SKU-0278,Lampa biurkowa,Oświetlenie,2025-10-01,9,192.74
SKU-0278,Lampa biurkowa,Oświetlenie,2025-11-01,8,189.04
SKU-0278,Lampa biurkowa,Oświetlenie,2025-12-01,7,182.04
SKU-0278,Lampa biurkowa,Oświetlenie,2026-01-01,5,195.24
SKU-0278,Lampa biurkowa,Oświetlenie,2026-02-01,2,186.23
SKU-0278,Lampa biurkowa,Oświetlenie,2026-03-01,2,185.9
SKU-0278,Lampa biurkowa,Oświetlenie,2026-04-01,1,182.76
SKU-0278,Lampa biurkowa,Oświetlenie,2026-05-01,3,190.82
SKU-0278,Lampa biurkowa,Oświetlenie,2026-06-01,5,190.2
SKU-0278,Lampa biurkowa,Oświetlenie,2026-07-01,6,190.09
SKU-0279,Żelazko parowe Pro,AGD,2024-08-01,0,297.49
SKU-0279,Żelazko parowe Pro,AGD,2024-09-01,1,289.65
SKU-0279,Żelazko parowe Pro,AGD,2024-10-01,3,293.91
SKU-0279,Żelazko parowe Pro,AGD,2024-11-01,5,306.91
SKU-0279,Żelazko parowe Pro,AGD,2024-12-01,8,284.7
SKU-0279,Żelazko parowe Pro,AGD,2025-01-01,9,287.3
SKU-0279,Żelazko parowe Pro,AGD,2025-02-01,11,311.02
SKU-0279,Żelazko parowe Pro,AGD,2025-03-01,9,310.07
SKU-0279,Żelazko parowe Pro,AGD,2025-04-01,7,293.83
SKU-0279,Żelazko parowe Pro,AGD,2025-05-01,5,311.5
SKU-0279,Żelazko parowe Pro,AGD,2025-06-01,4,301.18
SKU-0279,Żelazko parowe Pro,AGD,2025-07-01,2,308.85
SKU-0279,Żelazko parowe Pro,AGD,2025-08-01,1,290.22
SKU-0279,Żelazko parowe Pro,AGD,2025-09-01,1,291.55
SKU-0279,Żelazko parowe Pro,AGD,2025-10-01,3,297.12
SKU-0279,Żelazko parowe Pro,AGD,2025-11-01,4,291.05
SKU-0279,Żelazko parowe Pro,AGD,2025-12-01,8,307.09
SKU-0279,Żelazko parowe Pro,AGD,2026-01-01,14,294.22
SKU-0279,Żelazko parowe Pro,AGD,2026-02-01,8,288.15
SKU-0279,Żelazko parowe Pro,AGD,2026-03-01,11,292.25
SKU-0279,Żelazko parowe Pro,AGD,2026-04-01,10,310.82
SKU-0279,Żelazko parowe Pro,AGD,2026-05-01,7,284.32
SKU-0279,Żelazko parowe Pro,AGD,2026-06-01,4,284.04
SKU-0279,Żelazko parowe Pro,AGD,2026-07-01,2,289.79
SKU-0280,Kalkulator naukowy Advanced,Artykuły biurowe,2024-08-01,2,2.64
SKU-0280,Kalkulator naukowy Advanced,Artykuły biurowe,2024-09-01,3,2.53
SKU-0280,Kalkulator naukowy Advanced,Artykuły biurowe,2024-10-01,3,2.65
SKU-0280,Kalkulator naukowy Advanced,Artykuły biurowe,2024-11-01,3,2.72
SKU-0280,Kalkulator naukowy Advanced,Artykuły biurowe,2024-12-01,3,2.62
SKU-0280,Kalkulator naukowy Advanced,Artykuły biurowe,2025-01-01,4,2.75
SKU-0280,Kalkulator naukowy Advanced,Artykuły biurowe,2025-02-01,2,2.69
SKU-0280,Kalkulator naukowy Advanced,Artykuły biurowe,2025-03-01,1,2.76
SKU-0280,Kalkulator naukowy Advanced,Artykuły biurowe,2025-04-01,1,2.63
SKU-0280,Kalkulator naukowy Advanced,Artykuły biurowe,2025-05-01,1,2.73
SKU-0280,Kalkulator naukowy Advanced,Artykuły biurowe,2025-06-01,1,2.51
SKU-0280,Kalkulator naukowy Advanced,Artykuły biurowe,2025-07-01,1,2.55
SKU-0280,Kalkulator naukowy Advanced,Artykuły biurowe,2025-08-01,2,2.68
SKU-0280,Kalkulator naukowy Advanced,Artykuły biurowe,2025-09-01,2,2.67
SKU-0280,Kalkulator naukowy Advanced,Artykuły biurowe,2025-10-01,2,2.53
SKU-0280,Kalkulator naukowy Advanced,Artykuły biurowe,2025-11-01,3,2.59
SKU-0280,Kalkulator naukowy Advanced,Artykuły biurowe,2025-12-01,2,2.62
SKU-0280,Kalkulator naukowy Advanced,Artykuły biurowe,2026-01-01,2,2.58
SKU-0280,Kalkulator naukowy Advanced,Artykuły biurowe,2026-02-01,1,2.75
SKU-0280,Kalkulator naukowy Advanced,Artykuły biurowe,2026-03-01,1,2.64
SKU-0280,Kalkulator naukowy Advanced,Artykuły biurowe,2026-04-01,1,2.56
SKU-0280,Kalkulator naukowy Advanced,Artykuły biurowe,2026-05-01,0,2.61
SKU-0280,Kalkulator naukowy Advanced,Artykuły biurowe,2026-06-01,1,2.77
SKU-0280,Kalkulator naukowy Advanced,Artykuły biurowe,2026-07-01,1,2.71
SKU-0281,Projektor LED Classic,RTV,2024-08-01,12,1554.38
SKU-0281,Projektor LED Classic,RTV,2024-09-01,11,1562.35
SKU-0281,Projektor LED Classic,RTV,2024-10-01,12,1511.12
SKU-0281,Projektor LED Classic,RTV,2024-11-01,11,1511.1
SKU-0281,Projektor LED Classic,RTV,2024-12-01,12,1611.86
SKU-0281,Projektor LED Classic,RTV,2025-01-01,11,1618.94
SKU-0281,Projektor LED Classic,RTV,2025-02-01,11,1626.8
SKU-0281,Projektor LED Classic,RTV,2025-03-01,12,1569.37
SKU-0281,Projektor LED Classic,RTV,2025-04-01,12,1576.39
SKU-0281,Projektor LED Classic,RTV,2025-05-01,14,1595.93
SKU-0281,Projektor LED Classic,RTV,2025-06-01,10,1608.04
SKU-0281,Projektor LED Classic,RTV,2025-07-01,13,1614.71
SKU-0281,Projektor LED Classic,RTV,2025-08-01,14,1542.41
SKU-0281,Projektor LED Classic,RTV,2025-09-01,13,1494.01
SKU-0281,Projektor LED Classic,RTV,2025-10-01,14,1582.62
SKU-0281,Projektor LED Classic,RTV,2025-11-01,13,1501.05
SKU-0281,Projektor LED Classic,RTV,2025-12-01,14,1615.3
SKU-0281,Projektor LED Classic,RTV,2026-01-01,14,1574.75
SKU-0281,Projektor LED Classic,RTV,2026-02-01,15,1508.28
SKU-0281,Projektor LED Classic,RTV,2026-03-01,15,1626.58
SKU-0281,Projektor LED Classic,RTV,2026-04-01,17,1626.41
SKU-0281,Projektor LED Classic,RTV,2026-05-01,17,1623.47
SKU-0281,Projektor LED Classic,RTV,2026-06-01,14,1582.6
SKU-0281,Projektor LED Classic,RTV,2026-07-01,16,1584.6
SKU-0282,Oliwa z oliwek 500ml Compact,Spożywcze,2024-08-01,1,41.99
SKU-0282,Oliwa z oliwek 500ml Compact,Spożywcze,2024-09-01,2,39.57
SKU-0282,Oliwa z oliwek 500ml Compact,Spożywcze,2024-10-01,0,40.29
SKU-0282,Oliwa z oliwek 500ml Compact,Spożywcze,2024-11-01,1,42.23
SKU-0282,Oliwa z oliwek 500ml Compact,Spożywcze,2024-12-01,5,40.53
SKU-0282,Oliwa z oliwek 500ml Compact,Spożywcze,2025-01-01,2,40.6
SKU-0282,Oliwa z oliwek 500ml Compact,Spożywcze,2025-02-01,3,41.59
SKU-0282,Oliwa z oliwek 500ml Compact,Spożywcze,2025-03-01,0,40.96
SKU-0282,Oliwa z oliwek 500ml Compact,Spożywcze,2025-04-01,1,40.32
SKU-0282,Oliwa z oliwek 500ml Compact,Spożywcze,2025-05-01,0,40.05
SKU-0282,Oliwa z oliwek 500ml Compact,Spożywcze,2025-06-01,3,40.56
SKU-0282,Oliwa z oliwek 500ml Compact,Spożywcze,2025-07-01,3,39.53
SKU-0282,Oliwa z oliwek 500ml Compact,Spożywcze,2025-08-01,2,40.0
SKU-0282,Oliwa z oliwek 500ml Compact,Spożywcze,2025-09-01,3,41.23
SKU-0282,Oliwa z oliwek 500ml Compact,Spożywcze,2025-10-01,0,39.07
SKU-0282,Oliwa z oliwek 500ml Compact,Spożywcze,2025-11-01,0,41.71
SKU-0282,Oliwa z oliwek 500ml Compact,Spożywcze,2025-12-01,2,42.48
SKU-0282,Oliwa z oliwek 500ml Compact,Spożywcze,2026-01-01,0,41.93
SKU-0282,Oliwa z oliwek 500ml Compact,Spożywcze,2026-02-01,2,41.79
SKU-0282,Oliwa z oliwek 500ml Compact,Spożywcze,2026-03-01,2,40.66
SKU-0282,Oliwa z oliwek 500ml Compact,Spożywcze,2026-04-01,0,40.37
SKU-0282,Oliwa z oliwek 500ml Compact,Spożywcze,2026-05-01,3,40.67
SKU-0282,Oliwa z oliwek 500ml Compact,Spożywcze,2026-06-01,0,40.22
SKU-0282,Oliwa z oliwek 500ml Compact,Spożywcze,2026-07-01,5,42.59
SKU-0283,Klapki basenowe Plus,Obuwie,2024-08-01,2,176.2
SKU-0283,Klapki basenowe Plus,Obuwie,2024-09-01,1,181.6
SKU-0283,Klapki basenowe Plus,Obuwie,2024-10-01,1,189.23
SKU-0283,Klapki basenowe Plus,Obuwie,2024-11-01,0,184.26
SKU-0283,Klapki basenowe Plus,Obuwie,2024-12-01,0,186.33
SKU-0283,Klapki basenowe Plus,Obuwie,2025-01-01,1,182.64
SKU-0283,Klapki basenowe Plus,Obuwie,2025-02-01,1,182.31
SKU-0283,Klapki basenowe Plus,Obuwie,2025-03-01,3,172.42
SKU-0283,Klapki basenowe Plus,Obuwie,2025-04-01,2,183.09
SKU-0283,Klapki basenowe Plus,Obuwie,2025-05-01,4,179.79
SKU-0283,Klapki basenowe Plus,Obuwie,2025-06-01,4,189.24
SKU-0283,Klapki basenowe Plus,Obuwie,2025-07-01,2,185.21
SKU-0283,Klapki basenowe Plus,Obuwie,2025-08-01,2,177.77
SKU-0283,Klapki basenowe Plus,Obuwie,2025-09-01,1,176.87
SKU-0283,Klapki basenowe Plus,Obuwie,2025-10-01,1,179.2
SKU-0283,Klapki basenowe Plus,Obuwie,2025-11-01,0,176.1
SKU-0283,Klapki basenowe Plus,Obuwie,2025-12-01,0,176.47
SKU-0283,Klapki basenowe Plus,Obuwie,2026-01-01,1,175.6
SKU-0283,Klapki basenowe Plus,Obuwie,2026-02-01,2,180.15
SKU-0283,Klapki basenowe Plus,Obuwie,2026-03-01,2,175.79
SKU-0283,Klapki basenowe Plus,Obuwie,2026-04-01,3,187.56
SKU-0283,Klapki basenowe Plus,Obuwie,2026-05-01,4,184.92
SKU-0283,Klapki basenowe Plus,Obuwie,2026-06-01,3,188.45
SKU-0283,Klapki basenowe Plus,Obuwie,2026-07-01,3,175.18
SKU-0284,Szlifierka kątowa Pro,Narzędzia,2024-08-01,3,291.66
SKU-0284,Szlifierka kątowa Pro,Narzędzia,2024-09-01,7,283.21
SKU-0284,Szlifierka kątowa Pro,Narzędzia,2024-10-01,9,297.26
SKU-0284,Szlifierka kątowa Pro,Narzędzia,2024-11-01,7,279.05
SKU-0284,Szlifierka kątowa Pro,Narzędzia,2024-12-01,17,298.44
SKU-0284,Szlifierka kątowa Pro,Narzędzia,2025-01-01,15,304.06
SKU-0284,Szlifierka kątowa Pro,Narzędzia,2025-02-01,6,297.48
SKU-0284,Szlifierka kątowa Pro,Narzędzia,2025-03-01,9,303.94
SKU-0284,Szlifierka kątowa Pro,Narzędzia,2025-04-01,8,301.12
SKU-0284,Szlifierka kątowa Pro,Narzędzia,2025-05-01,3,285.13
SKU-0284,Szlifierka kątowa Pro,Narzędzia,2025-06-01,1,285.6
SKU-0284,Szlifierka kątowa Pro,Narzędzia,2025-07-01,2,302.61
SKU-0284,Szlifierka kątowa Pro,Narzędzia,2025-08-01,6,278.71
SKU-0284,Szlifierka kątowa Pro,Narzędzia,2025-09-01,10,292.85
SKU-0284,Szlifierka kątowa Pro,Narzędzia,2025-10-01,11,296.12
SKU-0284,Szlifierka kątowa Pro,Narzędzia,2025-11-01,16,300.08
SKU-0284,Szlifierka kątowa Pro,Narzędzia,2025-12-01,25,285.31
SKU-0284,Szlifierka kątowa Pro,Narzędzia,2026-01-01,24,301.62
SKU-0284,Szlifierka kątowa Pro,Narzędzia,2026-02-01,23,293.91
SKU-0284,Szlifierka kątowa Pro,Narzędzia,2026-03-01,14,305.42
SKU-0284,Szlifierka kątowa Pro,Narzędzia,2026-04-01,9,282.13
SKU-0284,Szlifierka kątowa Pro,Narzędzia,2026-05-01,4,301.89
SKU-0284,Szlifierka kątowa Pro,Narzędzia,2026-06-01,1,288.97
SKU-0284,Szlifierka kątowa Pro,Narzędzia,2026-07-01,2,290.8
SKU-0285,Router Wi-Fi Pro,Elektronika,2024-08-01,22,315.67
SKU-0285,Router Wi-Fi Pro,Elektronika,2024-09-01,31,335.99
SKU-0285,Router Wi-Fi Pro,Elektronika,2024-10-01,30,318.56
SKU-0285,Router Wi-Fi Pro,Elektronika,2024-11-01,36,333.82
SKU-0285,Router Wi-Fi Pro,Elektronika,2024-12-01,86,327.44
SKU-0285,Router Wi-Fi Pro,Elektronika,2025-01-01,64,316.63
SKU-0285,Router Wi-Fi Pro,Elektronika,2025-02-01,79,318.39
SKU-0285,Router Wi-Fi Pro,Elektronika,2025-03-01,40,317.54
SKU-0285,Router Wi-Fi Pro,Elektronika,2025-04-01,26,334.88
SKU-0285,Router Wi-Fi Pro,Elektronika,2025-05-01,27,334.06
SKU-0285,Router Wi-Fi Pro,Elektronika,2025-06-01,20,305.91
SKU-0285,Router Wi-Fi Pro,Elektronika,2025-07-01,9,319.29
SKU-0285,Router Wi-Fi Pro,Elektronika,2025-08-01,14,313.31
SKU-0285,Router Wi-Fi Pro,Elektronika,2025-09-01,30,324.33
SKU-0285,Router Wi-Fi Pro,Elektronika,2025-10-01,21,317.0
SKU-0285,Router Wi-Fi Pro,Elektronika,2025-11-01,43,312.58
SKU-0285,Router Wi-Fi Pro,Elektronika,2025-12-01,59,336.99
SKU-0285,Router Wi-Fi Pro,Elektronika,2026-01-01,65,327.01
SKU-0285,Router Wi-Fi Pro,Elektronika,2026-02-01,64,306.23
SKU-0285,Router Wi-Fi Pro,Elektronika,2026-03-01,25,333.88
SKU-0285,Router Wi-Fi Pro,Elektronika,2026-04-01,35,310.82
SKU-0285,Router Wi-Fi Pro,Elektronika,2026-05-01,19,318.67
SKU-0285,Router Wi-Fi Pro,Elektronika,2026-06-01,16,323.17
SKU-0285,Router Wi-Fi Pro,Elektronika,2026-07-01,13,330.34
SKU-0286,Kabel USB-C XL,Elektronika,2024-08-01,1,357.05
SKU-0286,Kabel USB-C XL,Elektronika,2024-09-01,0,374.72
SKU-0286,Kabel USB-C XL,Elektronika,2024-10-01,1,370.66
SKU-0286,Kabel USB-C XL,Elektronika,2024-11-01,1,379.46
SKU-0286,Kabel USB-C XL,Elektronika,2024-12-01,1,370.65
SKU-0286,Kabel USB-C XL,Elektronika,2025-01-01,4,350.14
SKU-0286,Kabel USB-C XL,Elektronika,2025-02-01,4,364.72
SKU-0286,Kabel USB-C XL,Elektronika,2025-03-01,5,355.49
SKU-0286,Kabel USB-C XL,Elektronika,2025-04-01,5,360.77
SKU-0286,Kabel USB-C XL,Elektronika,2025-05-01,4,355.44
SKU-0286,Kabel USB-C XL,Elektronika,2025-06-01,2,347.21
SKU-0286,Kabel USB-C XL,Elektronika,2025-07-01,2,374.95
SKU-0286,Kabel USB-C XL,Elektronika,2025-08-01,0,370.99
SKU-0286,Kabel USB-C XL,Elektronika,2025-09-01,0,352.21
SKU-0286,Kabel USB-C XL,Elektronika,2025-10-01,1,374.61
SKU-0286,Kabel USB-C XL,Elektronika,2025-11-01,2,354.26
SKU-0286,Kabel USB-C XL,Elektronika,2025-12-01,2,347.7
SKU-0286,Kabel USB-C XL,Elektronika,2026-01-01,3,377.95
SKU-0286,Kabel USB-C XL,Elektronika,2026-02-01,5,367.5
SKU-0286,Kabel USB-C XL,Elektronika,2026-03-01,4,349.16
SKU-0286,Kabel USB-C XL,Elektronika,2026-04-01,7,368.63
SKU-0286,Kabel USB-C XL,Elektronika,2026-05-01,5,364.36
SKU-0286,Kabel USB-C XL,Elektronika,2026-06-01,4,366.81
SKU-0286,Kabel USB-C XL,Elektronika,2026-07-01,2,353.13
SKU-0287,Krem nawilżający Pro,Kosmetyki,2024-08-01,2,79.73
SKU-0287,Krem nawilżający Pro,Kosmetyki,2024-09-01,2,76.22
SKU-0287,Krem nawilżający Pro,Kosmetyki,2024-10-01,3,77.91
SKU-0287,Krem nawilżający Pro,Kosmetyki,2024-11-01,4,80.22
SKU-0287,Krem nawilżający Pro,Kosmetyki,2024-12-01,4,79.33
SKU-0287,Krem nawilżający Pro,Kosmetyki,2025-01-01,5,78.87
SKU-0287,Krem nawilżający Pro,Kosmetyki,2025-02-01,8,80.53
SKU-0287,Krem nawilżający Pro,Kosmetyki,2025-03-01,5,77.93
SKU-0287,Krem nawilżający Pro,Kosmetyki,2025-04-01,5,83.26
SKU-0287,Krem nawilżający Pro,Kosmetyki,2025-05-01,4,81.86
SKU-0287,Krem nawilżający Pro,Kosmetyki,2025-06-01,3,82.5
SKU-0287,Krem nawilżający Pro,Kosmetyki,2025-07-01,2,77.85
SKU-0287,Krem nawilżający Pro,Kosmetyki,2025-08-01,2,81.54
SKU-0287,Krem nawilżający Pro,Kosmetyki,2025-09-01,2,79.57
SKU-0287,Krem nawilżający Pro,Kosmetyki,2025-10-01,3,81.99
SKU-0287,Krem nawilżający Pro,Kosmetyki,2025-11-01,5,75.77
SKU-0287,Krem nawilżający Pro,Kosmetyki,2025-12-01,6,77.41
SKU-0287,Krem nawilżający Pro,Kosmetyki,2026-01-01,5,81.48
SKU-0287,Krem nawilżający Pro,Kosmetyki,2026-02-01,7,81.32
SKU-0287,Krem nawilżający Pro,Kosmetyki,2026-03-01,8,77.8
SKU-0287,Krem nawilżający Pro,Kosmetyki,2026-04-01,5,79.1
SKU-0287,Krem nawilżający Pro,Kosmetyki,2026-05-01,5,76.35
SKU-0287,Krem nawilżający Pro,Kosmetyki,2026-06-01,4,79.68
SKU-0287,Krem nawilżający Pro,Kosmetyki,2026-07-01,2,78.39
SKU-0288,Stolik kawowy,Meble,2024-08-01,11,838.91
SKU-0288,Stolik kawowy,Meble,2024-09-01,11,859.04
SKU-0288,Stolik kawowy,Meble,2024-10-01,11,835.45
SKU-0288,Stolik kawowy,Meble,2024-11-01,10,882.44
SKU-0288,Stolik kawowy,Meble,2024-12-01,11,853.82
SKU-0288,Stolik kawowy,Meble,2025-01-01,11,875.8
SKU-0288,Stolik kawowy,Meble,2025-02-01,11,865.85
SKU-0288,Stolik kawowy,Meble,2025-03-01,12,874.06
SKU-0288,Stolik kawowy,Meble,2025-04-01,11,843.38
SKU-0288,Stolik kawowy,Meble,2025-05-01,11,813.79
SKU-0288,Stolik kawowy,Meble,2025-06-01,10,824.76
SKU-0288,Stolik kawowy,Meble,2025-07-01,10,858.92
SKU-0288,Stolik kawowy,Meble,2025-08-01,10,841.23
SKU-0288,Stolik kawowy,Meble,2025-09-01,9,802.39
SKU-0288,Stolik kawowy,Meble,2025-10-01,10,868.41
SKU-0288,Stolik kawowy,Meble,2025-11-01,11,803.84
SKU-0288,Stolik kawowy,Meble,2025-12-01,9,823.97
SKU-0288,Stolik kawowy,Meble,2026-01-01,10,835.45
SKU-0288,Stolik kawowy,Meble,2026-02-01,9,831.19
SKU-0288,Stolik kawowy,Meble,2026-03-01,10,841.72
SKU-0288,Stolik kawowy,Meble,2026-04-01,10,816.04
SKU-0288,Stolik kawowy,Meble,2026-05-01,10,844.92
SKU-0288,Stolik kawowy,Meble,2026-06-01,10,803.42
SKU-0288,Stolik kawowy,Meble,2026-07-01,10,844.61
SKU-0289,Kamera IP Eco,Elektronika,2024-08-01,3,54.38
SKU-0289,Kamera IP Eco,Elektronika,2024-09-01,3,55.43
SKU-0289,Kamera IP Eco,Elektronika,2024-10-01,3,54.45
SKU-0289,Kamera IP Eco,Elektronika,2024-11-01,3,58.58
SKU-0289,Kamera IP Eco,Elektronika,2024-12-01,3,57.98
SKU-0289,Kamera IP Eco,Elektronika,2025-01-01,3,54.65
SKU-0289,Kamera IP Eco,Elektronika,2025-02-01,3,54.49
SKU-0289,Kamera IP Eco,Elektronika,2025-03-01,4,58.03
SKU-0289,Kamera IP Eco,Elektronika,2025-04-01,4,56.66
SKU-0289,Kamera IP Eco,Elektronika,2025-05-01,3,55.28
SKU-0289,Kamera IP Eco,Elektronika,2025-06-01,3,58.35
SKU-0289,Kamera IP Eco,Elektronika,2025-07-01,3,58.6
SKU-0289,Kamera IP Eco,Elektronika,2025-08-01,3,56.69
SKU-0289,Kamera IP Eco,Elektronika,2025-09-01,3,58.04
SKU-0289,Kamera IP Eco,Elektronika,2025-10-01,4,54.53
SKU-0289,Kamera IP Eco,Elektronika,2025-11-01,4,53.88
SKU-0289,Kamera IP Eco,Elektronika,2025-12-01,4,54.62
SKU-0289,Kamera IP Eco,Elektronika,2026-01-01,4,56.94
SKU-0289,Kamera IP Eco,Elektronika,2026-02-01,4,55.45
SKU-0289,Kamera IP Eco,Elektronika,2026-03-01,3,58.68
SKU-0289,Kamera IP Eco,Elektronika,2026-04-01,3,58.6
SKU-0289,Kamera IP Eco,Elektronika,2026-05-01,3,57.13
SKU-0289,Kamera IP Eco,Elektronika,2026-06-01,4,55.64
SKU-0289,Kamera IP Eco,Elektronika,2026-07-01,4,54.98
SKU-0290,Buty trekkingowe Mini,Obuwie,2024-08-01,47,94.55
SKU-0290,Buty trekkingowe Mini,Obuwie,2024-09-01,44,97.39
SKU-0290,Buty trekkingowe Mini,Obuwie,2024-10-01,55,95.92
SKU-0290,Buty trekkingowe Mini,Obuwie,2024-11-01,46,95.56
SKU-0290,Buty trekkingowe Mini,Obuwie,2024-12-01,54,97.39
SKU-0290,Buty trekkingowe Mini,Obuwie,2025-01-01,50,99.32
SKU-0290,Buty trekkingowe Mini,Obuwie,2025-02-01,42,93.98
SKU-0290,Buty trekkingowe Mini,Obuwie,2025-03-01,55,101.17
SKU-0290,Buty trekkingowe Mini,Obuwie,2025-04-01,58,95.19
SKU-0290,Buty trekkingowe Mini,Obuwie,2025-05-01,57,96.38
SKU-0290,Buty trekkingowe Mini,Obuwie,2025-06-01,52,97.89
SKU-0290,Buty trekkingowe Mini,Obuwie,2025-07-01,57,97.36
SKU-0290,Buty trekkingowe Mini,Obuwie,2025-08-01,59,99.87
SKU-0290,Buty trekkingowe Mini,Obuwie,2025-09-01,66,95.24
SKU-0290,Buty trekkingowe Mini,Obuwie,2025-10-01,66,93.92
SKU-0290,Buty trekkingowe Mini,Obuwie,2025-11-01,56,93.19
SKU-0290,Buty trekkingowe Mini,Obuwie,2025-12-01,57,95.68
SKU-0290,Buty trekkingowe Mini,Obuwie,2026-01-01,68,97.75
SKU-0290,Buty trekkingowe Mini,Obuwie,2026-02-01,69,92.77
SKU-0290,Buty trekkingowe Mini,Obuwie,2026-03-01,62,95.44
SKU-0290,Buty trekkingowe Mini,Obuwie,2026-04-01,62,100.0
SKU-0290,Buty trekkingowe Mini,Obuwie,2026-05-01,54,96.83
SKU-0290,Buty trekkingowe Mini,Obuwie,2026-06-01,51,100.83
SKU-0290,Buty trekkingowe Mini,Obuwie,2026-07-01,67,92.54
SKU-0291,Maseczka do twarzy Classic,Kosmetyki,2024-08-01,25,38.83
SKU-0291,Maseczka do twarzy Classic,Kosmetyki,2024-09-01,29,39.41
SKU-0291,Maseczka do twarzy Classic,Kosmetyki,2024-10-01,32,38.92
SKU-0291,Maseczka do twarzy Classic,Kosmetyki,2024-11-01,20,36.52
SKU-0291,Maseczka do twarzy Classic,Kosmetyki,2024-12-01,21,38.1
SKU-0291,Maseczka do twarzy Classic,Kosmetyki,2025-01-01,22,38.54
SKU-0291,Maseczka do twarzy Classic,Kosmetyki,2025-02-01,11,38.31
SKU-0291,Maseczka do twarzy Classic,Kosmetyki,2025-03-01,9,36.99
SKU-0291,Maseczka do twarzy Classic,Kosmetyki,2025-04-01,8,36.88
SKU-0291,Maseczka do twarzy Classic,Kosmetyki,2025-05-01,10,38.61
SKU-0291,Maseczka do twarzy Classic,Kosmetyki,2025-06-01,21,36.35
SKU-0291,Maseczka do twarzy Classic,Kosmetyki,2025-07-01,23,37.11
SKU-0291,Maseczka do twarzy Classic,Kosmetyki,2025-08-01,25,38.74
SKU-0291,Maseczka do twarzy Classic,Kosmetyki,2025-09-01,37,36.61
SKU-0291,Maseczka do twarzy Classic,Kosmetyki,2025-10-01,28,38.17
SKU-0291,Maseczka do twarzy Classic,Kosmetyki,2025-11-01,35,39.16
SKU-0291,Maseczka do twarzy Classic,Kosmetyki,2025-12-01,31,37.87
SKU-0291,Maseczka do twarzy Classic,Kosmetyki,2026-01-01,29,39.23
SKU-0291,Maseczka do twarzy Classic,Kosmetyki,2026-02-01,13,36.17
SKU-0291,Maseczka do twarzy Classic,Kosmetyki,2026-03-01,9,37.4
SKU-0291,Maseczka do twarzy Classic,Kosmetyki,2026-04-01,10,37.22
SKU-0291,Maseczka do twarzy Classic,Kosmetyki,2026-05-01,13,38.1
SKU-0291,Maseczka do twarzy Classic,Kosmetyki,2026-06-01,19,38.15
SKU-0291,Maseczka do twarzy Classic,Kosmetyki,2026-07-01,37,36.45
SKU-0292,Żel pod prysznic Premium,Kosmetyki,2024-08-01,43,98.07
SKU-0292,Żel pod prysznic Premium,Kosmetyki,2024-09-01,47,98.44
SKU-0292,Żel pod prysznic Premium,Kosmetyki,2024-10-01,98,94.34
SKU-0292,Żel pod prysznic Premium,Kosmetyki,2024-11-01,96,95.55
SKU-0292,Żel pod prysznic Premium,Kosmetyki,2024-12-01,74,92.5
SKU-0292,Żel pod prysznic Premium,Kosmetyki,2025-01-01,52,94.9
SKU-0292,Żel pod prysznic Premium,Kosmetyki,2025-02-01,48,98.4
SKU-0292,Żel pod prysznic Premium,Kosmetyki,2025-03-01,29,93.3
SKU-0292,Żel pod prysznic Premium,Kosmetyki,2025-04-01,15,99.01
SKU-0292,Żel pod prysznic Premium,Kosmetyki,2025-05-01,15,97.76
SKU-0292,Żel pod prysznic Premium,Kosmetyki,2025-06-01,22,99.48
SKU-0292,Żel pod prysznic Premium,Kosmetyki,2025-07-01,38,98.89
SKU-0292,Żel pod prysznic Premium,Kosmetyki,2025-08-01,82,93.68
SKU-0292,Żel pod prysznic Premium,Kosmetyki,2025-09-01,107,99.16
SKU-0292,Żel pod prysznic Premium,Kosmetyki,2025-10-01,87,90.65
SKU-0292,Żel pod prysznic Premium,Kosmetyki,2025-11-01,93,93.39
SKU-0292,Żel pod prysznic Premium,Kosmetyki,2025-12-01,124,93.38
SKU-0292,Żel pod prysznic Premium,Kosmetyki,2026-01-01,74,96.65
SKU-0292,Żel pod prysznic Premium,Kosmetyki,2026-02-01,62,91.95
SKU-0292,Żel pod prysznic Premium,Kosmetyki,2026-03-01,36,93.51
SKU-0292,Żel pod prysznic Premium,Kosmetyki,2026-04-01,23,96.28
SKU-0292,Żel pod prysznic Premium,Kosmetyki,2026-05-01,17,90.62
SKU-0292,Żel pod prysznic Premium,Kosmetyki,2026-06-01,40,95.28
SKU-0292,Żel pod prysznic Premium,Kosmetyki,2026-07-01,54,92.2
SKU-0293,Gra planszowa Premium,Zabawki,2024-08-01,69,195.75
SKU-0293,Gra planszowa Premium,Zabawki,2024-09-01,40,204.57
SKU-0293,Gra planszowa Premium,Zabawki,2024-10-01,32,210.62
SKU-0293,Gra planszowa Premium,Zabawki,2024-11-01,0,210.32
SKU-0293,Gra planszowa Premium,Zabawki,2024-12-01,22,209.23
SKU-0293,Gra planszowa Premium,Zabawki,2025-01-01,0,194.41
SKU-0293,Gra planszowa Premium,Zabawki,2025-02-01,20,195.31
SKU-0293,Gra planszowa Premium,Zabawki,2025-03-01,0,206.39
SKU-0293,Gra planszowa Premium,Zabawki,2025-04-01,155,203.69
SKU-0293,Gra planszowa Premium,Zabawki,2025-05-01,0,203.14
SKU-0293,Gra planszowa Premium,Zabawki,2025-06-01,55,196.25
SKU-0293,Gra planszowa Premium,Zabawki,2025-07-01,0,197.01
SKU-0293,Gra planszowa Premium,Zabawki,2025-08-01,34,199.74
SKU-0293,Gra planszowa Premium,Zabawki,2025-09-01,22,205.8
SKU-0293,Gra planszowa Premium,Zabawki,2025-10-01,50,208.66
SKU-0293,Gra planszowa Premium,Zabawki,2025-11-01,48,197.24
SKU-0293,Gra planszowa Premium,Zabawki,2025-12-01,85,212.38
SKU-0293,Gra planszowa Premium,Zabawki,2026-01-01,0,201.47
SKU-0293,Gra planszowa Premium,Zabawki,2026-02-01,66,193.18
SKU-0293,Gra planszowa Premium,Zabawki,2026-03-01,83,211.51
SKU-0293,Gra planszowa Premium,Zabawki,2026-04-01,0,210.65
SKU-0293,Gra planszowa Premium,Zabawki,2026-05-01,60,194.73
SKU-0293,Gra planszowa Premium,Zabawki,2026-06-01,45,208.38
SKU-0293,Gra planszowa Premium,Zabawki,2026-07-01,49,211.95
SKU-0294,Projektor LED XL,RTV,2024-08-01,253,810.15
SKU-0294,Projektor LED XL,RTV,2024-09-01,83,754.83
SKU-0294,Projektor LED XL,RTV,2024-10-01,146,764.48
SKU-0294,Projektor LED XL,RTV,2024-11-01,58,747.34
SKU-0294,Projektor LED XL,RTV,2024-12-01,166,808.89
SKU-0294,Projektor LED XL,RTV,2025-01-01,122,794.45
SKU-0294,Projektor LED XL,RTV,2025-02-01,0,759.26
SKU-0294,Projektor LED XL,RTV,2025-03-01,25,764.81
SKU-0294,Projektor LED XL,RTV,2025-04-01,0,742.74
SKU-0294,Projektor LED XL,RTV,2025-05-01,0,741.48
SKU-0294,Projektor LED XL,RTV,2025-06-01,209,767.03
SKU-0294,Projektor LED XL,RTV,2025-07-01,152,754.27
SKU-0294,Projektor LED XL,RTV,2025-08-01,109,783.52
SKU-0294,Projektor LED XL,RTV,2025-09-01,27,741.4
SKU-0294,Projektor LED XL,RTV,2025-10-01,0,804.71
SKU-0294,Projektor LED XL,RTV,2025-11-01,0,744.39
SKU-0294,Projektor LED XL,RTV,2025-12-01,57,778.75
SKU-0294,Projektor LED XL,RTV,2026-01-01,66,767.98
SKU-0294,Projektor LED XL,RTV,2026-02-01,0,751.94
SKU-0294,Projektor LED XL,RTV,2026-03-01,63,741.73
SKU-0294,Projektor LED XL,RTV,2026-04-01,104,764.74
SKU-0294,Projektor LED XL,RTV,2026-05-01,121,773.58
SKU-0294,Projektor LED XL,RTV,2026-06-01,19,759.58
SKU-0294,Projektor LED XL,RTV,2026-07-01,46,764.18
SKU-0295,Bluza z kapturem Advanced,Odzież,2024-08-01,20,101.88
SKU-0295,Bluza z kapturem Advanced,Odzież,2024-09-01,18,96.04
SKU-0295,Bluza z kapturem Advanced,Odzież,2024-10-01,23,100.08
SKU-0295,Bluza z kapturem Advanced,Odzież,2024-11-01,21,94.7
SKU-0295,Bluza z kapturem Advanced,Odzież,2024-12-01,19,96.54
SKU-0295,Bluza z kapturem Advanced,Odzież,2025-01-01,22,98.9
SKU-0295,Bluza z kapturem Advanced,Odzież,2025-02-01,23,101.39
SKU-0295,Bluza z kapturem Advanced,Odzież,2025-03-01,22,102.6
SKU-0295,Bluza z kapturem Advanced,Odzież,2025-04-01,24,96.6
SKU-0295,Bluza z kapturem Advanced,Odzież,2025-05-01,25,99.22
SKU-0295,Bluza z kapturem Advanced,Odzież,2025-06-01,22,98.62
SKU-0295,Bluza z kapturem Advanced,Odzież,2025-07-01,26,102.28
SKU-0295,Bluza z kapturem Advanced,Odzież,2025-08-01,24,98.57
SKU-0295,Bluza z kapturem Advanced,Odzież,2025-09-01,22,94.27
SKU-0295,Bluza z kapturem Advanced,Odzież,2025-10-01,23,97.46
SKU-0295,Bluza z kapturem Advanced,Odzież,2025-11-01,26,101.1
SKU-0295,Bluza z kapturem Advanced,Odzież,2025-12-01,23,101.28
SKU-0295,Bluza z kapturem Advanced,Odzież,2026-01-01,27,95.09
SKU-0295,Bluza z kapturem Advanced,Odzież,2026-02-01,25,94.72
SKU-0295,Bluza z kapturem Advanced,Odzież,2026-03-01,26,99.74
SKU-0295,Bluza z kapturem Advanced,Odzież,2026-04-01,27,101.78
SKU-0295,Bluza z kapturem Advanced,Odzież,2026-05-01,23,98.21
SKU-0295,Bluza z kapturem Advanced,Odzież,2026-06-01,27,98.13
SKU-0295,Bluza z kapturem Advanced,Odzież,2026-07-01,29,100.81
SKU-0296,Namiot turystyczny Classic,Sport i rekreacja,2024-08-01,10,325.21
SKU-0296,Namiot turystyczny Classic,Sport i rekreacja,2024-09-01,11,320.88
SKU-0296,Namiot turystyczny Classic,Sport i rekreacja,2024-10-01,10,342.11
SKU-0296,Namiot turystyczny Classic,Sport i rekreacja,2024-11-01,14,335.28
SKU-0296,Namiot turystyczny Classic,Sport i rekreacja,2024-12-01,11,331.26
SKU-0296,Namiot turystyczny Classic,Sport i rekreacja,2025-01-01,14,340.25
SKU-0296,Namiot turystyczny Classic,Sport i rekreacja,2025-02-01,12,326.68
SKU-0296,Namiot turystyczny Classic,Sport i rekreacja,2025-03-01,12,344.94
SKU-0296,Namiot turystyczny Classic,Sport i rekreacja,2025-04-01,11,326.43
SKU-0296,Namiot turystyczny Classic,Sport i rekreacja,2025-05-01,12,327.4
SKU-0296,Namiot turystyczny Classic,Sport i rekreacja,2025-06-01,12,332.58
SKU-0296,Namiot turystyczny Classic,Sport i rekreacja,2025-07-01,11,339.8
SKU-0296,Namiot turystyczny Classic,Sport i rekreacja,2025-08-01,11,336.72
SKU-0296,Namiot turystyczny Classic,Sport i rekreacja,2025-09-01,14,333.31
SKU-0296,Namiot turystyczny Classic,Sport i rekreacja,2025-10-01,13,328.99
SKU-0296,Namiot turystyczny Classic,Sport i rekreacja,2025-11-01,15,341.87
SKU-0296,Namiot turystyczny Classic,Sport i rekreacja,2025-12-01,16,333.35
SKU-0296,Namiot turystyczny Classic,Sport i rekreacja,2026-01-01,14,323.12
SKU-0296,Namiot turystyczny Classic,Sport i rekreacja,2026-02-01,13,341.37
SKU-0296,Namiot turystyczny Classic,Sport i rekreacja,2026-03-01,16,328.42
SKU-0296,Namiot turystyczny Classic,Sport i rekreacja,2026-04-01,13,327.4
SKU-0296,Namiot turystyczny Classic,Sport i rekreacja,2026-05-01,12,333.41
SKU-0296,Namiot turystyczny Classic,Sport i rekreacja,2026-06-01,12,327.0
SKU-0296,Namiot turystyczny Classic,Sport i rekreacja,2026-07-01,12,315.27
SKU-0297,Klocki konstrukcyjne Premium,Zabawki,2024-08-01,3,224.84
SKU-0297,Klocki konstrukcyjne Premium,Zabawki,2024-09-01,4,239.17
SKU-0297,Klocki konstrukcyjne Premium,Zabawki,2024-10-01,14,224.21
SKU-0297,Klocki konstrukcyjne Premium,Zabawki,2024-11-01,24,223.57
SKU-0297,Klocki konstrukcyjne Premium,Zabawki,2024-12-01,49,233.99
SKU-0297,Klocki konstrukcyjne Premium,Zabawki,2025-01-01,69,223.33
SKU-0297,Klocki konstrukcyjne Premium,Zabawki,2025-02-01,40,231.03
SKU-0297,Klocki konstrukcyjne Premium,Zabawki,2025-03-01,41,228.46
SKU-0297,Klocki konstrukcyjne Premium,Zabawki,2025-04-01,56,224.78
SKU-0297,Klocki konstrukcyjne Premium,Zabawki,2025-05-01,30,238.46
SKU-0297,Klocki konstrukcyjne Premium,Zabawki,2025-06-01,19,223.72
SKU-0297,Klocki konstrukcyjne Premium,Zabawki,2025-07-01,7,229.21
SKU-0297,Klocki konstrukcyjne Premium,Zabawki,2025-08-01,3,221.11
SKU-0297,Klocki konstrukcyjne Premium,Zabawki,2025-09-01,5,236.88
SKU-0297,Klocki konstrukcyjne Premium,Zabawki,2025-10-01,8,225.88
SKU-0297,Klocki konstrukcyjne Premium,Zabawki,2025-11-01,31,223.49
SKU-0297,Klocki konstrukcyjne Premium,Zabawki,2025-12-01,58,224.33
SKU-0297,Klocki konstrukcyjne Premium,Zabawki,2026-01-01,51,231.25
SKU-0297,Klocki konstrukcyjne Premium,Zabawki,2026-02-01,72,229.64
SKU-0297,Klocki konstrukcyjne Premium,Zabawki,2026-03-01,89,229.43
SKU-0297,Klocki konstrukcyjne Premium,Zabawki,2026-04-01,64,236.09
SKU-0297,Klocki konstrukcyjne Premium,Zabawki,2026-05-01,39,234.25
SKU-0297,Klocki konstrukcyjne Premium,Zabawki,2026-06-01,21,220.18
SKU-0297,Klocki konstrukcyjne Premium,Zabawki,2026-07-01,10,221.83
SKU-0298,Kosiarka elektryczna,Ogród,2024-08-01,3,410.86
SKU-0298,Kosiarka elektryczna,Ogród,2024-09-01,3,389.14
SKU-0298,Kosiarka elektryczna,Ogród,2024-10-01,4,396.95
SKU-0298,Kosiarka elektryczna,Ogród,2024-11-01,3,417.74
SKU-0298,Kosiarka elektryczna,Ogród,2024-12-01,4,382.82
SKU-0298,Kosiarka elektryczna,Ogród,2025-01-01,3,380.04
SKU-0298,Kosiarka elektryczna,Ogród,2025-02-01,4,399.71
SKU-0298,Kosiarka elektryczna,Ogród,2025-03-01,4,406.86
SKU-0298,Kosiarka elektryczna,Ogród,2025-04-01,4,418.03
SKU-0298,Kosiarka elektryczna,Ogród,2025-05-01,3,386.63
SKU-0298,Kosiarka elektryczna,Ogród,2025-06-01,3,383.08
SKU-0298,Kosiarka elektryczna,Ogród,2025-07-01,3,403.85
SKU-0298,Kosiarka elektryczna,Ogród,2025-08-01,4,403.02
SKU-0298,Kosiarka elektryczna,Ogród,2025-09-01,4,379.08
SKU-0298,Kosiarka elektryczna,Ogród,2025-10-01,4,387.78
SKU-0298,Kosiarka elektryczna,Ogród,2025-11-01,4,418.76
SKU-0298,Kosiarka elektryczna,Ogród,2025-12-01,4,404.51
SKU-0298,Kosiarka elektryczna,Ogród,2026-01-01,4,414.74
SKU-0298,Kosiarka elektryczna,Ogród,2026-02-01,4,415.7
SKU-0298,Kosiarka elektryczna,Ogród,2026-03-01,4,408.17
SKU-0298,Kosiarka elektryczna,Ogród,2026-04-01,4,389.9
SKU-0298,Kosiarka elektryczna,Ogród,2026-05-01,4,395.07
SKU-0298,Kosiarka elektryczna,Ogród,2026-06-01,5,394.15
SKU-0298,Kosiarka elektryczna,Ogród,2026-07-01,4,402.7
SKU-0299,Płyn do spryskiwaczy Eco,Motoryzacja,2024-08-01,14,19.6
SKU-0299,Płyn do spryskiwaczy Eco,Motoryzacja,2024-09-01,17,21.26
SKU-0299,Płyn do spryskiwaczy Eco,Motoryzacja,2024-10-01,20,20.36
SKU-0299,Płyn do spryskiwaczy Eco,Motoryzacja,2024-11-01,4,19.51
SKU-0299,Płyn do spryskiwaczy Eco,Motoryzacja,2024-12-01,0,20.65
SKU-0299,Płyn do spryskiwaczy Eco,Motoryzacja,2025-01-01,0,20.55
SKU-0299,Płyn do spryskiwaczy Eco,Motoryzacja,2025-02-01,0,20.84
SKU-0299,Płyn do spryskiwaczy Eco,Motoryzacja,2025-03-01,1,21.32
SKU-0299,Płyn do spryskiwaczy Eco,Motoryzacja,2025-04-01,0,20.68
SKU-0299,Płyn do spryskiwaczy Eco,Motoryzacja,2025-05-01,10,19.4
SKU-0299,Płyn do spryskiwaczy Eco,Motoryzacja,2025-06-01,11,21.19
SKU-0299,Płyn do spryskiwaczy Eco,Motoryzacja,2025-07-01,0,20.12
SKU-0299,Płyn do spryskiwaczy Eco,Motoryzacja,2025-08-01,11,20.95
SKU-0299,Płyn do spryskiwaczy Eco,Motoryzacja,2025-09-01,7,19.54
SKU-0299,Płyn do spryskiwaczy Eco,Motoryzacja,2025-10-01,0,19.99
SKU-0299,Płyn do spryskiwaczy Eco,Motoryzacja,2025-11-01,8,20.84
SKU-0299,Płyn do spryskiwaczy Eco,Motoryzacja,2025-12-01,7,20.29
SKU-0299,Płyn do spryskiwaczy Eco,Motoryzacja,2026-01-01,10,20.91
SKU-0299,Płyn do spryskiwaczy Eco,Motoryzacja,2026-02-01,5,20.22
SKU-0299,Płyn do spryskiwaczy Eco,Motoryzacja,2026-03-01,0,19.46
SKU-0299,Płyn do spryskiwaczy Eco,Motoryzacja,2026-04-01,2,20.84
SKU-0299,Płyn do spryskiwaczy Eco,Motoryzacja,2026-05-01,0,20.74
SKU-0299,Płyn do spryskiwaczy Eco,Motoryzacja,2026-06-01,8,21.12
SKU-0299,Płyn do spryskiwaczy Eco,Motoryzacja,2026-07-01,1,20.99
SKU-0300,Krzesło biurowe Advanced,Meble,2024-08-01,5,1042.07
SKU-0300,Krzesło biurowe Advanced,Meble,2024-09-01,0,1061.51
SKU-0300,Krzesło biurowe Advanced,Meble,2024-10-01,3,988.84
SKU-0300,Krzesło biurowe Advanced,Meble,2024-11-01,10,1003.66
SKU-0300,Krzesło biurowe Advanced,Meble,2024-12-01,6,986.43
SKU-0300,Krzesło biurowe Advanced,Meble,2025-01-01,0,980.71
SKU-0300,Krzesło biurowe Advanced,Meble,2025-02-01,7,1054.3
SKU-0300,Krzesło biurowe Advanced,Meble,2025-03-01,16,981.37
SKU-0300,Krzesło biurowe Advanced,Meble,2025-04-01,10,1044.97
SKU-0300,Krzesło biurowe Advanced,Meble,2025-05-01,0,993.05
SKU-0300,Krzesło biurowe Advanced,Meble,2025-06-01,0,1007.26
SKU-0300,Krzesło biurowe Advanced,Meble,2025-07-01,7,1017.45
SKU-0300,Krzesło biurowe Advanced,Meble,2025-08-01,0,1034.21
SKU-0300,Krzesło biurowe Advanced,Meble,2025-09-01,8,974.51
SKU-0300,Krzesło biurowe Advanced,Meble,2025-10-01,0,1021.66
SKU-0300,Krzesło biurowe Advanced,Meble,2025-11-01,12,975.95
SKU-0300,Krzesło biurowe Advanced,Meble,2025-12-01,10,992.79
SKU-0300,Krzesło biurowe Advanced,Meble,2026-01-01,18,980.17
SKU-0300,Krzesło biurowe Advanced,Meble,2026-02-01,1,1042.52
SKU-0300,Krzesło biurowe Advanced,Meble,2026-03-01,0,971.48
SKU-0300,Krzesło biurowe Advanced,Meble,2026-04-01,5,1038.32
SKU-0300,Krzesło biurowe Advanced,Meble,2026-05-01,8,1067.77
SKU-0300,Krzesło biurowe Advanced,Meble,2026-06-01,12,1032.15
SKU-0300,Krzesło biurowe Advanced,Meble,2026-07-01,0,1060.94
SKU-0301,Projektor LED Eco,RTV,2024-08-01,53,723.18
SKU-0301,Projektor LED Eco,RTV,2024-09-01,0,716.61
SKU-0301,Projektor LED Eco,RTV,2024-10-01,0,727.68
SKU-0301,Projektor LED Eco,RTV,2024-11-01,231,677.27
SKU-0301,Projektor LED Eco,RTV,2024-12-01,186,681.05
SKU-0301,Projektor LED Eco,RTV,2025-01-01,188,676.18
SKU-0301,Projektor LED Eco,RTV,2025-02-01,258,698.71
SKU-0301,Projektor LED Eco,RTV,2025-03-01,199,710.64
SKU-0301,Projektor LED Eco,RTV,2025-04-01,0,674.19
SKU-0301,Projektor LED Eco,RTV,2025-05-01,88,718.96
SKU-0301,Projektor LED Eco,RTV,2025-06-01,62,692.12
SKU-0301,Projektor LED Eco,RTV,2025-07-01,0,705.23
SKU-0301,Projektor LED Eco,RTV,2025-08-01,104,714.82
SKU-0301,Projektor LED Eco,RTV,2025-09-01,8,692.52
SKU-0301,Projektor LED Eco,RTV,2025-10-01,152,668.05
SKU-0301,Projektor LED Eco,RTV,2025-11-01,80,669.04
SKU-0301,Projektor LED Eco,RTV,2025-12-01,0,674.3
SKU-0301,Projektor LED Eco,RTV,2026-01-01,59,681.28
SKU-0301,Projektor LED Eco,RTV,2026-02-01,107,687.75
SKU-0301,Projektor LED Eco,RTV,2026-03-01,83,712.29
SKU-0301,Projektor LED Eco,RTV,2026-04-01,137,698.54
SKU-0301,Projektor LED Eco,RTV,2026-05-01,0,718.35
SKU-0301,Projektor LED Eco,RTV,2026-06-01,69,711.55
SKU-0301,Projektor LED Eco,RTV,2026-07-01,12,731.74
SKU-0302,Soundbar Compact,RTV,2024-08-01,19,1005.72
SKU-0302,Soundbar Compact,RTV,2024-09-01,19,1025.02
SKU-0302,Soundbar Compact,RTV,2024-10-01,21,1000.46
SKU-0302,Soundbar Compact,RTV,2024-11-01,22,1034.85
SKU-0302,Soundbar Compact,RTV,2024-12-01,25,1015.77
SKU-0302,Soundbar Compact,RTV,2025-01-01,25,1023.09
SKU-0302,Soundbar Compact,RTV,2025-02-01,27,1031.95
SKU-0302,Soundbar Compact,RTV,2025-03-01,23,1052.4
SKU-0302,Soundbar Compact,RTV,2025-04-01,23,1008.07
SKU-0302,Soundbar Compact,RTV,2025-05-01,24,978.01
SKU-0302,Soundbar Compact,RTV,2025-06-01,22,1031.9
SKU-0302,Soundbar Compact,RTV,2025-07-01,27,991.36
SKU-0302,Soundbar Compact,RTV,2025-08-01,21,1041.9
SKU-0302,Soundbar Compact,RTV,2025-09-01,29,962.9
SKU-0302,Soundbar Compact,RTV,2025-10-01,24,1019.62
SKU-0302,Soundbar Compact,RTV,2025-11-01,24,1020.69
SKU-0302,Soundbar Compact,RTV,2025-12-01,27,1011.88
SKU-0302,Soundbar Compact,RTV,2026-01-01,29,1041.09
SKU-0302,Soundbar Compact,RTV,2026-02-01,26,1006.33
SKU-0302,Soundbar Compact,RTV,2026-03-01,25,957.74
SKU-0302,Soundbar Compact,RTV,2026-04-01,27,1020.11
SKU-0302,Soundbar Compact,RTV,2026-05-01,29,984.69
SKU-0302,Soundbar Compact,RTV,2026-06-01,31,1011.64
SKU-0302,Soundbar Compact,RTV,2026-07-01,32,979.01
SKU-0303,Radio kuchenne Eco,RTV,2024-08-01,41,322.32
SKU-0303,Radio kuchenne Eco,RTV,2024-09-01,44,344.48
SKU-0303,Radio kuchenne Eco,RTV,2024-10-01,47,348.74
SKU-0303,Radio kuchenne Eco,RTV,2024-11-01,49,332.79
SKU-0303,Radio kuchenne Eco,RTV,2024-12-01,52,323.61
SKU-0303,Radio kuchenne Eco,RTV,2025-01-01,51,318.05
SKU-0303,Radio kuchenne Eco,RTV,2025-02-01,52,340.88
SKU-0303,Radio kuchenne Eco,RTV,2025-03-01,56,333.85
SKU-0303,Radio kuchenne Eco,RTV,2025-04-01,61,329.9
SKU-0303,Radio kuchenne Eco,RTV,2025-05-01,47,331.27
SKU-0303,Radio kuchenne Eco,RTV,2025-06-01,53,322.64
SKU-0303,Radio kuchenne Eco,RTV,2025-07-01,52,318.27
SKU-0303,Radio kuchenne Eco,RTV,2025-08-01,47,326.76
SKU-0303,Radio kuchenne Eco,RTV,2025-09-01,49,338.98
SKU-0303,Radio kuchenne Eco,RTV,2025-10-01,49,338.27
SKU-0303,Radio kuchenne Eco,RTV,2025-11-01,49,338.96
SKU-0303,Radio kuchenne Eco,RTV,2025-12-01,59,316.81
SKU-0303,Radio kuchenne Eco,RTV,2026-01-01,66,344.24
SKU-0303,Radio kuchenne Eco,RTV,2026-02-01,58,344.19
SKU-0303,Radio kuchenne Eco,RTV,2026-03-01,61,323.41
SKU-0303,Radio kuchenne Eco,RTV,2026-04-01,65,336.71
SKU-0303,Radio kuchenne Eco,RTV,2026-05-01,59,336.89
SKU-0303,Radio kuchenne Eco,RTV,2026-06-01,61,324.64
SKU-0303,Radio kuchenne Eco,RTV,2026-07-01,60,317.4
SKU-0304,Odkurzacz pionowy Classic,AGD,2024-08-01,5,154.92
SKU-0304,Odkurzacz pionowy Classic,AGD,2024-09-01,2,149.74
SKU-0304,Odkurzacz pionowy Classic,AGD,2024-10-01,1,155.4
SKU-0304,Odkurzacz pionowy Classic,AGD,2024-11-01,1,146.93
SKU-0304,Odkurzacz pionowy Classic,AGD,2024-12-01,2,148.35
SKU-0304,Odkurzacz pionowy Classic,AGD,2025-01-01,4,152.35
SKU-0304,Odkurzacz pionowy Classic,AGD,2025-02-01,7,151.77
SKU-0304,Odkurzacz pionowy Classic,AGD,2025-03-01,5,159.31
SKU-0304,Odkurzacz pionowy Classic,AGD,2025-04-01,9,155.65
SKU-0304,Odkurzacz pionowy Classic,AGD,2025-05-01,9,157.79
SKU-0304,Odkurzacz pionowy Classic,AGD,2025-06-01,6,157.41
SKU-0304,Odkurzacz pionowy Classic,AGD,2025-07-01,6,148.66
SKU-0304,Odkurzacz pionowy Classic,AGD,2025-08-01,3,147.79
SKU-0304,Odkurzacz pionowy Classic,AGD,2025-09-01,1,148.53
SKU-0304,Odkurzacz pionowy Classic,AGD,2025-10-01,1,146.09
SKU-0304,Odkurzacz pionowy Classic,AGD,2025-11-01,1,146.29
SKU-0304,Odkurzacz pionowy Classic,AGD,2025-12-01,2,158.23
SKU-0304,Odkurzacz pionowy Classic,AGD,2026-01-01,3,158.93
SKU-0304,Odkurzacz pionowy Classic,AGD,2026-02-01,5,157.97
SKU-0304,Odkurzacz pionowy Classic,AGD,2026-03-01,6,148.13
SKU-0304,Odkurzacz pionowy Classic,AGD,2026-04-01,7,147.38
SKU-0304,Odkurzacz pionowy Classic,AGD,2026-05-01,8,156.43
SKU-0304,Odkurzacz pionowy Classic,AGD,2026-06-01,5,158.18
SKU-0304,Odkurzacz pionowy Classic,AGD,2026-07-01,5,156.46
SKU-0305,Doniczka ceramiczna XL,Ogród,2024-08-01,1,463.2
SKU-0305,Doniczka ceramiczna XL,Ogród,2024-09-01,1,455.86
SKU-0305,Doniczka ceramiczna XL,Ogród,2024-10-01,1,477.71
SKU-0305,Doniczka ceramiczna XL,Ogród,2024-11-01,1,453.38
SKU-0305,Doniczka ceramiczna XL,Ogród,2024-12-01,1,469.37
SKU-0305,Doniczka ceramiczna XL,Ogród,2025-01-01,2,469.68
SKU-0305,Doniczka ceramiczna XL,Ogród,2025-02-01,2,450.43
SKU-0305,Doniczka ceramiczna XL,Ogród,2025-03-01,2,467.14
SKU-0305,Doniczka ceramiczna XL,Ogród,2025-04-01,2,476.84
SKU-0305,Doniczka ceramiczna XL,Ogród,2025-05-01,2,438.58
SKU-0305,Doniczka ceramiczna XL,Ogród,2025-06-01,2,452.29
SKU-0305,Doniczka ceramiczna XL,Ogród,2025-07-01,2,477.07
SKU-0305,Doniczka ceramiczna XL,Ogród,2025-08-01,2,438.38
SKU-0305,Doniczka ceramiczna XL,Ogród,2025-09-01,2,451.24
SKU-0305,Doniczka ceramiczna XL,Ogród,2025-10-01,2,471.68
SKU-0305,Doniczka ceramiczna XL,Ogród,2025-11-01,2,468.61
SKU-0305,Doniczka ceramiczna XL,Ogród,2025-12-01,2,465.12
SKU-0305,Doniczka ceramiczna XL,Ogród,2026-01-01,2,454.84
SKU-0305,Doniczka ceramiczna XL,Ogród,2026-02-01,2,452.54
SKU-0305,Doniczka ceramiczna XL,Ogród,2026-03-01,2,481.87
SKU-0305,Doniczka ceramiczna XL,Ogród,2026-04-01,2,459.67
SKU-0305,Doniczka ceramiczna XL,Ogród,2026-05-01,2,447.11
SKU-0305,Doniczka ceramiczna XL,Ogród,2026-06-01,2,468.05
SKU-0305,Doniczka ceramiczna XL,Ogród,2026-07-01,2,471.88
SKU-0306,Żyrandol sufitowy Compact,Oświetlenie,2024-08-01,1,121.54
SKU-0306,Żyrandol sufitowy Compact,Oświetlenie,2024-09-01,2,111.58
SKU-0306,Żyrandol sufitowy Compact,Oświetlenie,2024-10-01,2,111.71
SKU-0306,Żyrandol sufitowy Compact,Oświetlenie,2024-11-01,3,115.84
SKU-0306,Żyrandol sufitowy Compact,Oświetlenie,2024-12-01,2,119.3
SKU-0306,Żyrandol sufitowy Compact,Oświetlenie,2025-01-01,3,117.37
SKU-0306,Żyrandol sufitowy Compact,Oświetlenie,2025-02-01,3,116.7
SKU-0306,Żyrandol sufitowy Compact,Oświetlenie,2025-03-01,2,117.52
SKU-0306,Żyrandol sufitowy Compact,Oświetlenie,2025-04-01,2,118.8
SKU-0306,Żyrandol sufitowy Compact,Oświetlenie,2025-05-01,1,115.48
SKU-0306,Żyrandol sufitowy Compact,Oświetlenie,2025-06-01,0,117.96
SKU-0306,Żyrandol sufitowy Compact,Oświetlenie,2025-07-01,0,121.21
SKU-0306,Żyrandol sufitowy Compact,Oświetlenie,2025-08-01,1,113.78
SKU-0306,Żyrandol sufitowy Compact,Oświetlenie,2025-09-01,1,112.41
SKU-0306,Żyrandol sufitowy Compact,Oświetlenie,2025-10-01,3,119.73
SKU-0306,Żyrandol sufitowy Compact,Oświetlenie,2025-11-01,4,117.0
SKU-0306,Żyrandol sufitowy Compact,Oświetlenie,2025-12-01,3,116.39
SKU-0306,Żyrandol sufitowy Compact,Oświetlenie,2026-01-01,4,114.18
SKU-0306,Żyrandol sufitowy Compact,Oświetlenie,2026-02-01,4,117.52
SKU-0306,Żyrandol sufitowy Compact,Oświetlenie,2026-03-01,3,118.56
SKU-0306,Żyrandol sufitowy Compact,Oświetlenie,2026-04-01,2,122.38
SKU-0306,Żyrandol sufitowy Compact,Oświetlenie,2026-05-01,1,118.79
SKU-0306,Żyrandol sufitowy Compact,Oświetlenie,2026-06-01,0,121.59
SKU-0306,Żyrandol sufitowy Compact,Oświetlenie,2026-07-01,1,120.67
SKU-0307,Samochodzik zdalnie sterowany Compact,Zabawki,2024-08-01,78,109.87
SKU-0307,Samochodzik zdalnie sterowany Compact,Zabawki,2024-09-01,82,106.78
SKU-0307,Samochodzik zdalnie sterowany Compact,Zabawki,2024-10-01,94,108.74
SKU-0307,Samochodzik zdalnie sterowany Compact,Zabawki,2024-11-01,87,107.89
SKU-0307,Samochodzik zdalnie sterowany Compact,Zabawki,2024-12-01,74,111.57
SKU-0307,Samochodzik zdalnie sterowany Compact,Zabawki,2025-01-01,82,108.85
SKU-0307,Samochodzik zdalnie sterowany Compact,Zabawki,2025-02-01,66,102.95
SKU-0307,Samochodzik zdalnie sterowany Compact,Zabawki,2025-03-01,81,106.53
SKU-0307,Samochodzik zdalnie sterowany Compact,Zabawki,2025-04-01,106,108.64
SKU-0307,Samochodzik zdalnie sterowany Compact,Zabawki,2025-05-01,100,107.61
SKU-0307,Samochodzik zdalnie sterowany Compact,Zabawki,2025-06-01,94,107.86
SKU-0307,Samochodzik zdalnie sterowany Compact,Zabawki,2025-07-01,102,110.21
SKU-0307,Samochodzik zdalnie sterowany Compact,Zabawki,2025-08-01,109,103.24
SKU-0307,Samochodzik zdalnie sterowany Compact,Zabawki,2025-09-01,99,108.78
SKU-0307,Samochodzik zdalnie sterowany Compact,Zabawki,2025-10-01,86,112.15
SKU-0307,Samochodzik zdalnie sterowany Compact,Zabawki,2025-11-01,85,107.26
SKU-0307,Samochodzik zdalnie sterowany Compact,Zabawki,2025-12-01,101,107.04
SKU-0307,Samochodzik zdalnie sterowany Compact,Zabawki,2026-01-01,73,111.33
SKU-0307,Samochodzik zdalnie sterowany Compact,Zabawki,2026-02-01,99,104.7
SKU-0307,Samochodzik zdalnie sterowany Compact,Zabawki,2026-03-01,107,110.5
SKU-0307,Samochodzik zdalnie sterowany Compact,Zabawki,2026-04-01,104,111.45
SKU-0307,Samochodzik zdalnie sterowany Compact,Zabawki,2026-05-01,103,111.27
SKU-0307,Samochodzik zdalnie sterowany Compact,Zabawki,2026-06-01,106,103.81
SKU-0307,Samochodzik zdalnie sterowany Compact,Zabawki,2026-07-01,101,105.82
SKU-0308,Sekator ogrodowy Premium,Ogród,2024-08-01,1,70.78
SKU-0308,Sekator ogrodowy Premium,Ogród,2024-09-01,1,66.34
SKU-0308,Sekator ogrodowy Premium,Ogród,2024-10-01,1,70.18
SKU-0308,Sekator ogrodowy Premium,Ogród,2024-11-01,2,66.7
SKU-0308,Sekator ogrodowy Premium,Ogród,2024-12-01,4,66.09
SKU-0308,Sekator ogrodowy Premium,Ogród,2025-01-01,5,71.42
SKU-0308,Sekator ogrodowy Premium,Ogród,2025-02-01,5,68.24
SKU-0308,Sekator ogrodowy Premium,Ogród,2025-03-01,5,72.63
SKU-0308,Sekator ogrodowy Premium,Ogród,2025-04-01,5,66.89
SKU-0308,Sekator ogrodowy Premium,Ogród,2025-05-01,3,66.02
SKU-0308,Sekator ogrodowy Premium,Ogród,2025-06-01,3,72.85
SKU-0308,Sekator ogrodowy Premium,Ogród,2025-07-01,2,68.93
SKU-0308,Sekator ogrodowy Premium,Ogród,2025-08-01,1,68.68
SKU-0308,Sekator ogrodowy Premium,Ogród,2025-09-01,1,67.63
SKU-0308,Sekator ogrodowy Premium,Ogród,2025-10-01,1,66.89
SKU-0308,Sekator ogrodowy Premium,Ogród,2025-11-01,1,71.35
SKU-0308,Sekator ogrodowy Premium,Ogród,2025-12-01,3,72.23
SKU-0308,Sekator ogrodowy Premium,Ogród,2026-01-01,4,66.21
SKU-0308,Sekator ogrodowy Premium,Ogród,2026-02-01,3,66.76
SKU-0308,Sekator ogrodowy Premium,Ogród,2026-03-01,6,70.1
SKU-0308,Sekator ogrodowy Premium,Ogród,2026-04-01,4,71.33
SKU-0308,Sekator ogrodowy Premium,Ogród,2026-05-01,4,66.11
SKU-0308,Sekator ogrodowy Premium,Ogród,2026-06-01,4,66.02
SKU-0308,Sekator ogrodowy Premium,Ogród,2026-07-01,2,66.36
SKU-0309,Wycieraczki samochodowe XL,Motoryzacja,2024-08-01,18,142.94
SKU-0309,Wycieraczki samochodowe XL,Motoryzacja,2024-09-01,31,147.64
SKU-0309,Wycieraczki samochodowe XL,Motoryzacja,2024-10-01,87,155.86
SKU-0309,Wycieraczki samochodowe XL,Motoryzacja,2024-11-01,165,150.66
SKU-0309,Wycieraczki samochodowe XL,Motoryzacja,2024-12-01,207,152.55
SKU-0309,Wycieraczki samochodowe XL,Motoryzacja,2025-01-01,191,152.18
SKU-0309,Wycieraczki samochodowe XL,Motoryzacja,2025-02-01,217,143.04
SKU-0309,Wycieraczki samochodowe XL,Motoryzacja,2025-03-01,187,151.3
SKU-0309,Wycieraczki samochodowe XL,Motoryzacja,2025-04-01,114,155.74
SKU-0309,Wycieraczki samochodowe XL,Motoryzacja,2025-05-01,80,155.31
SKU-0309,Wycieraczki samochodowe XL,Motoryzacja,2025-06-01,37,153.58
SKU-0309,Wycieraczki samochodowe XL,Motoryzacja,2025-07-01,19,143.86
SKU-0309,Wycieraczki samochodowe XL,Motoryzacja,2025-08-01,20,146.08
SKU-0309,Wycieraczki samochodowe XL,Motoryzacja,2025-09-01,53,153.92
SKU-0309,Wycieraczki samochodowe XL,Motoryzacja,2025-10-01,85,155.85
SKU-0309,Wycieraczki samochodowe XL,Motoryzacja,2025-11-01,107,143.89
SKU-0309,Wycieraczki samochodowe XL,Motoryzacja,2025-12-01,208,144.55
SKU-0309,Wycieraczki samochodowe XL,Motoryzacja,2026-01-01,177,155.49
SKU-0309,Wycieraczki samochodowe XL,Motoryzacja,2026-02-01,227,144.55
SKU-0309,Wycieraczki samochodowe XL,Motoryzacja,2026-03-01,174,149.7
SKU-0309,Wycieraczki samochodowe XL,Motoryzacja,2026-04-01,120,152.7
SKU-0309,Wycieraczki samochodowe XL,Motoryzacja,2026-05-01,45,152.94
SKU-0309,Wycieraczki samochodowe XL,Motoryzacja,2026-06-01,36,143.92
SKU-0309,Wycieraczki samochodowe XL,Motoryzacja,2026-07-01,15,144.12
SKU-0310,Legginsy sportowe Mini,Odzież,2024-08-01,143,172.31
SKU-0310,Legginsy sportowe Mini,Odzież,2024-09-01,150,170.01
SKU-0310,Legginsy sportowe Mini,Odzież,2024-10-01,151,163.73
SKU-0310,Legginsy sportowe Mini,Odzież,2024-11-01,124,166.62
SKU-0310,Legginsy sportowe Mini,Odzież,2024-12-01,130,171.15
SKU-0310,Legginsy sportowe Mini,Odzież,2025-01-01,138,164.08
SKU-0310,Legginsy sportowe Mini,Odzież,2025-02-01,101,164.13
SKU-0310,Legginsy sportowe Mini,Odzież,2025-03-01,79,174.79
SKU-0310,Legginsy sportowe Mini,Odzież,2025-04-01,40,175.97
SKU-0310,Legginsy sportowe Mini,Odzież,2025-05-01,36,166.9
SKU-0310,Legginsy sportowe Mini,Odzież,2025-06-01,70,163.05
SKU-0310,Legginsy sportowe Mini,Odzież,2025-07-01,113,175.56
SKU-0310,Legginsy sportowe Mini,Odzież,2025-08-01,85,165.75
SKU-0310,Legginsy sportowe Mini,Odzież,2025-09-01,160,160.8
SKU-0310,Legginsy sportowe Mini,Odzież,2025-10-01,177,160.57
SKU-0310,Legginsy sportowe Mini,Odzież,2025-11-01,233,168.86
SKU-0310,Legginsy sportowe Mini,Odzież,2025-12-01,150,169.21
SKU-0310,Legginsy sportowe Mini,Odzież,2026-01-01,111,168.97
SKU-0310,Legginsy sportowe Mini,Odzież,2026-02-01,70,170.78
SKU-0310,Legginsy sportowe Mini,Odzież,2026-03-01,62,161.61
SKU-0310,Legginsy sportowe Mini,Odzież,2026-04-01,59,171.5
SKU-0310,Legginsy sportowe Mini,Odzież,2026-05-01,38,165.73
SKU-0310,Legginsy sportowe Mini,Odzież,2026-06-01,75,174.75
SKU-0310,Legginsy sportowe Mini,Odzież,2026-07-01,107,168.84
SKU-0311,Zszywacz biurowy Premium,Artykuły biurowe,2024-08-01,34,46.55
SKU-0311,Zszywacz biurowy Premium,Artykuły biurowe,2024-09-01,71,46.08
SKU-0311,Zszywacz biurowy Premium,Artykuły biurowe,2024-10-01,48,48.24
SKU-0311,Zszywacz biurowy Premium,Artykuły biurowe,2024-11-01,38,48.89
SKU-0311,Zszywacz biurowy Premium,Artykuły biurowe,2024-12-01,58,49.25
SKU-0311,Zszywacz biurowy Premium,Artykuły biurowe,2025-01-01,28,45.59
SKU-0311,Zszywacz biurowy Premium,Artykuły biurowe,2025-02-01,16,46.04
SKU-0311,Zszywacz biurowy Premium,Artykuły biurowe,2025-03-01,7,48.28
SKU-0311,Zszywacz biurowy Premium,Artykuły biurowe,2025-04-01,8,49.79
SKU-0311,Zszywacz biurowy Premium,Artykuły biurowe,2025-05-01,23,47.89
SKU-0311,Zszywacz biurowy Premium,Artykuły biurowe,2025-06-01,21,49.0
SKU-0311,Zszywacz biurowy Premium,Artykuły biurowe,2025-07-01,37,45.34
SKU-0311,Zszywacz biurowy Premium,Artykuły biurowe,2025-08-01,60,47.74
SKU-0311,Zszywacz biurowy Premium,Artykuły biurowe,2025-09-01,37,48.94
SKU-0311,Zszywacz biurowy Premium,Artykuły biurowe,2025-10-01,75,49.33
SKU-0311,Zszywacz biurowy Premium,Artykuły biurowe,2025-11-01,50,46.4
SKU-0311,Zszywacz biurowy Premium,Artykuły biurowe,2025-12-01,35,46.8
SKU-0311,Zszywacz biurowy Premium,Artykuły biurowe,2026-01-01,21,49.55
SKU-0311,Zszywacz biurowy Premium,Artykuły biurowe,2026-02-01,12,47.0
SKU-0311,Zszywacz biurowy Premium,Artykuły biurowe,2026-03-01,10,45.66
SKU-0311,Zszywacz biurowy Premium,Artykuły biurowe,2026-04-01,13,46.82
SKU-0311,Zszywacz biurowy Premium,Artykuły biurowe,2026-05-01,18,49.53
SKU-0311,Zszywacz biurowy Premium,Artykuły biurowe,2026-06-01,28,49.39
SKU-0311,Zszywacz biurowy Premium,Artykuły biurowe,2026-07-01,35,47.1
SKU-0312,Taśma miernicza Advanced,Narzędzia,2024-08-01,23,322.57
SKU-0312,Taśma miernicza Advanced,Narzędzia,2024-09-01,21,332.39
SKU-0312,Taśma miernicza Advanced,Narzędzia,2024-10-01,25,312.95
SKU-0312,Taśma miernicza Advanced,Narzędzia,2024-11-01,24,321.27
SKU-0312,Taśma miernicza Advanced,Narzędzia,2024-12-01,22,306.79
SKU-0312,Taśma miernicza Advanced,Narzędzia,2025-01-01,24,313.21
SKU-0312,Taśma miernicza Advanced,Narzędzia,2025-02-01,23,324.94
SKU-0312,Taśma miernicza Advanced,Narzędzia,2025-03-01,20,318.7
SKU-0312,Taśma miernicza Advanced,Narzędzia,2025-04-01,26,324.63
SKU-0312,Taśma miernicza Advanced,Narzędzia,2025-05-01,21,309.54
SKU-0312,Taśma miernicza Advanced,Narzędzia,2025-06-01,24,318.82
SKU-0312,Taśma miernicza Advanced,Narzędzia,2025-07-01,25,324.02
SKU-0312,Taśma miernicza Advanced,Narzędzia,2025-08-01,27,310.29
SKU-0312,Taśma miernicza Advanced,Narzędzia,2025-09-01,25,321.85
SKU-0312,Taśma miernicza Advanced,Narzędzia,2025-10-01,27,303.2
SKU-0312,Taśma miernicza Advanced,Narzędzia,2025-11-01,25,316.39
SKU-0312,Taśma miernicza Advanced,Narzędzia,2025-12-01,24,312.19
SKU-0312,Taśma miernicza Advanced,Narzędzia,2026-01-01,28,302.67
SKU-0312,Taśma miernicza Advanced,Narzędzia,2026-02-01,28,331.74
SKU-0312,Taśma miernicza Advanced,Narzędzia,2026-03-01,28,324.07
SKU-0312,Taśma miernicza Advanced,Narzędzia,2026-04-01,29,329.54
SKU-0312,Taśma miernicza Advanced,Narzędzia,2026-05-01,30,307.87
SKU-0312,Taśma miernicza Advanced,Narzędzia,2026-06-01,30,319.06
SKU-0312,Taśma miernicza Advanced,Narzędzia,2026-07-01,25,328.82
SKU-0313,Wąż ogrodowy 20m Advanced,Ogród,2024-08-01,2,570.24
SKU-0313,Wąż ogrodowy 20m Advanced,Ogród,2024-09-01,5,611.01
SKU-0313,Wąż ogrodowy 20m Advanced,Ogród,2024-10-01,12,603.22
SKU-0313,Wąż ogrodowy 20m Advanced,Ogród,2024-11-01,15,619.26
SKU-0313,Wąż ogrodowy 20m Advanced,Ogród,2024-12-01,23,581.84
SKU-0313,Wąż ogrodowy 20m Advanced,Ogród,2025-01-01,19,590.58
SKU-0313,Wąż ogrodowy 20m Advanced,Ogród,2025-02-01,25,586.3
SKU-0313,Wąż ogrodowy 20m Advanced,Ogród,2025-03-01,22,588.16
SKU-0313,Wąż ogrodowy 20m Advanced,Ogród,2025-04-01,18,585.64
SKU-0313,Wąż ogrodowy 20m Advanced,Ogród,2025-05-01,8,576.72
SKU-0313,Wąż ogrodowy 20m Advanced,Ogród,2025-06-01,5,613.04
SKU-0313,Wąż ogrodowy 20m Advanced,Ogród,2025-07-01,3,583.52
SKU-0313,Wąż ogrodowy 20m Advanced,Ogród,2025-08-01,2,591.53
SKU-0313,Wąż ogrodowy 20m Advanced,Ogród,2025-09-01,4,586.75
SKU-0313,Wąż ogrodowy 20m Advanced,Ogród,2025-10-01,7,572.21
SKU-0313,Wąż ogrodowy 20m Advanced,Ogród,2025-11-01,11,613.41
SKU-0313,Wąż ogrodowy 20m Advanced,Ogród,2025-12-01,14,611.54
SKU-0313,Wąż ogrodowy 20m Advanced,Ogród,2026-01-01,18,572.66
SKU-0313,Wąż ogrodowy 20m Advanced,Ogród,2026-02-01,14,603.9
SKU-0313,Wąż ogrodowy 20m Advanced,Ogród,2026-03-01,15,611.3
SKU-0313,Wąż ogrodowy 20m Advanced,Ogród,2026-04-01,10,607.58
SKU-0313,Wąż ogrodowy 20m Advanced,Ogród,2026-05-01,8,585.41
SKU-0313,Wąż ogrodowy 20m Advanced,Ogród,2026-06-01,4,618.55
SKU-0313,Wąż ogrodowy 20m Advanced,Ogród,2026-07-01,2,607.76
SKU-0314,Soundbar Classic,RTV,2024-08-01,14,900.88
SKU-0314,Soundbar Classic,RTV,2024-09-01,0,876.48
SKU-0314,Soundbar Classic,RTV,2024-10-01,24,866.84
SKU-0314,Soundbar Classic,RTV,2024-11-01,16,889.35
SKU-0314,Soundbar Classic,RTV,2024-12-01,8,937.28
SKU-0314,Soundbar Classic,RTV,2025-01-01,4,892.2
SKU-0314,Soundbar Classic,RTV,2025-02-01,11,920.87
SKU-0314,Soundbar Classic,RTV,2025-03-01,0,923.07
SKU-0314,Soundbar Classic,RTV,2025-04-01,32,878.46
SKU-0314,Soundbar Classic,RTV,2025-05-01,24,907.01
SKU-0314,Soundbar Classic,RTV,2025-06-01,32,865.66
SKU-0314,Soundbar Classic,RTV,2025-07-01,7,920.58
SKU-0314,Soundbar Classic,RTV,2025-08-01,14,875.51
SKU-0314,Soundbar Classic,RTV,2025-09-01,6,865.4
SKU-0314,Soundbar Classic,RTV,2025-10-01,43,889.12
SKU-0314,Soundbar Classic,RTV,2025-11-01,24,869.11
SKU-0314,Soundbar Classic,RTV,2025-12-01,11,877.71
SKU-0314,Soundbar Classic,RTV,2026-01-01,9,924.22
SKU-0314,Soundbar Classic,RTV,2026-02-01,32,874.57
SKU-0314,Soundbar Classic,RTV,2026-03-01,0,914.64
SKU-0314,Soundbar Classic,RTV,2026-04-01,0,881.73
SKU-0314,Soundbar Classic,RTV,2026-05-01,0,938.37
SKU-0314,Soundbar Classic,RTV,2026-06-01,0,875.22
SKU-0314,Soundbar Classic,RTV,2026-07-01,41,947.3
SKU-0315,Legginsy sportowe Plus,Odzież,2024-08-01,1,53.16
SKU-0315,Legginsy sportowe Plus,Odzież,2024-09-01,1,52.74
SKU-0315,Legginsy sportowe Plus,Odzież,2024-10-01,1,54.25
SKU-0315,Legginsy sportowe Plus,Odzież,2024-11-01,1,52.26
SKU-0315,Legginsy sportowe Plus,Odzież,2024-12-01,1,54.95
SKU-0315,Legginsy sportowe Plus,Odzież,2025-01-01,2,52.6
SKU-0315,Legginsy sportowe Plus,Odzież,2025-02-01,1,51.04
SKU-0315,Legginsy sportowe Plus,Odzież,2025-03-01,1,52.81
SKU-0315,Legginsy sportowe Plus,Odzież,2025-04-01,2,53.53
SKU-0315,Legginsy sportowe Plus,Odzież,2025-05-01,1,53.19
SKU-0315,Legginsy sportowe Plus,Odzież,2025-06-01,2,51.07
SKU-0315,Legginsy sportowe Plus,Odzież,2025-07-01,1,54.93
SKU-0315,Legginsy sportowe Plus,Odzież,2025-08-01,1,54.28
SKU-0315,Legginsy sportowe Plus,Odzież,2025-09-01,2,54.6
SKU-0315,Legginsy sportowe Plus,Odzież,2025-10-01,1,52.22
SKU-0315,Legginsy sportowe Plus,Odzież,2025-11-01,1,51.45
SKU-0315,Legginsy sportowe Plus,Odzież,2025-12-01,2,54.92
SKU-0315,Legginsy sportowe Plus,Odzież,2026-01-01,1,54.44
SKU-0315,Legginsy sportowe Plus,Odzież,2026-02-01,1,54.0
SKU-0315,Legginsy sportowe Plus,Odzież,2026-03-01,1,53.83
SKU-0315,Legginsy sportowe Plus,Odzież,2026-04-01,1,54.85
SKU-0315,Legginsy sportowe Plus,Odzież,2026-05-01,1,52.13
SKU-0315,Legginsy sportowe Plus,Odzież,2026-06-01,1,55.37
SKU-0315,Legginsy sportowe Plus,Odzież,2026-07-01,1,54.37
SKU-0316,Marker permanentny Eco,Artykuły biurowe,2024-08-01,2,33.38
SKU-0316,Marker permanentny Eco,Artykuły biurowe,2024-09-01,2,32.71
SKU-0316,Marker permanentny Eco,Artykuły biurowe,2024-10-01,2,30.93
SKU-0316,Marker permanentny Eco,Artykuły biurowe,2024-11-01,2,32.73
SKU-0316,Marker permanentny Eco,Artykuły biurowe,2024-12-01,2,32.93
SKU-0316,Marker permanentny Eco,Artykuły biurowe,2025-01-01,2,33.3
SKU-0316,Marker permanentny Eco,Artykuły biurowe,2025-02-01,2,30.83
SKU-0316,Marker permanentny Eco,Artykuły biurowe,2025-03-01,2,33.08
SKU-0316,Marker permanentny Eco,Artykuły biurowe,2025-04-01,2,30.53
SKU-0316,Marker permanentny Eco,Artykuły biurowe,2025-05-01,2,31.8
SKU-0316,Marker permanentny Eco,Artykuły biurowe,2025-06-01,2,32.11
SKU-0316,Marker permanentny Eco,Artykuły biurowe,2025-07-01,2,33.62
SKU-0316,Marker permanentny Eco,Artykuły biurowe,2025-08-01,2,32.1
SKU-0316,Marker permanentny Eco,Artykuły biurowe,2025-09-01,2,32.23
SKU-0316,Marker permanentny Eco,Artykuły biurowe,2025-10-01,2,32.97
SKU-0316,Marker permanentny Eco,Artykuły biurowe,2025-11-01,2,31.4
SKU-0316,Marker permanentny Eco,Artykuły biurowe,2025-12-01,2,32.05
SKU-0316,Marker permanentny Eco,Artykuły biurowe,2026-01-01,2,32.86
SKU-0316,Marker permanentny Eco,Artykuły biurowe,2026-02-01,2,30.78
SKU-0316,Marker permanentny Eco,Artykuły biurowe,2026-03-01,2,31.41
SKU-0316,Marker permanentny Eco,Artykuły biurowe,2026-04-01,2,32.84
SKU-0316,Marker permanentny Eco,Artykuły biurowe,2026-05-01,2,33.32
SKU-0316,Marker permanentny Eco,Artykuły biurowe,2026-06-01,2,31.44
SKU-0316,Marker permanentny Eco,Artykuły biurowe,2026-07-01,2,33.61
SKU-0317,Odświeżacz powietrza do auta Classic,Motoryzacja,2024-08-01,4,222.17
SKU-0317,Odświeżacz powietrza do auta Classic,Motoryzacja,2024-09-01,9,224.65
SKU-0317,Odświeżacz powietrza do auta Classic,Motoryzacja,2024-10-01,10,211.41
SKU-0317,Odświeżacz powietrza do auta Classic,Motoryzacja,2024-11-01,0,223.6
SKU-0317,Odświeżacz powietrza do auta Classic,Motoryzacja,2024-12-01,3,213.23
SKU-0317,Odświeżacz powietrza do auta Classic,Motoryzacja,2025-01-01,8,216.79
SKU-0317,Odświeżacz powietrza do auta Classic,Motoryzacja,2025-02-01,5,212.6
SKU-0317,Odświeżacz powietrza do auta Classic,Motoryzacja,2025-03-01,7,227.3
SKU-0317,Odświeżacz powietrza do auta Classic,Motoryzacja,2025-04-01,11,210.09
SKU-0317,Odświeżacz powietrza do auta Classic,Motoryzacja,2025-05-01,4,214.09
SKU-0317,Odświeżacz powietrza do auta Classic,Motoryzacja,2025-06-01,8,217.15
SKU-0317,Odświeżacz powietrza do auta Classic,Motoryzacja,2025-07-01,0,228.43
SKU-0317,Odświeżacz powietrza do auta Classic,Motoryzacja,2025-08-01,2,209.1
SKU-0317,Odświeżacz powietrza do auta Classic,Motoryzacja,2025-09-01,8,219.95
SKU-0317,Odświeżacz powietrza do auta Classic,Motoryzacja,2025-10-01,0,215.05
SKU-0317,Odświeżacz powietrza do auta Classic,Motoryzacja,2025-11-01,4,214.45
SKU-0317,Odświeżacz powietrza do auta Classic,Motoryzacja,2025-12-01,0,217.83
SKU-0317,Odświeżacz powietrza do auta Classic,Motoryzacja,2026-01-01,0,209.11
SKU-0317,Odświeżacz powietrza do auta Classic,Motoryzacja,2026-02-01,0,217.45
SKU-0317,Odświeżacz powietrza do auta Classic,Motoryzacja,2026-03-01,5,229.39
SKU-0317,Odświeżacz powietrza do auta Classic,Motoryzacja,2026-04-01,12,228.72
SKU-0317,Odświeżacz powietrza do auta Classic,Motoryzacja,2026-05-01,0,226.64
SKU-0317,Odświeżacz powietrza do auta Classic,Motoryzacja,2026-06-01,5,229.38
SKU-0317,Odświeżacz powietrza do auta Classic,Motoryzacja,2026-07-01,9,216.84
SKU-0318,Buty trekkingowe Pro,Obuwie,2024-08-01,0,65.28
SKU-0318,Buty trekkingowe Pro,Obuwie,2024-09-01,25,67.11
SKU-0318,Buty trekkingowe Pro,Obuwie,2024-10-01,26,65.48
SKU-0318,Buty trekkingowe Pro,Obuwie,2024-11-01,0,64.25
SKU-0318,Buty trekkingowe Pro,Obuwie,2024-12-01,9,63.58
SKU-0318,Buty trekkingowe Pro,Obuwie,2025-01-01,0,62.45
SKU-0318,Buty trekkingowe Pro,Obuwie,2025-02-01,6,66.28
SKU-0318,Buty trekkingowe Pro,Obuwie,2025-03-01,28,64.83
SKU-0318,Buty trekkingowe Pro,Obuwie,2025-04-01,27,62.93
SKU-0318,Buty trekkingowe Pro,Obuwie,2025-05-01,19,66.09
SKU-0318,Buty trekkingowe Pro,Obuwie,2025-06-01,28,63.61
SKU-0318,Buty trekkingowe Pro,Obuwie,2025-07-01,24,66.6
SKU-0318,Buty trekkingowe Pro,Obuwie,2025-08-01,16,67.59
SKU-0318,Buty trekkingowe Pro,Obuwie,2025-09-01,24,64.86
SKU-0318,Buty trekkingowe Pro,Obuwie,2025-10-01,7,67.67
SKU-0318,Buty trekkingowe Pro,Obuwie,2025-11-01,3,66.77
SKU-0318,Buty trekkingowe Pro,Obuwie,2025-12-01,11,64.27
SKU-0318,Buty trekkingowe Pro,Obuwie,2026-01-01,15,65.68
SKU-0318,Buty trekkingowe Pro,Obuwie,2026-02-01,0,66.37
SKU-0318,Buty trekkingowe Pro,Obuwie,2026-03-01,19,66.38
SKU-0318,Buty trekkingowe Pro,Obuwie,2026-04-01,0,66.47
SKU-0318,Buty trekkingowe Pro,Obuwie,2026-05-01,0,64.83
SKU-0318,Buty trekkingowe Pro,Obuwie,2026-06-01,32,63.89
SKU-0318,Buty trekkingowe Pro,Obuwie,2026-07-01,0,67.1
SKU-0319,Segregator A4 Mini,Artykuły biurowe,2024-08-01,13,44.65
SKU-0319,Segregator A4 Mini,Artykuły biurowe,2024-09-01,12,45.13
SKU-0319,Segregator A4 Mini,Artykuły biurowe,2024-10-01,13,47.47
SKU-0319,Segregator A4 Mini,Artykuły biurowe,2024-11-01,13,47.99
SKU-0319,Segregator A4 Mini,Artykuły biurowe,2024-12-01,15,46.52
SKU-0319,Segregator A4 Mini,Artykuły biurowe,2025-01-01,17,45.59
SKU-0319,Segregator A4 Mini,Artykuły biurowe,2025-02-01,18,47.11
SKU-0319,Segregator A4 Mini,Artykuły biurowe,2025-03-01,16,47.72
SKU-0319,Segregator A4 Mini,Artykuły biurowe,2025-04-01,19,45.05
SKU-0319,Segregator A4 Mini,Artykuły biurowe,2025-05-01,19,44.65
SKU-0319,Segregator A4 Mini,Artykuły biurowe,2025-06-01,17,45.11
SKU-0319,Segregator A4 Mini,Artykuły biurowe,2025-07-01,15,45.81
SKU-0319,Segregator A4 Mini,Artykuły biurowe,2025-08-01,16,47.49
SKU-0319,Segregator A4 Mini,Artykuły biurowe,2025-09-01,14,46.96
SKU-0319,Segregator A4 Mini,Artykuły biurowe,2025-10-01,14,44.22
SKU-0319,Segregator A4 Mini,Artykuły biurowe,2025-11-01,15,45.59
SKU-0319,Segregator A4 Mini,Artykuły biurowe,2025-12-01,19,45.92
SKU-0319,Segregator A4 Mini,Artykuły biurowe,2026-01-01,20,48.41
SKU-0319,Segregator A4 Mini,Artykuły biurowe,2026-02-01,23,48.0
SKU-0319,Segregator A4 Mini,Artykuły biurowe,2026-03-01,24,45.39
SKU-0319,Segregator A4 Mini,Artykuły biurowe,2026-04-01,19,47.83
SKU-0319,Segregator A4 Mini,Artykuły biurowe,2026-05-01,24,46.45
SKU-0319,Segregator A4 Mini,Artykuły biurowe,2026-06-01,18,48.71
SKU-0319,Segregator A4 Mini,Artykuły biurowe,2026-07-01,17,44.93
SKU-0320,Buty sportowe Premium,Obuwie,2024-08-01,2,58.62
SKU-0320,Buty sportowe Premium,Obuwie,2024-09-01,2,60.96
SKU-0320,Buty sportowe Premium,Obuwie,2024-10-01,2,59.1
SKU-0320,Buty sportowe Premium,Obuwie,2024-11-01,2,61.92
SKU-0320,Buty sportowe Premium,Obuwie,2024-12-01,2,62.78
SKU-0320,Buty sportowe Premium,Obuwie,2025-01-01,2,59.12
SKU-0320,Buty sportowe Premium,Obuwie,2025-02-01,2,59.16
SKU-0320,Buty sportowe Premium,Obuwie,2025-03-01,2,63.24
SKU-0320,Buty sportowe Premium,Obuwie,2025-04-01,2,59.22
SKU-0320,Buty sportowe Premium,Obuwie,2025-05-01,2,64.17
SKU-0320,Buty sportowe Premium,Obuwie,2025-06-01,2,64.36
SKU-0320,Buty sportowe Premium,Obuwie,2025-07-01,2,62.42
SKU-0320,Buty sportowe Premium,Obuwie,2025-08-01,2,58.38
SKU-0320,Buty sportowe Premium,Obuwie,2025-09-01,2,63.83
SKU-0320,Buty sportowe Premium,Obuwie,2025-10-01,2,62.07
SKU-0320,Buty sportowe Premium,Obuwie,2025-11-01,2,61.94
SKU-0320,Buty sportowe Premium,Obuwie,2025-12-01,2,58.85
SKU-0320,Buty sportowe Premium,Obuwie,2026-01-01,2,60.13
SKU-0320,Buty sportowe Premium,Obuwie,2026-02-01,2,63.54
SKU-0320,Buty sportowe Premium,Obuwie,2026-03-01,2,61.48
SKU-0320,Buty sportowe Premium,Obuwie,2026-04-01,2,58.38
SKU-0320,Buty sportowe Premium,Obuwie,2026-05-01,2,64.36
SKU-0320,Buty sportowe Premium,Obuwie,2026-06-01,2,60.22
SKU-0320,Buty sportowe Premium,Obuwie,2026-07-01,2,61.45
SKU-0321,Odświeżacz powietrza do auta Premium,Motoryzacja,2024-08-01,0,225.9
SKU-0321,Odświeżacz powietrza do auta Premium,Motoryzacja,2024-09-01,0,217.54
SKU-0321,Odświeżacz powietrza do auta Premium,Motoryzacja,2024-10-01,0,229.88
SKU-0321,Odświeżacz powietrza do auta Premium,Motoryzacja,2024-11-01,1,230.47
SKU-0321,Odświeżacz powietrza do auta Premium,Motoryzacja,2024-12-01,0,228.42
SKU-0321,Odświeżacz powietrza do auta Premium,Motoryzacja,2025-01-01,2,223.64
SKU-0321,Odświeżacz powietrza do auta Premium,Motoryzacja,2025-02-01,3,218.78
SKU-0321,Odświeżacz powietrza do auta Premium,Motoryzacja,2025-03-01,4,224.5
SKU-0321,Odświeżacz powietrza do auta Premium,Motoryzacja,2025-04-01,0,238.55
SKU-0321,Odświeżacz powietrza do auta Premium,Motoryzacja,2025-05-01,0,230.46
SKU-0321,Odświeżacz powietrza do auta Premium,Motoryzacja,2025-06-01,0,238.63
SKU-0321,Odświeżacz powietrza do auta Premium,Motoryzacja,2025-07-01,2,218.99
SKU-0321,Odświeżacz powietrza do auta Premium,Motoryzacja,2025-08-01,1,223.76
SKU-0321,Odświeżacz powietrza do auta Premium,Motoryzacja,2025-09-01,1,219.91
SKU-0321,Odświeżacz powietrza do auta Premium,Motoryzacja,2025-10-01,2,220.65
SKU-0321,Odświeżacz powietrza do auta Premium,Motoryzacja,2025-11-01,2,224.08
SKU-0321,Odświeżacz powietrza do auta Premium,Motoryzacja,2025-12-01,0,235.34
SKU-0321,Odświeżacz powietrza do auta Premium,Motoryzacja,2026-01-01,0,221.64
SKU-0321,Odświeżacz powietrza do auta Premium,Motoryzacja,2026-02-01,1,218.27
SKU-0321,Odświeżacz powietrza do auta Premium,Motoryzacja,2026-03-01,4,227.81
SKU-0321,Odświeżacz powietrza do auta Premium,Motoryzacja,2026-04-01,3,221.06
SKU-0321,Odświeżacz powietrza do auta Premium,Motoryzacja,2026-05-01,1,227.32
SKU-0321,Odświeżacz powietrza do auta Premium,Motoryzacja,2026-06-01,1,223.46
SKU-0321,Odświeżacz powietrza do auta Premium,Motoryzacja,2026-07-01,2,222.43
SKU-0322,Dysk SSD 1TB Eco,Elektronika,2024-08-01,3,204.95
SKU-0322,Dysk SSD 1TB Eco,Elektronika,2024-09-01,3,207.94
SKU-0322,Dysk SSD 1TB Eco,Elektronika,2024-10-01,3,217.36
SKU-0322,Dysk SSD 1TB Eco,Elektronika,2024-11-01,2,204.79
SKU-0322,Dysk SSD 1TB Eco,Elektronika,2024-12-01,3,216.38
SKU-0322,Dysk SSD 1TB Eco,Elektronika,2025-01-01,3,212.4
SKU-0322,Dysk SSD 1TB Eco,Elektronika,2025-02-01,2,208.89
SKU-0322,Dysk SSD 1TB Eco,Elektronika,2025-03-01,3,210.76
SKU-0322,Dysk SSD 1TB Eco,Elektronika,2025-04-01,3,220.37
SKU-0322,Dysk SSD 1TB Eco,Elektronika,2025-05-01,2,201.24
SKU-0322,Dysk SSD 1TB Eco,Elektronika,2025-06-01,2,218.4
SKU-0322,Dysk SSD 1TB Eco,Elektronika,2025-07-01,2,203.81
SKU-0322,Dysk SSD 1TB Eco,Elektronika,2025-08-01,3,214.5
SKU-0322,Dysk SSD 1TB Eco,Elektronika,2025-09-01,2,208.35
SKU-0322,Dysk SSD 1TB Eco,Elektronika,2025-10-01,3,219.23
SKU-0322,Dysk SSD 1TB Eco,Elektronika,2025-11-01,2,208.27
SKU-0322,Dysk SSD 1TB Eco,Elektronika,2025-12-01,3,206.76
SKU-0322,Dysk SSD 1TB Eco,Elektronika,2026-01-01,2,213.64
SKU-0322,Dysk SSD 1TB Eco,Elektronika,2026-02-01,2,204.18
SKU-0322,Dysk SSD 1TB Eco,Elektronika,2026-03-01,2,203.92
SKU-0322,Dysk SSD 1TB Eco,Elektronika,2026-04-01,3,204.73
SKU-0322,Dysk SSD 1TB Eco,Elektronika,2026-05-01,3,212.48
SKU-0322,Dysk SSD 1TB Eco,Elektronika,2026-06-01,2,209.44
SKU-0322,Dysk SSD 1TB Eco,Elektronika,2026-07-01,3,205.66
SKU-0323,Taśma miernicza Plus,Narzędzia,2024-08-01,0,377.03
SKU-0323,Taśma miernicza Plus,Narzędzia,2024-09-01,0,401.01
SKU-0323,Taśma miernicza Plus,Narzędzia,2024-10-01,1,378.84
SKU-0323,Taśma miernicza Plus,Narzędzia,2024-11-01,1,402.03
SKU-0323,Taśma miernicza Plus,Narzędzia,2024-12-01,0,373.07
SKU-0323,Taśma miernicza Plus,Narzędzia,2025-01-01,2,373.91
SKU-0323,Taśma miernicza Plus,Narzędzia,2025-02-01,0,368.5
SKU-0323,Taśma miernicza Plus,Narzędzia,2025-03-01,2,403.33
SKU-0323,Taśma miernicza Plus,Narzędzia,2025-04-01,0,376.79
SKU-0323,Taśma miernicza Plus,Narzędzia,2025-05-01,0,377.24
SKU-0323,Taśma miernicza Plus,Narzędzia,2025-06-01,2,369.45
SKU-0323,Taśma miernicza Plus,Narzędzia,2025-07-01,1,391.81
SKU-0323,Taśma miernicza Plus,Narzędzia,2025-08-01,0,370.93
SKU-0323,Taśma miernicza Plus,Narzędzia,2025-09-01,0,387.46
SKU-0323,Taśma miernicza Plus,Narzędzia,2025-10-01,1,383.15
SKU-0323,Taśma miernicza Plus,Narzędzia,2025-11-01,2,394.05
SKU-0323,Taśma miernicza Plus,Narzędzia,2025-12-01,2,392.7
SKU-0323,Taśma miernicza Plus,Narzędzia,2026-01-01,0,375.04
SKU-0323,Taśma miernicza Plus,Narzędzia,2026-02-01,2,402.27
SKU-0323,Taśma miernicza Plus,Narzędzia,2026-03-01,0,382.85
SKU-0323,Taśma miernicza Plus,Narzędzia,2026-04-01,3,397.5
SKU-0323,Taśma miernicza Plus,Narzędzia,2026-05-01,0,389.82
SKU-0323,Taśma miernicza Plus,Narzędzia,2026-06-01,1,400.58
SKU-0323,Taśma miernicza Plus,Narzędzia,2026-07-01,2,393.19
SKU-0324,Krzesło biurowe Compact,Meble,2024-08-01,1,685.92
SKU-0324,Krzesło biurowe Compact,Meble,2024-09-01,2,733.77
SKU-0324,Krzesło biurowe Compact,Meble,2024-10-01,0,700.72
SKU-0324,Krzesło biurowe Compact,Meble,2024-11-01,0,672.27
SKU-0324,Krzesło biurowe Compact,Meble,2024-12-01,2,740.77
SKU-0324,Krzesło biurowe Compact,Meble,2025-01-01,2,679.66
SKU-0324,Krzesło biurowe Compact,Meble,2025-02-01,5,725.84
SKU-0324,Krzesło biurowe Compact,Meble,2025-03-01,2,684.47
SKU-0324,Krzesło biurowe Compact,Meble,2025-04-01,6,677.01
SKU-0324,Krzesło biurowe Compact,Meble,2025-05-01,0,740.3
SKU-0324,Krzesło biurowe Compact,Meble,2025-06-01,2,701.0
SKU-0324,Krzesło biurowe Compact,Meble,2025-07-01,0,705.07
SKU-0324,Krzesło biurowe Compact,Meble,2025-08-01,0,692.16
SKU-0324,Krzesło biurowe Compact,Meble,2025-09-01,6,679.96
SKU-0324,Krzesło biurowe Compact,Meble,2025-10-01,0,713.74
SKU-0324,Krzesło biurowe Compact,Meble,2025-11-01,0,679.29
SKU-0324,Krzesło biurowe Compact,Meble,2025-12-01,0,736.94
SKU-0324,Krzesło biurowe Compact,Meble,2026-01-01,0,680.51
SKU-0324,Krzesło biurowe Compact,Meble,2026-02-01,0,728.46
SKU-0324,Krzesło biurowe Compact,Meble,2026-03-01,2,699.5
SKU-0324,Krzesło biurowe Compact,Meble,2026-04-01,0,691.41
SKU-0324,Krzesło biurowe Compact,Meble,2026-05-01,0,707.3
SKU-0324,Krzesło biurowe Compact,Meble,2026-06-01,3,727.01
SKU-0324,Krzesło biurowe Compact,Meble,2026-07-01,0,686.56
SKU-0325,Długopis żelowy Classic,Artykuły biurowe,2024-08-01,2,42.55
SKU-0325,Długopis żelowy Classic,Artykuły biurowe,2024-09-01,2,43.62
SKU-0325,Długopis żelowy Classic,Artykuły biurowe,2024-10-01,3,45.54
SKU-0325,Długopis żelowy Classic,Artykuły biurowe,2024-11-01,5,44.43
SKU-0325,Długopis żelowy Classic,Artykuły biurowe,2024-12-01,5,44.32
SKU-0325,Długopis żelowy Classic,Artykuły biurowe,2025-01-01,4,43.38
SKU-0325,Długopis żelowy Classic,Artykuły biurowe,2025-02-01,2,42.91
SKU-0325,Długopis żelowy Classic,Artykuły biurowe,2025-03-01,2,44.77
SKU-0325,Długopis żelowy Classic,Artykuły biurowe,2025-04-01,1,44.61
SKU-0325,Długopis żelowy Classic,Artykuły biurowe,2025-05-01,1,42.83
SKU-0325,Długopis żelowy Classic,Artykuły biurowe,2025-06-01,0,44.38
SKU-0325,Długopis żelowy Classic,Artykuły biurowe,2025-07-01,1,42.31
SKU-0325,Długopis żelowy Classic,Artykuły biurowe,2025-08-01,2,46.53
SKU-0325,Długopis żelowy Classic,Artykuły biurowe,2025-09-01,2,44.0
SKU-0325,Długopis żelowy Classic,Artykuły biurowe,2025-10-01,3,45.43
SKU-0325,Długopis żelowy Classic,Artykuły biurowe,2025-11-01,4,44.32
SKU-0325,Długopis żelowy Classic,Artykuły biurowe,2025-12-01,4,45.81
SKU-0325,Długopis żelowy Classic,Artykuły biurowe,2026-01-01,3,43.83
SKU-0325,Długopis żelowy Classic,Artykuły biurowe,2026-02-01,2,44.24
SKU-0325,Długopis żelowy Classic,Artykuły biurowe,2026-03-01,3,43.54
SKU-0325,Długopis żelowy Classic,Artykuły biurowe,2026-04-01,1,45.86
SKU-0325,Długopis żelowy Classic,Artykuły biurowe,2026-05-01,1,42.95
SKU-0325,Długopis żelowy Classic,Artykuły biurowe,2026-06-01,1,45.75
SKU-0325,Długopis żelowy Classic,Artykuły biurowe,2026-07-01,1,42.8
SKU-0326,Taśma miernicza Eco,Narzędzia,2024-08-01,19,272.97
SKU-0326,Taśma miernicza Eco,Narzędzia,2024-09-01,18,267.76
SKU-0326,Taśma miernicza Eco,Narzędzia,2024-10-01,18,268.9
SKU-0326,Taśma miernicza Eco,Narzędzia,2024-11-01,19,271.29
SKU-0326,Taśma miernicza Eco,Narzędzia,2024-12-01,18,269.71
SKU-0326,Taśma miernicza Eco,Narzędzia,2025-01-01,18,268.67
SKU-0326,Taśma miernicza Eco,Narzędzia,2025-02-01,16,258.92
SKU-0326,Taśma miernicza Eco,Narzędzia,2025-03-01,22,250.5
SKU-0326,Taśma miernicza Eco,Narzędzia,2025-04-01,20,253.73
SKU-0326,Taśma miernicza Eco,Narzędzia,2025-05-01,20,259.18
SKU-0326,Taśma miernicza Eco,Narzędzia,2025-06-01,17,269.71
SKU-0326,Taśma miernicza Eco,Narzędzia,2025-07-01,18,257.85
SKU-0326,Taśma miernicza Eco,Narzędzia,2025-08-01,20,257.6
SKU-0326,Taśma miernicza Eco,Narzędzia,2025-09-01,19,259.03
SKU-0326,Taśma miernicza Eco,Narzędzia,2025-10-01,19,249.92
SKU-0326,Taśma miernicza Eco,Narzędzia,2025-11-01,20,262.23
SKU-0326,Taśma miernicza Eco,Narzędzia,2025-12-01,20,268.37
SKU-0326,Taśma miernicza Eco,Narzędzia,2026-01-01,19,269.42
SKU-0326,Taśma miernicza Eco,Narzędzia,2026-02-01,18,250.51
SKU-0326,Taśma miernicza Eco,Narzędzia,2026-03-01,16,268.71
SKU-0326,Taśma miernicza Eco,Narzędzia,2026-04-01,15,273.15
SKU-0326,Taśma miernicza Eco,Narzędzia,2026-05-01,18,263.0
SKU-0326,Taśma miernicza Eco,Narzędzia,2026-06-01,17,260.94
SKU-0326,Taśma miernicza Eco,Narzędzia,2026-07-01,20,248.82
SKU-0327,Kozaki zimowe Mini,Obuwie,2024-08-01,24,308.04
SKU-0327,Kozaki zimowe Mini,Obuwie,2024-09-01,32,293.19
SKU-0327,Kozaki zimowe Mini,Obuwie,2024-10-01,34,293.54
SKU-0327,Kozaki zimowe Mini,Obuwie,2024-11-01,32,294.96
SKU-0327,Kozaki zimowe Mini,Obuwie,2024-12-01,33,290.71
SKU-0327,Kozaki zimowe Mini,Obuwie,2025-01-01,33,318.66
SKU-0327,Kozaki zimowe Mini,Obuwie,2025-02-01,37,313.83
SKU-0327,Kozaki zimowe Mini,Obuwie,2025-03-01,32,311.46
SKU-0327,Kozaki zimowe Mini,Obuwie,2025-04-01,33,299.3
SKU-0327,Kozaki zimowe Mini,Obuwie,2025-05-01,34,292.21
SKU-0327,Kozaki zimowe Mini,Obuwie,2025-06-01,29,313.01
SKU-0327,Kozaki zimowe Mini,Obuwie,2025-07-01,26,303.22
SKU-0327,Kozaki zimowe Mini,Obuwie,2025-08-01,25,311.49
SKU-0327,Kozaki zimowe Mini,Obuwie,2025-09-01,30,288.94
SKU-0327,Kozaki zimowe Mini,Obuwie,2025-10-01,27,297.36
SKU-0327,Kozaki zimowe Mini,Obuwie,2025-11-01,28,313.66
SKU-0327,Kozaki zimowe Mini,Obuwie,2025-12-01,32,303.87
SKU-0327,Kozaki zimowe Mini,Obuwie,2026-01-01,29,315.64
SKU-0327,Kozaki zimowe Mini,Obuwie,2026-02-01,29,292.06
SKU-0327,Kozaki zimowe Mini,Obuwie,2026-03-01,36,297.63
SKU-0327,Kozaki zimowe Mini,Obuwie,2026-04-01,32,303.51
SKU-0327,Kozaki zimowe Mini,Obuwie,2026-05-01,26,302.28
SKU-0327,Kozaki zimowe Mini,Obuwie,2026-06-01,25,312.54
SKU-0327,Kozaki zimowe Mini,Obuwie,2026-07-01,26,293.99
SKU-0328,Płyn do spryskiwaczy Plus,Motoryzacja,2024-08-01,267,171.72
SKU-0328,Płyn do spryskiwaczy Plus,Motoryzacja,2024-09-01,188,172.66
SKU-0328,Płyn do spryskiwaczy Plus,Motoryzacja,2024-10-01,159,185.95
SKU-0328,Płyn do spryskiwaczy Plus,Motoryzacja,2024-11-01,130,174.98
SKU-0328,Płyn do spryskiwaczy Plus,Motoryzacja,2024-12-01,147,186.13
SKU-0328,Płyn do spryskiwaczy Plus,Motoryzacja,2025-01-01,194,179.91
SKU-0328,Płyn do spryskiwaczy Plus,Motoryzacja,2025-02-01,189,186.89
SKU-0328,Płyn do spryskiwaczy Plus,Motoryzacja,2025-03-01,299,187.43
SKU-0328,Płyn do spryskiwaczy Plus,Motoryzacja,2025-04-01,526,182.95
SKU-0328,Płyn do spryskiwaczy Plus,Motoryzacja,2025-05-01,364,174.87
SKU-0328,Płyn do spryskiwaczy Plus,Motoryzacja,2025-06-01,454,177.36
SKU-0328,Płyn do spryskiwaczy Plus,Motoryzacja,2025-07-01,367,184.29
SKU-0328,Płyn do spryskiwaczy Plus,Motoryzacja,2025-08-01,331,186.94
SKU-0328,Płyn do spryskiwaczy Plus,Motoryzacja,2025-09-01,305,188.32
SKU-0328,Płyn do spryskiwaczy Plus,Motoryzacja,2025-10-01,162,185.73
SKU-0328,Płyn do spryskiwaczy Plus,Motoryzacja,2025-11-01,160,184.31
SKU-0328,Płyn do spryskiwaczy Plus,Motoryzacja,2025-12-01,173,178.99
SKU-0328,Płyn do spryskiwaczy Plus,Motoryzacja,2026-01-01,139,187.32
SKU-0328,Płyn do spryskiwaczy Plus,Motoryzacja,2026-02-01,291,182.81
SKU-0328,Płyn do spryskiwaczy Plus,Motoryzacja,2026-03-01,251,187.51
SKU-0328,Płyn do spryskiwaczy Plus,Motoryzacja,2026-04-01,417,177.52
SKU-0328,Płyn do spryskiwaczy Plus,Motoryzacja,2026-05-01,454,179.94
SKU-0328,Płyn do spryskiwaczy Plus,Motoryzacja,2026-06-01,445,185.45
SKU-0328,Płyn do spryskiwaczy Plus,Motoryzacja,2026-07-01,451,171.52
SKU-0329,Piłka do piłki nożnej Premium,Sport i rekreacja,2024-08-01,5,102.83
SKU-0329,Piłka do piłki nożnej Premium,Sport i rekreacja,2024-09-01,1,99.29
SKU-0329,Piłka do piłki nożnej Premium,Sport i rekreacja,2024-10-01,1,101.18
SKU-0329,Piłka do piłki nożnej Premium,Sport i rekreacja,2024-11-01,1,97.93
SKU-0329,Piłka do piłki nożnej Premium,Sport i rekreacja,2024-12-01,2,101.66
SKU-0329,Piłka do piłki nożnej Premium,Sport i rekreacja,2025-01-01,3,98.98
SKU-0329,Piłka do piłki nożnej Premium,Sport i rekreacja,2025-02-01,4,95.44
SKU-0329,Piłka do piłki nożnej Premium,Sport i rekreacja,2025-03-01,6,97.79
SKU-0329,Piłka do piłki nożnej Premium,Sport i rekreacja,2025-04-01,11,104.0
SKU-0329,Piłka do piłki nożnej Premium,Sport i rekreacja,2025-05-01,9,104.4
SKU-0329,Piłka do piłki nożnej Premium,Sport i rekreacja,2025-06-01,8,95.88
SKU-0329,Piłka do piłki nożnej Premium,Sport i rekreacja,2025-07-01,7,100.57
SKU-0329,Piłka do piłki nożnej Premium,Sport i rekreacja,2025-08-01,5,99.81
SKU-0329,Piłka do piłki nożnej Premium,Sport i rekreacja,2025-09-01,2,101.73
SKU-0329,Piłka do piłki nożnej Premium,Sport i rekreacja,2025-10-01,1,96.55
SKU-0329,Piłka do piłki nożnej Premium,Sport i rekreacja,2025-11-01,1,102.05
SKU-0329,Piłka do piłki nożnej Premium,Sport i rekreacja,2025-12-01,1,100.06
SKU-0329,Piłka do piłki nożnej Premium,Sport i rekreacja,2026-01-01,5,101.03
SKU-0329,Piłka do piłki nożnej Premium,Sport i rekreacja,2026-02-01,6,100.06
SKU-0329,Piłka do piłki nożnej Premium,Sport i rekreacja,2026-03-01,5,97.61
SKU-0329,Piłka do piłki nożnej Premium,Sport i rekreacja,2026-04-01,11,102.89
SKU-0329,Piłka do piłki nożnej Premium,Sport i rekreacja,2026-05-01,8,99.36
SKU-0329,Piłka do piłki nożnej Premium,Sport i rekreacja,2026-06-01,6,103.04
SKU-0329,Piłka do piłki nożnej Premium,Sport i rekreacja,2026-07-01,5,99.19
SKU-0330,Soundbar Mini,RTV,2024-08-01,0,1110.63
SKU-0330,Soundbar Mini,RTV,2024-09-01,50,1109.77
SKU-0330,Soundbar Mini,RTV,2024-10-01,309,1127.94
SKU-0330,Soundbar Mini,RTV,2024-11-01,181,1082.08
SKU-0330,Soundbar Mini,RTV,2024-12-01,123,1044.12
SKU-0330,Soundbar Mini,RTV,2025-01-01,28,1104.58
SKU-0330,Soundbar Mini,RTV,2025-02-01,0,1060.99
SKU-0330,Soundbar Mini,RTV,2025-03-01,0,1075.03
SKU-0330,Soundbar Mini,RTV,2025-04-01,155,1105.98
SKU-0330,Soundbar Mini,RTV,2025-05-01,230,1076.94
SKU-0330,Soundbar Mini,RTV,2025-06-01,251,1126.29
SKU-0330,Soundbar Mini,RTV,2025-07-01,212,1049.13
SKU-0330,Soundbar Mini,RTV,2025-08-01,0,1052.89
SKU-0330,Soundbar Mini,RTV,2025-09-01,250,1120.53
SKU-0330,Soundbar Mini,RTV,2025-10-01,245,1104.84
SKU-0330,Soundbar Mini,RTV,2025-11-01,213,1150.78
SKU-0330,Soundbar Mini,RTV,2025-12-01,0,1127.12
SKU-0330,Soundbar Mini,RTV,2026-01-01,149,1132.93
SKU-0330,Soundbar Mini,RTV,2026-02-01,156,1142.73
SKU-0330,Soundbar Mini,RTV,2026-03-01,65,1050.7
SKU-0330,Soundbar Mini,RTV,2026-04-01,173,1088.49
SKU-0330,Soundbar Mini,RTV,2026-05-01,0,1069.0
SKU-0330,Soundbar Mini,RTV,2026-06-01,0,1056.57
SKU-0330,Soundbar Mini,RTV,2026-07-01,164,1116.49
SKU-0331,Robot kuchenny Compact,AGD,2024-08-01,4,167.59
SKU-0331,Robot kuchenny Compact,AGD,2024-09-01,1,154.02
SKU-0331,Robot kuchenny Compact,AGD,2024-10-01,1,163.75
SKU-0331,Robot kuchenny Compact,AGD,2024-11-01,0,163.33
SKU-0331,Robot kuchenny Compact,AGD,2024-12-01,1,165.88
SKU-0331,Robot kuchenny Compact,AGD,2025-01-01,2,159.93
SKU-0331,Robot kuchenny Compact,AGD,2025-02-01,3,161.29
SKU-0331,Robot kuchenny Compact,AGD,2025-03-01,6,154.98
SKU-0331,Robot kuchenny Compact,AGD,2025-04-01,5,164.57
SKU-0331,Robot kuchenny Compact,AGD,2025-05-01,8,157.16
SKU-0331,Robot kuchenny Compact,AGD,2025-06-01,6,159.58
SKU-0331,Robot kuchenny Compact,AGD,2025-07-01,5,156.11
SKU-0331,Robot kuchenny Compact,AGD,2025-08-01,4,162.49
SKU-0331,Robot kuchenny Compact,AGD,2025-09-01,1,155.92
SKU-0331,Robot kuchenny Compact,AGD,2025-10-01,1,163.22
SKU-0331,Robot kuchenny Compact,AGD,2025-11-01,0,168.38
SKU-0331,Robot kuchenny Compact,AGD,2025-12-01,1,156.39
SKU-0331,Robot kuchenny Compact,AGD,2026-01-01,2,153.35
SKU-0331,Robot kuchenny Compact,AGD,2026-02-01,3,166.79
SKU-0331,Robot kuchenny Compact,AGD,2026-03-01,4,155.64
SKU-0331,Robot kuchenny Compact,AGD,2026-04-01,5,165.67
SKU-0331,Robot kuchenny Compact,AGD,2026-05-01,6,155.12
SKU-0331,Robot kuchenny Compact,AGD,2026-06-01,4,160.55
SKU-0331,Robot kuchenny Compact,AGD,2026-07-01,4,167.77
SKU-0332,Zszywacz biurowy,Artykuły biurowe,2024-08-01,12,53.76
SKU-0332,Zszywacz biurowy,Artykuły biurowe,2024-09-01,7,50.28
SKU-0332,Zszywacz biurowy,Artykuły biurowe,2024-10-01,0,52.62
SKU-0332,Zszywacz biurowy,Artykuły biurowe,2024-11-01,9,55.35
SKU-0332,Zszywacz biurowy,Artykuły biurowe,2024-12-01,6,52.03
SKU-0332,Zszywacz biurowy,Artykuły biurowe,2025-01-01,0,51.76
SKU-0332,Zszywacz biurowy,Artykuły biurowe,2025-02-01,2,55.23
SKU-0332,Zszywacz biurowy,Artykuły biurowe,2025-03-01,0,55.2
SKU-0332,Zszywacz biurowy,Artykuły biurowe,2025-04-01,3,52.96
SKU-0332,Zszywacz biurowy,Artykuły biurowe,2025-05-01,0,52.85
SKU-0332,Zszywacz biurowy,Artykuły biurowe,2025-06-01,8,53.28
SKU-0332,Zszywacz biurowy,Artykuły biurowe,2025-07-01,8,52.96
SKU-0332,Zszywacz biurowy,Artykuły biurowe,2025-08-01,13,50.65
SKU-0332,Zszywacz biurowy,Artykuły biurowe,2025-09-01,9,53.57
SKU-0332,Zszywacz biurowy,Artykuły biurowe,2025-10-01,0,50.43
SKU-0332,Zszywacz biurowy,Artykuły biurowe,2025-11-01,4,51.63
SKU-0332,Zszywacz biurowy,Artykuły biurowe,2025-12-01,5,50.37
SKU-0332,Zszywacz biurowy,Artykuły biurowe,2026-01-01,0,55.27
SKU-0332,Zszywacz biurowy,Artykuły biurowe,2026-02-01,0,51.42
SKU-0332,Zszywacz biurowy,Artykuły biurowe,2026-03-01,0,50.72
SKU-0332,Zszywacz biurowy,Artykuły biurowe,2026-04-01,5,51.37
SKU-0332,Zszywacz biurowy,Artykuły biurowe,2026-05-01,8,53.66
SKU-0332,Zszywacz biurowy,Artykuły biurowe,2026-06-01,7,52.77
SKU-0332,Zszywacz biurowy,Artykuły biurowe,2026-07-01,10,55.45
SKU-0333,Dezodorant w kulce Mini,Kosmetyki,2024-08-01,21,117.25
SKU-0333,Dezodorant w kulce Mini,Kosmetyki,2024-09-01,9,118.64
SKU-0333,Dezodorant w kulce Mini,Kosmetyki,2024-10-01,0,123.38
SKU-0333,Dezodorant w kulce Mini,Kosmetyki,2024-11-01,0,117.84
SKU-0333,Dezodorant w kulce Mini,Kosmetyki,2024-12-01,0,116.75
SKU-0333,Dezodorant w kulce Mini,Kosmetyki,2025-01-01,0,121.71
SKU-0333,Dezodorant w kulce Mini,Kosmetyki,2025-02-01,14,117.9
SKU-0333,Dezodorant w kulce Mini,Kosmetyki,2025-03-01,1,121.89
SKU-0333,Dezodorant w kulce Mini,Kosmetyki,2025-04-01,0,113.3
SKU-0333,Dezodorant w kulce Mini,Kosmetyki,2025-05-01,1,114.64
SKU-0333,Dezodorant w kulce Mini,Kosmetyki,2025-06-01,0,113.82
SKU-0333,Dezodorant w kulce Mini,Kosmetyki,2025-07-01,9,120.31
SKU-0333,Dezodorant w kulce Mini,Kosmetyki,2025-08-01,3,117.19
SKU-0333,Dezodorant w kulce Mini,Kosmetyki,2025-09-01,8,121.89
SKU-0333,Dezodorant w kulce Mini,Kosmetyki,2025-10-01,2,114.91
SKU-0333,Dezodorant w kulce Mini,Kosmetyki,2025-11-01,0,120.76
SKU-0333,Dezodorant w kulce Mini,Kosmetyki,2025-12-01,0,116.57
SKU-0333,Dezodorant w kulce Mini,Kosmetyki,2026-01-01,0,118.81
SKU-0333,Dezodorant w kulce Mini,Kosmetyki,2026-02-01,0,113.11
SKU-0333,Dezodorant w kulce Mini,Kosmetyki,2026-03-01,2,123.74
SKU-0333,Dezodorant w kulce Mini,Kosmetyki,2026-04-01,5,120.4
SKU-0333,Dezodorant w kulce Mini,Kosmetyki,2026-05-01,0,115.95
SKU-0333,Dezodorant w kulce Mini,Kosmetyki,2026-06-01,0,113.48
SKU-0333,Dezodorant w kulce Mini,Kosmetyki,2026-07-01,4,116.56
SKU-0334,Grill węglowy Classic,Ogród,2024-08-01,0,410.84
SKU-0334,Grill węglowy Classic,Ogród,2024-09-01,0,396.95
SKU-0334,Grill węglowy Classic,Ogród,2024-10-01,5,385.6
SKU-0334,Grill węglowy Classic,Ogród,2024-11-01,4,395.06
SKU-0334,Grill węglowy Classic,Ogród,2024-12-01,0,385.25
SKU-0334,Grill węglowy Classic,Ogród,2025-01-01,4,402.97
SKU-0334,Grill węglowy Classic,Ogród,2025-02-01,0,404.5
SKU-0334,Grill węglowy Classic,Ogród,2025-03-01,8,415.49
SKU-0334,Grill węglowy Classic,Ogród,2025-04-01,6,383.28
SKU-0334,Grill węglowy Classic,Ogród,2025-05-01,0,380.22
SKU-0334,Grill węglowy Classic,Ogród,2025-06-01,2,410.71
SKU-0334,Grill węglowy Classic,Ogród,2025-07-01,6,396.39
SKU-0334,Grill węglowy Classic,Ogród,2025-08-01,0,409.79
SKU-0334,Grill węglowy Classic,Ogród,2025-09-01,0,406.17
SKU-0334,Grill węglowy Classic,Ogród,2025-10-01,0,389.92
SKU-0334,Grill węglowy Classic,Ogród,2025-11-01,10,379.77
SKU-0334,Grill węglowy Classic,Ogród,2025-12-01,7,393.56
SKU-0334,Grill węglowy Classic,Ogród,2026-01-01,1,401.5
SKU-0334,Grill węglowy Classic,Ogród,2026-02-01,6,418.88
SKU-0334,Grill węglowy Classic,Ogród,2026-03-01,0,405.61
SKU-0334,Grill węglowy Classic,Ogród,2026-04-01,5,384.15
SKU-0334,Grill węglowy Classic,Ogród,2026-05-01,5,389.69
SKU-0334,Grill węglowy Classic,Ogród,2026-06-01,4,401.33
SKU-0334,Grill węglowy Classic,Ogród,2026-07-01,0,404.62
SKU-0335,Kozaki zimowe XL,Obuwie,2024-08-01,1,104.7
SKU-0335,Kozaki zimowe XL,Obuwie,2024-09-01,1,101.78
SKU-0335,Kozaki zimowe XL,Obuwie,2024-10-01,1,103.51
SKU-0335,Kozaki zimowe XL,Obuwie,2024-11-01,0,103.25
SKU-0335,Kozaki zimowe XL,Obuwie,2024-12-01,0,108.23
SKU-0335,Kozaki zimowe XL,Obuwie,2025-01-01,2,101.76
SKU-0335,Kozaki zimowe XL,Obuwie,2025-02-01,2,103.38
SKU-0335,Kozaki zimowe XL,Obuwie,2025-03-01,0,101.7
SKU-0335,Kozaki zimowe XL,Obuwie,2025-04-01,0,101.72
SKU-0335,Kozaki zimowe XL,Obuwie,2025-05-01,0,101.82
SKU-0335,Kozaki zimowe XL,Obuwie,2025-06-01,2,107.37
SKU-0335,Kozaki zimowe XL,Obuwie,2025-07-01,0,98.52
SKU-0335,Kozaki zimowe XL,Obuwie,2025-08-01,1,104.69
SKU-0335,Kozaki zimowe XL,Obuwie,2025-09-01,0,105.82
SKU-0335,Kozaki zimowe XL,Obuwie,2025-10-01,1,107.75
SKU-0335,Kozaki zimowe XL,Obuwie,2025-11-01,0,98.62
SKU-0335,Kozaki zimowe XL,Obuwie,2025-12-01,0,103.9
SKU-0335,Kozaki zimowe XL,Obuwie,2026-01-01,0,107.92
SKU-0335,Kozaki zimowe XL,Obuwie,2026-02-01,0,105.69
SKU-0335,Kozaki zimowe XL,Obuwie,2026-03-01,1,100.7
SKU-0335,Kozaki zimowe XL,Obuwie,2026-04-01,1,101.03
SKU-0335,Kozaki zimowe XL,Obuwie,2026-05-01,0,104.66
SKU-0335,Kozaki zimowe XL,Obuwie,2026-06-01,3,107.73
SKU-0335,Kozaki zimowe XL,Obuwie,2026-07-01,2,103.12
SKU-0336,Wycieraczki samochodowe Advanced,Motoryzacja,2024-08-01,27,109.58
SKU-0336,Wycieraczki samochodowe Advanced,Motoryzacja,2024-09-01,0,103.04
SKU-0336,Wycieraczki samochodowe Advanced,Motoryzacja,2024-10-01,0,104.56
SKU-0336,Wycieraczki samochodowe Advanced,Motoryzacja,2024-11-01,8,100.55
SKU-0336,Wycieraczki samochodowe Advanced,Motoryzacja,2024-12-01,0,105.13
SKU-0336,Wycieraczki samochodowe Advanced,Motoryzacja,2025-01-01,0,110.06
SKU-0336,Wycieraczki samochodowe Advanced,Motoryzacja,2025-02-01,0,110.25
SKU-0336,Wycieraczki samochodowe Advanced,Motoryzacja,2025-03-01,0,104.54
SKU-0336,Wycieraczki samochodowe Advanced,Motoryzacja,2025-04-01,11,105.79
SKU-0336,Wycieraczki samochodowe Advanced,Motoryzacja,2025-05-01,0,108.34
SKU-0336,Wycieraczki samochodowe Advanced,Motoryzacja,2025-06-01,0,105.46
SKU-0336,Wycieraczki samochodowe Advanced,Motoryzacja,2025-07-01,17,108.96
SKU-0336,Wycieraczki samochodowe Advanced,Motoryzacja,2025-08-01,0,100.0
SKU-0336,Wycieraczki samochodowe Advanced,Motoryzacja,2025-09-01,0,110.03
SKU-0336,Wycieraczki samochodowe Advanced,Motoryzacja,2025-10-01,7,103.12
SKU-0336,Wycieraczki samochodowe Advanced,Motoryzacja,2025-11-01,19,104.4
SKU-0336,Wycieraczki samochodowe Advanced,Motoryzacja,2025-12-01,32,103.24
SKU-0336,Wycieraczki samochodowe Advanced,Motoryzacja,2026-01-01,5,109.64
SKU-0336,Wycieraczki samochodowe Advanced,Motoryzacja,2026-02-01,0,102.5
SKU-0336,Wycieraczki samochodowe Advanced,Motoryzacja,2026-03-01,0,106.1
SKU-0336,Wycieraczki samochodowe Advanced,Motoryzacja,2026-04-01,3,100.96
SKU-0336,Wycieraczki samochodowe Advanced,Motoryzacja,2026-05-01,25,101.55
SKU-0336,Wycieraczki samochodowe Advanced,Motoryzacja,2026-06-01,0,106.43
SKU-0336,Wycieraczki samochodowe Advanced,Motoryzacja,2026-07-01,13,101.34
SKU-0337,Samochodzik zdalnie sterowany Mini,Zabawki,2024-08-01,51,205.95
SKU-0337,Samochodzik zdalnie sterowany Mini,Zabawki,2024-09-01,0,205.86
SKU-0337,Samochodzik zdalnie sterowany Mini,Zabawki,2024-10-01,14,205.02
SKU-0337,Samochodzik zdalnie sterowany Mini,Zabawki,2024-11-01,0,192.56
SKU-0337,Samochodzik zdalnie sterowany Mini,Zabawki,2024-12-01,40,199.99
SKU-0337,Samochodzik zdalnie sterowany Mini,Zabawki,2025-01-01,36,206.03
SKU-0337,Samochodzik zdalnie sterowany Mini,Zabawki,2025-02-01,0,199.78
SKU-0337,Samochodzik zdalnie sterowany Mini,Zabawki,2025-03-01,0,198.18
SKU-0337,Samochodzik zdalnie sterowany Mini,Zabawki,2025-04-01,2,194.28
SKU-0337,Samochodzik zdalnie sterowany Mini,Zabawki,2025-05-01,22,206.37
SKU-0337,Samochodzik zdalnie sterowany Mini,Zabawki,2025-06-01,0,208.44
SKU-0337,Samochodzik zdalnie sterowany Mini,Zabawki,2025-07-01,19,204.06
SKU-0337,Samochodzik zdalnie sterowany Mini,Zabawki,2025-08-01,50,197.11
SKU-0337,Samochodzik zdalnie sterowany Mini,Zabawki,2025-09-01,35,203.37
SKU-0337,Samochodzik zdalnie sterowany Mini,Zabawki,2025-10-01,64,206.09
SKU-0337,Samochodzik zdalnie sterowany Mini,Zabawki,2025-11-01,0,200.75
SKU-0337,Samochodzik zdalnie sterowany Mini,Zabawki,2025-12-01,29,207.73
SKU-0337,Samochodzik zdalnie sterowany Mini,Zabawki,2026-01-01,33,198.39
SKU-0337,Samochodzik zdalnie sterowany Mini,Zabawki,2026-02-01,42,207.44
SKU-0337,Samochodzik zdalnie sterowany Mini,Zabawki,2026-03-01,1,197.64
SKU-0337,Samochodzik zdalnie sterowany Mini,Zabawki,2026-04-01,19,199.67
SKU-0337,Samochodzik zdalnie sterowany Mini,Zabawki,2026-05-01,45,198.59
SKU-0337,Samochodzik zdalnie sterowany Mini,Zabawki,2026-06-01,0,202.32
SKU-0337,Samochodzik zdalnie sterowany Mini,Zabawki,2026-07-01,0,207.81
SKU-0338,Herbata czarna 100g Classic,Spożywcze,2024-08-01,5,13.09
SKU-0338,Herbata czarna 100g Classic,Spożywcze,2024-09-01,4,12.89
SKU-0338,Herbata czarna 100g Classic,Spożywcze,2024-10-01,5,11.99
SKU-0338,Herbata czarna 100g Classic,Spożywcze,2024-11-01,5,12.2
SKU-0338,Herbata czarna 100g Classic,Spożywcze,2024-12-01,4,11.99
SKU-0338,Herbata czarna 100g Classic,Spożywcze,2025-01-01,5,13.1
SKU-0338,Herbata czarna 100g Classic,Spożywcze,2025-02-01,6,12.69
SKU-0338,Herbata czarna 100g Classic,Spożywcze,2025-03-01,6,12.6
SKU-0338,Herbata czarna 100g Classic,Spożywcze,2025-04-01,6,12.35
SKU-0338,Herbata czarna 100g Classic,Spożywcze,2025-05-01,5,12.0
SKU-0338,Herbata czarna 100g Classic,Spożywcze,2025-06-01,5,13.07
SKU-0338,Herbata czarna 100g Classic,Spożywcze,2025-07-01,4,12.89
SKU-0338,Herbata czarna 100g Classic,Spożywcze,2025-08-01,5,12.3
SKU-0338,Herbata czarna 100g Classic,Spożywcze,2025-09-01,4,12.05
SKU-0338,Herbata czarna 100g Classic,Spożywcze,2025-10-01,4,12.12
SKU-0338,Herbata czarna 100g Classic,Spożywcze,2025-11-01,5,11.96
SKU-0338,Herbata czarna 100g Classic,Spożywcze,2025-12-01,5,12.8
SKU-0338,Herbata czarna 100g Classic,Spożywcze,2026-01-01,4,12.5
SKU-0338,Herbata czarna 100g Classic,Spożywcze,2026-02-01,6,12.28
SKU-0338,Herbata czarna 100g Classic,Spożywcze,2026-03-01,6,12.55
SKU-0338,Herbata czarna 100g Classic,Spożywcze,2026-04-01,5,12.91
SKU-0338,Herbata czarna 100g Classic,Spożywcze,2026-05-01,4,12.58
SKU-0338,Herbata czarna 100g Classic,Spożywcze,2026-06-01,4,12.86
SKU-0338,Herbata czarna 100g Classic,Spożywcze,2026-07-01,5,12.95
SKU-0339,Sandały letnie Advanced,Obuwie,2024-08-01,4,178.49
SKU-0339,Sandały letnie Advanced,Obuwie,2024-09-01,4,184.74
SKU-0339,Sandały letnie Advanced,Obuwie,2024-10-01,0,178.52
SKU-0339,Sandały letnie Advanced,Obuwie,2024-11-01,0,183.72
SKU-0339,Sandały letnie Advanced,Obuwie,2024-12-01,0,173.2
SKU-0339,Sandały letnie Advanced,Obuwie,2025-01-01,0,172.22
SKU-0339,Sandały letnie Advanced,Obuwie,2025-02-01,6,178.97
SKU-0339,Sandały letnie Advanced,Obuwie,2025-03-01,5,168.5
SKU-0339,Sandały letnie Advanced,Obuwie,2025-04-01,2,180.97
SKU-0339,Sandały letnie Advanced,Obuwie,2025-05-01,5,178.97
SKU-0339,Sandały letnie Advanced,Obuwie,2025-06-01,7,182.18
SKU-0339,Sandały letnie Advanced,Obuwie,2025-07-01,0,172.33
SKU-0339,Sandały letnie Advanced,Obuwie,2025-08-01,6,174.02
SKU-0339,Sandały letnie Advanced,Obuwie,2025-09-01,4,183.94
SKU-0339,Sandały letnie Advanced,Obuwie,2025-10-01,0,173.73
SKU-0339,Sandały letnie Advanced,Obuwie,2025-11-01,0,176.62
SKU-0339,Sandały letnie Advanced,Obuwie,2025-12-01,0,172.12
SKU-0339,Sandały letnie Advanced,Obuwie,2026-01-01,7,177.97
SKU-0339,Sandały letnie Advanced,Obuwie,2026-02-01,2,183.73
SKU-0339,Sandały letnie Advanced,Obuwie,2026-03-01,6,180.36
SKU-0339,Sandały letnie Advanced,Obuwie,2026-04-01,7,180.41
SKU-0339,Sandały letnie Advanced,Obuwie,2026-05-01,0,177.96
SKU-0339,Sandały letnie Advanced,Obuwie,2026-06-01,4,178.62
SKU-0339,Sandały letnie Advanced,Obuwie,2026-07-01,9,178.67
SKU-0340,Segregator A4 Plus,Artykuły biurowe,2024-08-01,16,27.28
SKU-0340,Segregator A4 Plus,Artykuły biurowe,2024-09-01,6,26.65
SKU-0340,Segregator A4 Plus,Artykuły biurowe,2024-10-01,5,26.48
SKU-0340,Segregator A4 Plus,Artykuły biurowe,2024-11-01,12,27.19
SKU-0340,Segregator A4 Plus,Artykuły biurowe,2024-12-01,0,25.26
SKU-0340,Segregator A4 Plus,Artykuły biurowe,2025-01-01,34,25.05
SKU-0340,Segregator A4 Plus,Artykuły biurowe,2025-02-01,16,24.96
SKU-0340,Segregator A4 Plus,Artykuły biurowe,2025-03-01,0,26.36
SKU-0340,Segregator A4 Plus,Artykuły biurowe,2025-04-01,6,26.61
SKU-0340,Segregator A4 Plus,Artykuły biurowe,2025-05-01,0,26.14
SKU-0340,Segregator A4 Plus,Artykuły biurowe,2025-06-01,11,27.06
SKU-0340,Segregator A4 Plus,Artykuły biurowe,2025-07-01,25,26.53
SKU-0340,Segregator A4 Plus,Artykuły biurowe,2025-08-01,2,25.48
SKU-0340,Segregator A4 Plus,Artykuły biurowe,2025-09-01,6,24.98
SKU-0340,Segregator A4 Plus,Artykuły biurowe,2025-10-01,9,25.96
SKU-0340,Segregator A4 Plus,Artykuły biurowe,2025-11-01,13,25.52
SKU-0340,Segregator A4 Plus,Artykuły biurowe,2025-12-01,10,26.72
SKU-0340,Segregator A4 Plus,Artykuły biurowe,2026-01-01,18,26.66
SKU-0340,Segregator A4 Plus,Artykuły biurowe,2026-02-01,29,25.41
SKU-0340,Segregator A4 Plus,Artykuły biurowe,2026-03-01,0,25.11
SKU-0340,Segregator A4 Plus,Artykuły biurowe,2026-04-01,13,27.43
SKU-0340,Segregator A4 Plus,Artykuły biurowe,2026-05-01,0,26.91
SKU-0340,Segregator A4 Plus,Artykuły biurowe,2026-06-01,0,27.46
SKU-0340,Segregator A4 Plus,Artykuły biurowe,2026-07-01,0,26.25
SKU-0341,Lampa biurkowa XL,Oświetlenie,2024-08-01,2,274.82
SKU-0341,Lampa biurkowa XL,Oświetlenie,2024-09-01,2,264.77
SKU-0341,Lampa biurkowa XL,Oświetlenie,2024-10-01,2,265.07
SKU-0341,Lampa biurkowa XL,Oświetlenie,2024-11-01,2,273.66
SKU-0341,Lampa biurkowa XL,Oświetlenie,2024-12-01,2,272.1
SKU-0341,Lampa biurkowa XL,Oświetlenie,2025-01-01,2,265.87
SKU-0341,Lampa biurkowa XL,Oświetlenie,2025-02-01,2,255.25
SKU-0341,Lampa biurkowa XL,Oświetlenie,2025-03-01,2,257.32
SKU-0341,Lampa biurkowa XL,Oświetlenie,2025-04-01,2,272.39
SKU-0341,Lampa biurkowa XL,Oświetlenie,2025-05-01,2,270.59
SKU-0341,Lampa biurkowa XL,Oświetlenie,2025-06-01,2,258.8
SKU-0341,Lampa biurkowa XL,Oświetlenie,2025-07-01,2,270.51
SKU-0341,Lampa biurkowa XL,Oświetlenie,2025-08-01,2,261.68
SKU-0341,Lampa biurkowa XL,Oświetlenie,2025-09-01,2,259.85
SKU-0341,Lampa biurkowa XL,Oświetlenie,2025-10-01,2,277.43
SKU-0341,Lampa biurkowa XL,Oświetlenie,2025-11-01,2,263.06
SKU-0341,Lampa biurkowa XL,Oświetlenie,2025-12-01,2,260.51
SKU-0341,Lampa biurkowa XL,Oświetlenie,2026-01-01,2,272.86
SKU-0341,Lampa biurkowa XL,Oświetlenie,2026-02-01,2,259.57
SKU-0341,Lampa biurkowa XL,Oświetlenie,2026-03-01,3,261.27
SKU-0341,Lampa biurkowa XL,Oświetlenie,2026-04-01,2,259.46
SKU-0341,Lampa biurkowa XL,Oświetlenie,2026-05-01,3,262.92
SKU-0341,Lampa biurkowa XL,Oświetlenie,2026-06-01,3,254.27
SKU-0341,Lampa biurkowa XL,Oświetlenie,2026-07-01,2,254.39
SKU-0342,Kozaki zimowe Compact,Obuwie,2024-08-01,7,304.18
SKU-0342,Kozaki zimowe Compact,Obuwie,2024-09-01,8,307.53
SKU-0342,Kozaki zimowe Compact,Obuwie,2024-10-01,7,303.48
SKU-0342,Kozaki zimowe Compact,Obuwie,2024-11-01,7,304.34
SKU-0342,Kozaki zimowe Compact,Obuwie,2024-12-01,8,331.07
SKU-0342,Kozaki zimowe Compact,Obuwie,2025-01-01,6,324.64
SKU-0342,Kozaki zimowe Compact,Obuwie,2025-02-01,6,309.55
SKU-0342,Kozaki zimowe Compact,Obuwie,2025-03-01,6,315.2
SKU-0342,Kozaki zimowe Compact,Obuwie,2025-04-01,6,317.4
SKU-0342,Kozaki zimowe Compact,Obuwie,2025-05-01,8,325.05
SKU-0342,Kozaki zimowe Compact,Obuwie,2025-06-01,8,309.05
SKU-0342,Kozaki zimowe Compact,Obuwie,2025-07-01,8,328.68
SKU-0342,Kozaki zimowe Compact,Obuwie,2025-08-01,10,308.38
SKU-0342,Kozaki zimowe Compact,Obuwie,2025-09-01,9,313.39
SKU-0342,Kozaki zimowe Compact,Obuwie,2025-10-01,8,307.41
SKU-0342,Kozaki zimowe Compact,Obuwie,2025-11-01,8,305.9
SKU-0342,Kozaki zimowe Compact,Obuwie,2025-12-01,9,311.04
SKU-0342,Kozaki zimowe Compact,Obuwie,2026-01-01,9,304.28
SKU-0342,Kozaki zimowe Compact,Obuwie,2026-02-01,6,310.41
SKU-0342,Kozaki zimowe Compact,Obuwie,2026-03-01,8,328.34
SKU-0342,Kozaki zimowe Compact,Obuwie,2026-04-01,7,329.23
SKU-0342,Kozaki zimowe Compact,Obuwie,2026-05-01,9,329.92
SKU-0342,Kozaki zimowe Compact,Obuwie,2026-06-01,9,321.05
SKU-0342,Kozaki zimowe Compact,Obuwie,2026-07-01,9,312.83
SKU-0343,Sweter wełniany Plus,Odzież,2024-08-01,29,168.73
SKU-0343,Sweter wełniany Plus,Odzież,2024-09-01,42,172.9
SKU-0343,Sweter wełniany Plus,Odzież,2024-10-01,89,164.44
SKU-0343,Sweter wełniany Plus,Odzież,2024-11-01,145,172.61
SKU-0343,Sweter wełniany Plus,Odzież,2024-12-01,182,174.31
SKU-0343,Sweter wełniany Plus,Odzież,2025-01-01,204,169.59
SKU-0343,Sweter wełniany Plus,Odzież,2025-02-01,162,159.9
SKU-0343,Sweter wełniany Plus,Odzież,2025-03-01,132,173.31
SKU-0343,Sweter wełniany Plus,Odzież,2025-04-01,99,173.16
SKU-0343,Sweter wełniany Plus,Odzież,2025-05-01,63,175.75
SKU-0343,Sweter wełniany Plus,Odzież,2025-06-01,29,170.45
SKU-0343,Sweter wełniany Plus,Odzież,2025-07-01,18,169.59
SKU-0343,Sweter wełniany Plus,Odzież,2025-08-01,30,171.43
SKU-0343,Sweter wełniany Plus,Odzież,2025-09-01,43,169.23
SKU-0343,Sweter wełniany Plus,Odzież,2025-10-01,80,163.42
SKU-0343,Sweter wełniany Plus,Odzież,2025-11-01,138,172.07
SKU-0343,Sweter wełniany Plus,Odzież,2025-12-01,113,166.75
SKU-0343,Sweter wełniany Plus,Odzież,2026-01-01,153,162.72
SKU-0343,Sweter wełniany Plus,Odzież,2026-02-01,224,165.87
SKU-0343,Sweter wełniany Plus,Odzież,2026-03-01,164,164.14
SKU-0343,Sweter wełniany Plus,Odzież,2026-04-01,127,171.09
SKU-0343,Sweter wełniany Plus,Odzież,2026-05-01,67,172.79
SKU-0343,Sweter wełniany Plus,Odzież,2026-06-01,30,166.36
SKU-0343,Sweter wełniany Plus,Odzież,2026-07-01,33,170.41
SKU-0344,Gra planszowa Mini,Zabawki,2024-08-01,25,101.79
SKU-0344,Gra planszowa Mini,Zabawki,2024-09-01,27,95.86
SKU-0344,Gra planszowa Mini,Zabawki,2024-10-01,12,100.39
SKU-0344,Gra planszowa Mini,Zabawki,2024-11-01,8,97.48
SKU-0344,Gra planszowa Mini,Zabawki,2024-12-01,2,97.37
SKU-0344,Gra planszowa Mini,Zabawki,2025-01-01,1,100.42
SKU-0344,Gra planszowa Mini,Zabawki,2025-02-01,3,103.19
SKU-0344,Gra planszowa Mini,Zabawki,2025-03-01,7,103.86
SKU-0344,Gra planszowa Mini,Zabawki,2025-04-01,15,101.34
SKU-0344,Gra planszowa Mini,Zabawki,2025-05-01,20,94.65
SKU-0344,Gra planszowa Mini,Zabawki,2025-06-01,31,94.76
SKU-0344,Gra planszowa Mini,Zabawki,2025-07-01,28,94.73
SKU-0344,Gra planszowa Mini,Zabawki,2025-08-01,22,103.8
SKU-0344,Gra planszowa Mini,Zabawki,2025-09-01,17,95.54
SKU-0344,Gra planszowa Mini,Zabawki,2025-10-01,16,97.31
SKU-0344,Gra planszowa Mini,Zabawki,2025-11-01,6,96.71
SKU-0344,Gra planszowa Mini,Zabawki,2025-12-01,2,103.28
SKU-0344,Gra planszowa Mini,Zabawki,2026-01-01,1,98.48
SKU-0344,Gra planszowa Mini,Zabawki,2026-02-01,2,100.04
SKU-0344,Gra planszowa Mini,Zabawki,2026-03-01,7,96.11
SKU-0344,Gra planszowa Mini,Zabawki,2026-04-01,15,100.74
SKU-0344,Gra planszowa Mini,Zabawki,2026-05-01,23,103.23
SKU-0344,Gra planszowa Mini,Zabawki,2026-06-01,25,95.98
SKU-0344,Gra planszowa Mini,Zabawki,2026-07-01,28,94.62
SKU-0345,Lampion ogrodowy,Oświetlenie,2024-08-01,1,214.26
SKU-0345,Lampion ogrodowy,Oświetlenie,2024-09-01,2,209.32
SKU-0345,Lampion ogrodowy,Oświetlenie,2024-10-01,2,208.83
SKU-0345,Lampion ogrodowy,Oświetlenie,2024-11-01,5,214.17
SKU-0345,Lampion ogrodowy,Oświetlenie,2024-12-01,4,207.27
SKU-0345,Lampion ogrodowy,Oświetlenie,2025-01-01,6,223.33
SKU-0345,Lampion ogrodowy,Oświetlenie,2025-02-01,7,209.61
SKU-0345,Lampion ogrodowy,Oświetlenie,2025-03-01,9,206.63
SKU-0345,Lampion ogrodowy,Oświetlenie,2025-04-01,6,211.56
SKU-0345,Lampion ogrodowy,Oświetlenie,2025-05-01,5,225.22
SKU-0345,Lampion ogrodowy,Oświetlenie,2025-06-01,3,226.24
SKU-0345,Lampion ogrodowy,Oświetlenie,2025-07-01,2,214.72
SKU-0345,Lampion ogrodowy,Oświetlenie,2025-08-01,1,207.26
SKU-0345,Lampion ogrodowy,Oświetlenie,2025-09-01,2,208.3
SKU-0345,Lampion ogrodowy,Oświetlenie,2025-10-01,2,209.85
SKU-0345,Lampion ogrodowy,Oświetlenie,2025-11-01,4,222.84
SKU-0345,Lampion ogrodowy,Oświetlenie,2025-12-01,5,215.72
SKU-0345,Lampion ogrodowy,Oświetlenie,2026-01-01,8,217.16
SKU-0345,Lampion ogrodowy,Oświetlenie,2026-02-01,10,224.07
SKU-0345,Lampion ogrodowy,Oświetlenie,2026-03-01,8,212.35
SKU-0345,Lampion ogrodowy,Oświetlenie,2026-04-01,4,212.89
SKU-0345,Lampion ogrodowy,Oświetlenie,2026-05-01,5,219.04
SKU-0345,Lampion ogrodowy,Oświetlenie,2026-06-01,2,222.91
SKU-0345,Lampion ogrodowy,Oświetlenie,2026-07-01,3,208.14
SKU-0346,Zszywacz biurowy Plus,Artykuły biurowe,2024-08-01,4,37.46
SKU-0346,Zszywacz biurowy Plus,Artykuły biurowe,2024-09-01,5,38.45
SKU-0346,Zszywacz biurowy Plus,Artykuły biurowe,2024-10-01,1,39.48
SKU-0346,Zszywacz biurowy Plus,Artykuły biurowe,2024-11-01,0,39.2
SKU-0346,Zszywacz biurowy Plus,Artykuły biurowe,2024-12-01,1,39.05
SKU-0346,Zszywacz biurowy Plus,Artykuły biurowe,2025-01-01,2,37.75
SKU-0346,Zszywacz biurowy Plus,Artykuły biurowe,2025-02-01,5,36.26
SKU-0346,Zszywacz biurowy Plus,Artykuły biurowe,2025-03-01,9,39.33
SKU-0346,Zszywacz biurowy Plus,Artykuły biurowe,2025-04-01,11,37.2
SKU-0346,Zszywacz biurowy Plus,Artykuły biurowe,2025-05-01,9,38.27
SKU-0346,Zszywacz biurowy Plus,Artykuły biurowe,2025-06-01,10,36.49
SKU-0346,Zszywacz biurowy Plus,Artykuły biurowe,2025-07-01,10,37.04
SKU-0346,Zszywacz biurowy Plus,Artykuły biurowe,2025-08-01,8,36.38
SKU-0346,Zszywacz biurowy Plus,Artykuły biurowe,2025-09-01,6,37.34
SKU-0346,Zszywacz biurowy Plus,Artykuły biurowe,2025-10-01,2,36.29
SKU-0346,Zszywacz biurowy Plus,Artykuły biurowe,2025-11-01,1,38.16
SKU-0346,Zszywacz biurowy Plus,Artykuły biurowe,2025-12-01,1,36.31
SKU-0346,Zszywacz biurowy Plus,Artykuły biurowe,2026-01-01,4,37.15
SKU-0346,Zszywacz biurowy Plus,Artykuły biurowe,2026-02-01,6,39.76
SKU-0346,Zszywacz biurowy Plus,Artykuły biurowe,2026-03-01,10,39.46
SKU-0346,Zszywacz biurowy Plus,Artykuły biurowe,2026-04-01,12,38.54
SKU-0346,Zszywacz biurowy Plus,Artykuły biurowe,2026-05-01,16,36.48
SKU-0346,Zszywacz biurowy Plus,Artykuły biurowe,2026-06-01,16,38.43
SKU-0346,Zszywacz biurowy Plus,Artykuły biurowe,2026-07-01,17,37.78
SKU-0347,Blender kielichowy Pro,AGD,2024-08-01,22,396.64
SKU-0347,Blender kielichowy Pro,AGD,2024-09-01,24,396.11
SKU-0347,Blender kielichowy Pro,AGD,2024-10-01,21,392.56
SKU-0347,Blender kielichowy Pro,AGD,2024-11-01,20,398.99
SKU-0347,Blender kielichowy Pro,AGD,2024-12-01,19,414.89
SKU-0347,Blender kielichowy Pro,AGD,2025-01-01,11,417.94
SKU-0347,Blender kielichowy Pro,AGD,2025-02-01,11,381.88
SKU-0347,Blender kielichowy Pro,AGD,2025-03-01,4,403.01
SKU-0347,Blender kielichowy Pro,AGD,2025-04-01,2,388.74
SKU-0347,Blender kielichowy Pro,AGD,2025-05-01,2,412.55
SKU-0347,Blender kielichowy Pro,AGD,2025-06-01,9,394.73
SKU-0347,Blender kielichowy Pro,AGD,2025-07-01,13,415.38
SKU-0347,Blender kielichowy Pro,AGD,2025-08-01,23,396.96
SKU-0347,Blender kielichowy Pro,AGD,2025-09-01,22,385.91
SKU-0347,Blender kielichowy Pro,AGD,2025-10-01,22,393.7
SKU-0347,Blender kielichowy Pro,AGD,2025-11-01,19,418.67
SKU-0347,Blender kielichowy Pro,AGD,2025-12-01,14,410.82
SKU-0347,Blender kielichowy Pro,AGD,2026-01-01,13,403.52
SKU-0347,Blender kielichowy Pro,AGD,2026-02-01,9,391.07
SKU-0347,Blender kielichowy Pro,AGD,2026-03-01,4,415.81
SKU-0347,Blender kielichowy Pro,AGD,2026-04-01,2,379.12
SKU-0347,Blender kielichowy Pro,AGD,2026-05-01,3,414.96
SKU-0347,Blender kielichowy Pro,AGD,2026-06-01,6,391.86
SKU-0347,Blender kielichowy Pro,AGD,2026-07-01,10,396.53
SKU-0348,Koszulka bawełniana,Odzież,2024-08-01,3,177.66
SKU-0348,Koszulka bawełniana,Odzież,2024-09-01,4,175.01
SKU-0348,Koszulka bawełniana,Odzież,2024-10-01,4,181.4
SKU-0348,Koszulka bawełniana,Odzież,2024-11-01,3,170.42
SKU-0348,Koszulka bawełniana,Odzież,2024-12-01,3,177.29
SKU-0348,Koszulka bawełniana,Odzież,2025-01-01,2,176.79
SKU-0348,Koszulka bawełniana,Odzież,2025-02-01,3,182.59
SKU-0348,Koszulka bawełniana,Odzież,2025-03-01,3,167.18
SKU-0348,Koszulka bawełniana,Odzież,2025-04-01,3,168.44
SKU-0348,Koszulka bawełniana,Odzież,2025-05-01,4,168.11
SKU-0348,Koszulka bawełniana,Odzież,2025-06-01,4,178.64
SKU-0348,Koszulka bawełniana,Odzież,2025-07-01,4,179.56
SKU-0348,Koszulka bawełniana,Odzież,2025-08-01,4,174.48
SKU-0348,Koszulka bawełniana,Odzież,2025-09-01,4,177.83
SKU-0348,Koszulka bawełniana,Odzież,2025-10-01,4,167.54
SKU-0348,Koszulka bawełniana,Odzież,2025-11-01,3,168.2
SKU-0348,Koszulka bawełniana,Odzież,2025-12-01,3,179.67
SKU-0348,Koszulka bawełniana,Odzież,2026-01-01,3,181.41
SKU-0348,Koszulka bawełniana,Odzież,2026-02-01,3,177.35
SKU-0348,Koszulka bawełniana,Odzież,2026-03-01,4,179.79
SKU-0348,Koszulka bawełniana,Odzież,2026-04-01,4,181.37
SKU-0348,Koszulka bawełniana,Odzież,2026-05-01,4,176.89
SKU-0348,Koszulka bawełniana,Odzież,2026-06-01,4,175.36
SKU-0348,Koszulka bawełniana,Odzież,2026-07-01,4,168.94
SKU-0349,Samochodzik zdalnie sterowany XL,Zabawki,2024-08-01,1,182.04
SKU-0349,Samochodzik zdalnie sterowany XL,Zabawki,2024-09-01,1,173.1
SKU-0349,Samochodzik zdalnie sterowany XL,Zabawki,2024-10-01,1,179.59
SKU-0349,Samochodzik zdalnie sterowany XL,Zabawki,2024-11-01,1,183.39
SKU-0349,Samochodzik zdalnie sterowany XL,Zabawki,2024-12-01,1,183.2
SKU-0349,Samochodzik zdalnie sterowany XL,Zabawki,2025-01-01,1,169.74
SKU-0349,Samochodzik zdalnie sterowany XL,Zabawki,2025-02-01,1,174.3
SKU-0349,Samochodzik zdalnie sterowany XL,Zabawki,2025-03-01,1,182.82
SKU-0349,Samochodzik zdalnie sterowany XL,Zabawki,2025-04-01,1,179.89
SKU-0349,Samochodzik zdalnie sterowany XL,Zabawki,2025-05-01,1,183.77
SKU-0349,Samochodzik zdalnie sterowany XL,Zabawki,2025-06-01,1,178.48
SKU-0349,Samochodzik zdalnie sterowany XL,Zabawki,2025-07-01,1,182.32
SKU-0349,Samochodzik zdalnie sterowany XL,Zabawki,2025-08-01,1,178.17
SKU-0349,Samochodzik zdalnie sterowany XL,Zabawki,2025-09-01,1,182.6
SKU-0349,Samochodzik zdalnie sterowany XL,Zabawki,2025-10-01,1,185.58
SKU-0349,Samochodzik zdalnie sterowany XL,Zabawki,2025-11-01,1,174.93
SKU-0349,Samochodzik zdalnie sterowany XL,Zabawki,2025-12-01,1,183.32
SKU-0349,Samochodzik zdalnie sterowany XL,Zabawki,2026-01-01,1,178.16
SKU-0349,Samochodzik zdalnie sterowany XL,Zabawki,2026-02-01,1,170.5
SKU-0349,Samochodzik zdalnie sterowany XL,Zabawki,2026-03-01,1,184.0
SKU-0349,Samochodzik zdalnie sterowany XL,Zabawki,2026-04-01,1,181.28
SKU-0349,Samochodzik zdalnie sterowany XL,Zabawki,2026-05-01,1,171.4
SKU-0349,Samochodzik zdalnie sterowany XL,Zabawki,2026-06-01,1,178.94
SKU-0349,Samochodzik zdalnie sterowany XL,Zabawki,2026-07-01,1,175.3
SKU-0350,Kosiarka elektryczna Compact,Ogród,2024-08-01,5,554.49
SKU-0350,Kosiarka elektryczna Compact,Ogród,2024-09-01,17,579.25
SKU-0350,Kosiarka elektryczna Compact,Ogród,2024-10-01,0,553.09
SKU-0350,Kosiarka elektryczna Compact,Ogród,2024-11-01,15,570.48
SKU-0350,Kosiarka elektryczna Compact,Ogród,2024-12-01,0,538.57
SKU-0350,Kosiarka elektryczna Compact,Ogród,2025-01-01,0,555.28
SKU-0350,Kosiarka elektryczna Compact,Ogród,2025-02-01,0,535.83
SKU-0350,Kosiarka elektryczna Compact,Ogród,2025-03-01,0,561.81
SKU-0350,Kosiarka elektryczna Compact,Ogród,2025-04-01,18,555.67
SKU-0350,Kosiarka elektryczna Compact,Ogród,2025-05-01,23,556.93
SKU-0350,Kosiarka elektryczna Compact,Ogród,2025-06-01,2,568.15
SKU-0350,Kosiarka elektryczna Compact,Ogród,2025-07-01,0,563.98
SKU-0350,Kosiarka elektryczna Compact,Ogród,2025-08-01,7,547.68
SKU-0350,Kosiarka elektryczna Compact,Ogród,2025-09-01,0,571.95
SKU-0350,Kosiarka elektryczna Compact,Ogród,2025-10-01,8,557.04
SKU-0350,Kosiarka elektryczna Compact,Ogród,2025-11-01,0,587.12
SKU-0350,Kosiarka elektryczna Compact,Ogród,2025-12-01,17,578.43
SKU-0350,Kosiarka elektryczna Compact,Ogród,2026-01-01,0,563.72
SKU-0350,Kosiarka elektryczna Compact,Ogród,2026-02-01,0,559.34
SKU-0350,Kosiarka elektryczna Compact,Ogród,2026-03-01,23,541.56
SKU-0350,Kosiarka elektryczna Compact,Ogród,2026-04-01,27,560.11
SKU-0350,Kosiarka elektryczna Compact,Ogród,2026-05-01,10,537.5
SKU-0350,Kosiarka elektryczna Compact,Ogród,2026-06-01,21,576.09
SKU-0350,Kosiarka elektryczna Compact,Ogród,2026-07-01,12,539.04
SKU-0351,Balsam do ciała Plus,Kosmetyki,2024-08-01,20,35.34
SKU-0351,Balsam do ciała Plus,Kosmetyki,2024-09-01,12,37.94
SKU-0351,Balsam do ciała Plus,Kosmetyki,2024-10-01,9,38.89
SKU-0351,Balsam do ciała Plus,Kosmetyki,2024-11-01,6,37.08
SKU-0351,Balsam do ciała Plus,Kosmetyki,2024-12-01,7,38.22
SKU-0351,Balsam do ciała Plus,Kosmetyki,2025-01-01,9,36.16
SKU-0351,Balsam do ciała Plus,Kosmetyki,2025-02-01,12,37.13
SKU-0351,Balsam do ciała Plus,Kosmetyki,2025-03-01,13,38.36
SKU-0351,Balsam do ciała Plus,Kosmetyki,2025-04-01,17,38.69
SKU-0351,Balsam do ciała Plus,Kosmetyki,2025-05-01,20,36.65
SKU-0351,Balsam do ciała Plus,Kosmetyki,2025-06-01,21,37.76
SKU-0351,Balsam do ciała Plus,Kosmetyki,2025-07-01,17,35.75
SKU-0351,Balsam do ciała Plus,Kosmetyki,2025-08-01,15,38.32
SKU-0351,Balsam do ciała Plus,Kosmetyki,2025-09-01,13,37.74
SKU-0351,Balsam do ciała Plus,Kosmetyki,2025-10-01,6,36.01
SKU-0351,Balsam do ciała Plus,Kosmetyki,2025-11-01,8,35.85
SKU-0351,Balsam do ciała Plus,Kosmetyki,2025-12-01,6,37.19
SKU-0351,Balsam do ciała Plus,Kosmetyki,2026-01-01,8,36.51
SKU-0351,Balsam do ciała Plus,Kosmetyki,2026-02-01,11,37.65
SKU-0351,Balsam do ciała Plus,Kosmetyki,2026-03-01,18,37.61
SKU-0351,Balsam do ciała Plus,Kosmetyki,2026-04-01,22,35.85
SKU-0351,Balsam do ciała Plus,Kosmetyki,2026-05-01,22,36.39
SKU-0351,Balsam do ciała Plus,Kosmetyki,2026-06-01,26,36.1
SKU-0351,Balsam do ciała Plus,Kosmetyki,2026-07-01,26,36.89
SKU-0352,Parasol ogrodowy Eco,Ogród,2024-08-01,19,510.02
SKU-0352,Parasol ogrodowy Eco,Ogród,2024-09-01,22,505.53
SKU-0352,Parasol ogrodowy Eco,Ogród,2024-10-01,23,501.19
SKU-0352,Parasol ogrodowy Eco,Ogród,2024-11-01,32,499.41
SKU-0352,Parasol ogrodowy Eco,Ogród,2024-12-01,38,503.91
SKU-0352,Parasol ogrodowy Eco,Ogród,2025-01-01,31,507.48
SKU-0352,Parasol ogrodowy Eco,Ogród,2025-02-01,25,514.64
SKU-0352,Parasol ogrodowy Eco,Ogród,2025-03-01,10,526.32
SKU-0352,Parasol ogrodowy Eco,Ogród,2025-04-01,9,513.91
SKU-0352,Parasol ogrodowy Eco,Ogród,2025-05-01,7,498.48
SKU-0352,Parasol ogrodowy Eco,Ogród,2025-06-01,7,545.46
SKU-0352,Parasol ogrodowy Eco,Ogród,2025-07-01,12,528.16
SKU-0352,Parasol ogrodowy Eco,Ogród,2025-08-01,14,521.99
SKU-0352,Parasol ogrodowy Eco,Ogród,2025-09-01,16,508.95
SKU-0352,Parasol ogrodowy Eco,Ogród,2025-10-01,30,544.37
SKU-0352,Parasol ogrodowy Eco,Ogród,2025-11-01,28,505.13
SKU-0352,Parasol ogrodowy Eco,Ogród,2025-12-01,32,517.78
SKU-0352,Parasol ogrodowy Eco,Ogród,2026-01-01,20,497.84
SKU-0352,Parasol ogrodowy Eco,Ogród,2026-02-01,15,535.34
SKU-0352,Parasol ogrodowy Eco,Ogród,2026-03-01,15,515.22
SKU-0352,Parasol ogrodowy Eco,Ogród,2026-04-01,6,535.04
SKU-0352,Parasol ogrodowy Eco,Ogród,2026-05-01,6,507.47
SKU-0352,Parasol ogrodowy Eco,Ogród,2026-06-01,6,523.3
SKU-0352,Parasol ogrodowy Eco,Ogród,2026-07-01,11,498.84
SKU-0353,Buty sportowe XL,Obuwie,2024-08-01,6,173.79
SKU-0353,Buty sportowe XL,Obuwie,2024-09-01,15,167.7
SKU-0353,Buty sportowe XL,Obuwie,2024-10-01,0,176.38
SKU-0353,Buty sportowe XL,Obuwie,2024-11-01,0,166.32
SKU-0353,Buty sportowe XL,Obuwie,2024-12-01,0,164.31
SKU-0353,Buty sportowe XL,Obuwie,2025-01-01,9,164.31
SKU-0353,Buty sportowe XL,Obuwie,2025-02-01,7,172.18
SKU-0353,Buty sportowe XL,Obuwie,2025-03-01,6,178.06
SKU-0353,Buty sportowe XL,Obuwie,2025-04-01,3,162.51
SKU-0353,Buty sportowe XL,Obuwie,2025-05-01,6,162.98
SKU-0353,Buty sportowe XL,Obuwie,2025-06-01,0,170.85
SKU-0353,Buty sportowe XL,Obuwie,2025-07-01,0,173.95
SKU-0353,Buty sportowe XL,Obuwie,2025-08-01,0,171.72
SKU-0353,Buty sportowe XL,Obuwie,2025-09-01,0,174.54
SKU-0353,Buty sportowe XL,Obuwie,2025-10-01,0,175.44
SKU-0353,Buty sportowe XL,Obuwie,2025-11-01,0,163.15
SKU-0353,Buty sportowe XL,Obuwie,2025-12-01,0,179.22
SKU-0353,Buty sportowe XL,Obuwie,2026-01-01,0,177.89
SKU-0353,Buty sportowe XL,Obuwie,2026-02-01,12,163.78
SKU-0353,Buty sportowe XL,Obuwie,2026-03-01,6,177.69
SKU-0353,Buty sportowe XL,Obuwie,2026-04-01,10,175.33
SKU-0353,Buty sportowe XL,Obuwie,2026-05-01,3,162.9
SKU-0353,Buty sportowe XL,Obuwie,2026-06-01,6,168.29
SKU-0353,Buty sportowe XL,Obuwie,2026-07-01,1,162.65
SKU-0354,Płatki śniadaniowe Classic,Spożywcze,2024-08-01,14,42.48
SKU-0354,Płatki śniadaniowe Classic,Spożywcze,2024-09-01,15,39.86
SKU-0354,Płatki śniadaniowe Classic,Spożywcze,2024-10-01,15,39.72
SKU-0354,Płatki śniadaniowe Classic,Spożywcze,2024-11-01,16,41.51
SKU-0354,Płatki śniadaniowe Classic,Spożywcze,2024-12-01,17,40.37
SKU-0354,Płatki śniadaniowe Classic,Spożywcze,2025-01-01,16,42.66
SKU-0354,Płatki śniadaniowe Classic,Spożywcze,2025-02-01,22,41.46
SKU-0354,Płatki śniadaniowe Classic,Spożywcze,2025-03-01,18,39.22
SKU-0354,Płatki śniadaniowe Classic,Spożywcze,2025-04-01,16,42.28
SKU-0354,Płatki śniadaniowe Classic,Spożywcze,2025-05-01,17,40.46
SKU-0354,Płatki śniadaniowe Classic,Spożywcze,2025-06-01,14,39.24
SKU-0354,Płatki śniadaniowe Classic,Spożywcze,2025-07-01,14,39.92
SKU-0354,Płatki śniadaniowe Classic,Spożywcze,2025-08-01,12,40.44
SKU-0354,Płatki śniadaniowe Classic,Spożywcze,2025-09-01,14,38.79
SKU-0354,Płatki śniadaniowe Classic,Spożywcze,2025-10-01,14,39.64
SKU-0354,Płatki śniadaniowe Classic,Spożywcze,2025-11-01,17,40.98
SKU-0354,Płatki śniadaniowe Classic,Spożywcze,2025-12-01,16,39.06
SKU-0354,Płatki śniadaniowe Classic,Spożywcze,2026-01-01,16,39.69
SKU-0354,Płatki śniadaniowe Classic,Spożywcze,2026-02-01,16,39.33
SKU-0354,Płatki śniadaniowe Classic,Spożywcze,2026-03-01,19,40.19
SKU-0354,Płatki śniadaniowe Classic,Spożywcze,2026-04-01,18,39.92
SKU-0354,Płatki śniadaniowe Classic,Spożywcze,2026-05-01,17,39.82
SKU-0354,Płatki śniadaniowe Classic,Spożywcze,2026-06-01,15,42.73
SKU-0354,Płatki śniadaniowe Classic,Spożywcze,2026-07-01,14,40.13
SKU-0355,Buty trekkingowe Plus,Obuwie,2024-08-01,21,308.01
SKU-0355,Buty trekkingowe Plus,Obuwie,2024-09-01,18,293.94
SKU-0355,Buty trekkingowe Plus,Obuwie,2024-10-01,21,296.4
SKU-0355,Buty trekkingowe Plus,Obuwie,2024-11-01,20,308.3
SKU-0355,Buty trekkingowe Plus,Obuwie,2024-12-01,19,309.17
SKU-0355,Buty trekkingowe Plus,Obuwie,2025-01-01,22,305.52
SKU-0355,Buty trekkingowe Plus,Obuwie,2025-02-01,22,308.81
SKU-0355,Buty trekkingowe Plus,Obuwie,2025-03-01,20,301.93
SKU-0355,Buty trekkingowe Plus,Obuwie,2025-04-01,24,284.02
SKU-0355,Buty trekkingowe Plus,Obuwie,2025-05-01,23,293.64
SKU-0355,Buty trekkingowe Plus,Obuwie,2025-06-01,24,305.13
SKU-0355,Buty trekkingowe Plus,Obuwie,2025-07-01,21,301.78
SKU-0355,Buty trekkingowe Plus,Obuwie,2025-08-01,19,305.96
SKU-0355,Buty trekkingowe Plus,Obuwie,2025-09-01,18,295.84
SKU-0355,Buty trekkingowe Plus,Obuwie,2025-10-01,17,308.97
SKU-0355,Buty trekkingowe Plus,Obuwie,2025-11-01,14,289.91
SKU-0355,Buty trekkingowe Plus,Obuwie,2025-12-01,17,306.66
SKU-0355,Buty trekkingowe Plus,Obuwie,2026-01-01,19,305.49
SKU-0355,Buty trekkingowe Plus,Obuwie,2026-02-01,15,291.13
SKU-0355,Buty trekkingowe Plus,Obuwie,2026-03-01,20,292.2
SKU-0355,Buty trekkingowe Plus,Obuwie,2026-04-01,21,306.89
SKU-0355,Buty trekkingowe Plus,Obuwie,2026-05-01,18,303.18
SKU-0355,Buty trekkingowe Plus,Obuwie,2026-06-01,19,306.4
SKU-0355,Buty trekkingowe Plus,Obuwie,2026-07-01,19,292.82
SKU-0356,Słuchawki bezprzewodowe Mini,Elektronika,2024-08-01,6,116.65
SKU-0356,Słuchawki bezprzewodowe Mini,Elektronika,2024-09-01,6,115.34
SKU-0356,Słuchawki bezprzewodowe Mini,Elektronika,2024-10-01,6,122.9
SKU-0356,Słuchawki bezprzewodowe Mini,Elektronika,2024-11-01,6,121.79
SKU-0356,Słuchawki bezprzewodowe Mini,Elektronika,2024-12-01,5,114.99
SKU-0356,Słuchawki bezprzewodowe Mini,Elektronika,2025-01-01,5,117.52
SKU-0356,Słuchawki bezprzewodowe Mini,Elektronika,2025-02-01,6,125.14
SKU-0356,Słuchawki bezprzewodowe Mini,Elektronika,2025-03-01,5,124.06
SKU-0356,Słuchawki bezprzewodowe Mini,Elektronika,2025-04-01,6,118.76
SKU-0356,Słuchawki bezprzewodowe Mini,Elektronika,2025-05-01,6,124.67
SKU-0356,Słuchawki bezprzewodowe Mini,Elektronika,2025-06-01,6,120.37
SKU-0356,Słuchawki bezprzewodowe Mini,Elektronika,2025-07-01,6,114.43
SKU-0356,Słuchawki bezprzewodowe Mini,Elektronika,2025-08-01,6,114.84
SKU-0356,Słuchawki bezprzewodowe Mini,Elektronika,2025-09-01,7,114.58
SKU-0356,Słuchawki bezprzewodowe Mini,Elektronika,2025-10-01,7,118.75
SKU-0356,Słuchawki bezprzewodowe Mini,Elektronika,2025-11-01,5,123.75
SKU-0356,Słuchawki bezprzewodowe Mini,Elektronika,2025-12-01,6,124.44
SKU-0356,Słuchawki bezprzewodowe Mini,Elektronika,2026-01-01,6,124.22
SKU-0356,Słuchawki bezprzewodowe Mini,Elektronika,2026-02-01,6,124.42
SKU-0356,Słuchawki bezprzewodowe Mini,Elektronika,2026-03-01,6,121.1
SKU-0356,Słuchawki bezprzewodowe Mini,Elektronika,2026-04-01,5,117.78
SKU-0356,Słuchawki bezprzewodowe Mini,Elektronika,2026-05-01,6,121.1
SKU-0356,Słuchawki bezprzewodowe Mini,Elektronika,2026-06-01,6,121.41
SKU-0356,Słuchawki bezprzewodowe Mini,Elektronika,2026-07-01,7,122.49
SKU-0357,Lampion ogrodowy Premium,Oświetlenie,2024-08-01,38,94.74
SKU-0357,Lampion ogrodowy Premium,Oświetlenie,2024-09-01,37,94.13
SKU-0357,Lampion ogrodowy Premium,Oświetlenie,2024-10-01,40,96.68
SKU-0357,Lampion ogrodowy Premium,Oświetlenie,2024-11-01,36,100.64
SKU-0357,Lampion ogrodowy Premium,Oświetlenie,2024-12-01,48,100.91
SKU-0357,Lampion ogrodowy Premium,Oświetlenie,2025-01-01,37,99.42
SKU-0357,Lampion ogrodowy Premium,Oświetlenie,2025-02-01,46,95.25
SKU-0357,Lampion ogrodowy Premium,Oświetlenie,2025-03-01,34,96.9
SKU-0357,Lampion ogrodowy Premium,Oświetlenie,2025-04-01,34,100.75
SKU-0357,Lampion ogrodowy Premium,Oświetlenie,2025-05-01,36,96.02
SKU-0357,Lampion ogrodowy Premium,Oświetlenie,2025-06-01,34,96.66
SKU-0357,Lampion ogrodowy Premium,Oświetlenie,2025-07-01,36,98.77
SKU-0357,Lampion ogrodowy Premium,Oświetlenie,2025-08-01,35,95.44
SKU-0357,Lampion ogrodowy Premium,Oświetlenie,2025-09-01,39,99.03
SKU-0357,Lampion ogrodowy Premium,Oświetlenie,2025-10-01,39,93.19
SKU-0357,Lampion ogrodowy Premium,Oświetlenie,2025-11-01,45,95.01
SKU-0357,Lampion ogrodowy Premium,Oświetlenie,2025-12-01,44,99.11
SKU-0357,Lampion ogrodowy Premium,Oświetlenie,2026-01-01,48,100.09
SKU-0357,Lampion ogrodowy Premium,Oświetlenie,2026-02-01,49,95.76
SKU-0357,Lampion ogrodowy Premium,Oświetlenie,2026-03-01,45,99.42
SKU-0357,Lampion ogrodowy Premium,Oświetlenie,2026-04-01,43,98.37
SKU-0357,Lampion ogrodowy Premium,Oświetlenie,2026-05-01,38,98.76
SKU-0357,Lampion ogrodowy Premium,Oświetlenie,2026-06-01,41,94.03
SKU-0357,Lampion ogrodowy Premium,Oświetlenie,2026-07-01,36,98.75
SKU-0358,Olej silnikowy 5W40,Motoryzacja,2024-08-01,6,145.34
SKU-0358,Olej silnikowy 5W40,Motoryzacja,2024-09-01,0,158.61
SKU-0358,Olej silnikowy 5W40,Motoryzacja,2024-10-01,0,159.95
SKU-0358,Olej silnikowy 5W40,Motoryzacja,2024-11-01,3,156.58
SKU-0358,Olej silnikowy 5W40,Motoryzacja,2024-12-01,5,155.13
SKU-0358,Olej silnikowy 5W40,Motoryzacja,2025-01-01,0,154.38
SKU-0358,Olej silnikowy 5W40,Motoryzacja,2025-02-01,2,145.14
SKU-0358,Olej silnikowy 5W40,Motoryzacja,2025-03-01,3,159.73
SKU-0358,Olej silnikowy 5W40,Motoryzacja,2025-04-01,1,145.21
SKU-0358,Olej silnikowy 5W40,Motoryzacja,2025-05-01,2,148.89
SKU-0358,Olej silnikowy 5W40,Motoryzacja,2025-06-01,0,144.99
SKU-0358,Olej silnikowy 5W40,Motoryzacja,2025-07-01,3,153.29
SKU-0358,Olej silnikowy 5W40,Motoryzacja,2025-08-01,4,148.98
SKU-0358,Olej silnikowy 5W40,Motoryzacja,2025-09-01,0,154.85
SKU-0358,Olej silnikowy 5W40,Motoryzacja,2025-10-01,3,155.9
SKU-0358,Olej silnikowy 5W40,Motoryzacja,2025-11-01,0,159.73
SKU-0358,Olej silnikowy 5W40,Motoryzacja,2025-12-01,0,147.52
SKU-0358,Olej silnikowy 5W40,Motoryzacja,2026-01-01,6,152.29
SKU-0358,Olej silnikowy 5W40,Motoryzacja,2026-02-01,0,153.82
SKU-0358,Olej silnikowy 5W40,Motoryzacja,2026-03-01,0,150.82
SKU-0358,Olej silnikowy 5W40,Motoryzacja,2026-04-01,1,159.63
SKU-0358,Olej silnikowy 5W40,Motoryzacja,2026-05-01,5,146.96
SKU-0358,Olej silnikowy 5W40,Motoryzacja,2026-06-01,5,156.73
SKU-0358,Olej silnikowy 5W40,Motoryzacja,2026-07-01,3,157.72
SKU-0359,Puzzle 1000 elementów Plus,Zabawki,2024-08-01,14,197.49
SKU-0359,Puzzle 1000 elementów Plus,Zabawki,2024-09-01,6,210.81
SKU-0359,Puzzle 1000 elementów Plus,Zabawki,2024-10-01,0,200.04
SKU-0359,Puzzle 1000 elementów Plus,Zabawki,2024-11-01,0,202.14
SKU-0359,Puzzle 1000 elementów Plus,Zabawki,2024-12-01,0,194.02
SKU-0359,Puzzle 1000 elementów Plus,Zabawki,2025-01-01,0,199.41
SKU-0359,Puzzle 1000 elementów Plus,Zabawki,2025-02-01,0,198.48
SKU-0359,Puzzle 1000 elementów Plus,Zabawki,2025-03-01,0,199.78
SKU-0359,Puzzle 1000 elementów Plus,Zabawki,2025-04-01,11,194.5
SKU-0359,Puzzle 1000 elementów Plus,Zabawki,2025-05-01,15,198.12
SKU-0359,Puzzle 1000 elementów Plus,Zabawki,2025-06-01,11,203.8
SKU-0359,Puzzle 1000 elementów Plus,Zabawki,2025-07-01,0,210.6
SKU-0359,Puzzle 1000 elementów Plus,Zabawki,2025-08-01,6,198.41
SKU-0359,Puzzle 1000 elementów Plus,Zabawki,2025-09-01,0,204.15
SKU-0359,Puzzle 1000 elementów Plus,Zabawki,2025-10-01,0,211.45
SKU-0359,Puzzle 1000 elementów Plus,Zabawki,2025-11-01,0,204.94
SKU-0359,Puzzle 1000 elementów Plus,Zabawki,2025-12-01,0,194.72
SKU-0359,Puzzle 1000 elementów Plus,Zabawki,2026-01-01,0,195.04
SKU-0359,Puzzle 1000 elementów Plus,Zabawki,2026-02-01,4,192.6
SKU-0359,Puzzle 1000 elementów Plus,Zabawki,2026-03-01,23,195.08
SKU-0359,Puzzle 1000 elementów Plus,Zabawki,2026-04-01,0,205.07
SKU-0359,Puzzle 1000 elementów Plus,Zabawki,2026-05-01,10,205.3
SKU-0359,Puzzle 1000 elementów Plus,Zabawki,2026-06-01,15,200.71
SKU-0359,Puzzle 1000 elementów Plus,Zabawki,2026-07-01,0,193.64
SKU-0360,Buty sportowe Pro,Obuwie,2024-08-01,4,288.98
SKU-0360,Buty sportowe Pro,Obuwie,2024-09-01,8,312.61
SKU-0360,Buty sportowe Pro,Obuwie,2024-10-01,9,312.5
SKU-0360,Buty sportowe Pro,Obuwie,2024-11-01,7,305.35
SKU-0360,Buty sportowe Pro,Obuwie,2024-12-01,7,304.91
SKU-0360,Buty sportowe Pro,Obuwie,2025-01-01,4,308.11
SKU-0360,Buty sportowe Pro,Obuwie,2025-02-01,3,308.55
SKU-0360,Buty sportowe Pro,Obuwie,2025-03-01,3,305.12
SKU-0360,Buty sportowe Pro,Obuwie,2025-04-01,2,309.11
SKU-0360,Buty sportowe Pro,Obuwie,2025-05-01,2,306.56
SKU-0360,Buty sportowe Pro,Obuwie,2025-06-01,3,295.9
SKU-0360,Buty sportowe Pro,Obuwie,2025-07-01,4,297.52
SKU-0360,Buty sportowe Pro,Obuwie,2025-08-01,5,304.73
SKU-0360,Buty sportowe Pro,Obuwie,2025-09-01,9,305.04
SKU-0360,Buty sportowe Pro,Obuwie,2025-10-01,9,287.53
SKU-0360,Buty sportowe Pro,Obuwie,2025-11-01,9,300.06
SKU-0360,Buty sportowe Pro,Obuwie,2025-12-01,7,286.31
SKU-0360,Buty sportowe Pro,Obuwie,2026-01-01,6,306.74
SKU-0360,Buty sportowe Pro,Obuwie,2026-02-01,3,292.01
SKU-0360,Buty sportowe Pro,Obuwie,2026-03-01,3,296.85
SKU-0360,Buty sportowe Pro,Obuwie,2026-04-01,3,284.44
SKU-0360,Buty sportowe Pro,Obuwie,2026-05-01,4,303.64
SKU-0360,Buty sportowe Pro,Obuwie,2026-06-01,5,292.74
SKU-0360,Buty sportowe Pro,Obuwie,2026-07-01,6,304.77
SKU-0361,Dysk SSD 1TB,Elektronika,2024-08-01,27,283.01
SKU-0361,Dysk SSD 1TB,Elektronika,2024-09-01,20,288.23
SKU-0361,Dysk SSD 1TB,Elektronika,2024-10-01,10,270.07
SKU-0361,Dysk SSD 1TB,Elektronika,2024-11-01,7,278.57
SKU-0361,Dysk SSD 1TB,Elektronika,2024-12-01,9,290.46
SKU-0361,Dysk SSD 1TB,Elektronika,2025-01-01,9,282.23
SKU-0361,Dysk SSD 1TB,Elektronika,2025-02-01,16,287.36
SKU-0361,Dysk SSD 1TB,Elektronika,2025-03-01,22,266.62
SKU-0361,Dysk SSD 1TB,Elektronika,2025-04-01,33,264.9
SKU-0361,Dysk SSD 1TB,Elektronika,2025-05-01,32,282.96
SKU-0361,Dysk SSD 1TB,Elektronika,2025-06-01,43,267.32
SKU-0361,Dysk SSD 1TB,Elektronika,2025-07-01,41,291.06
SKU-0361,Dysk SSD 1TB,Elektronika,2025-08-01,31,290.13
SKU-0361,Dysk SSD 1TB,Elektronika,2025-09-01,23,267.52
SKU-0361,Dysk SSD 1TB,Elektronika,2025-10-01,16,286.02
SKU-0361,Dysk SSD 1TB,Elektronika,2025-11-01,10,266.4
SKU-0361,Dysk SSD 1TB,Elektronika,2025-12-01,8,277.54
SKU-0361,Dysk SSD 1TB,Elektronika,2026-01-01,12,278.95
SKU-0361,Dysk SSD 1TB,Elektronika,2026-02-01,20,264.68
SKU-0361,Dysk SSD 1TB,Elektronika,2026-03-01,24,270.26
SKU-0361,Dysk SSD 1TB,Elektronika,2026-04-01,25,277.72
SKU-0361,Dysk SSD 1TB,Elektronika,2026-05-01,32,286.43
SKU-0361,Dysk SSD 1TB,Elektronika,2026-06-01,55,269.88
SKU-0361,Dysk SSD 1TB,Elektronika,2026-07-01,43,271.89
SKU-0362,Parasol ogrodowy Premium,Ogród,2024-08-01,0,350.11
SKU-0362,Parasol ogrodowy Premium,Ogród,2024-09-01,25,356.67
SKU-0362,Parasol ogrodowy Premium,Ogród,2024-10-01,0,370.06
SKU-0362,Parasol ogrodowy Premium,Ogród,2024-11-01,159,373.57
SKU-0362,Parasol ogrodowy Premium,Ogród,2024-12-01,81,381.46
SKU-0362,Parasol ogrodowy Premium,Ogród,2025-01-01,254,355.96
SKU-0362,Parasol ogrodowy Premium,Ogród,2025-02-01,0,381.64
SKU-0362,Parasol ogrodowy Premium,Ogród,2025-03-01,0,368.42
SKU-0362,Parasol ogrodowy Premium,Ogród,2025-04-01,0,357.14
SKU-0362,Parasol ogrodowy Premium,Ogród,2025-05-01,792,367.98
SKU-0362,Parasol ogrodowy Premium,Ogród,2025-06-01,408,382.15
SKU-0362,Parasol ogrodowy Premium,Ogród,2025-07-01,605,360.46
SKU-0362,Parasol ogrodowy Premium,Ogród,2025-08-01,605,378.96
SKU-0362,Parasol ogrodowy Premium,Ogród,2025-09-01,0,361.05
SKU-0362,Parasol ogrodowy Premium,Ogród,2025-10-01,60,384.16
SKU-0362,Parasol ogrodowy Premium,Ogród,2025-11-01,431,383.62
SKU-0362,Parasol ogrodowy Premium,Ogród,2025-12-01,520,353.99
SKU-0362,Parasol ogrodowy Premium,Ogród,2026-01-01,590,358.05
SKU-0362,Parasol ogrodowy Premium,Ogród,2026-02-01,562,349.56
SKU-0362,Parasol ogrodowy Premium,Ogród,2026-03-01,0,378.55
SKU-0362,Parasol ogrodowy Premium,Ogród,2026-04-01,77,358.07
SKU-0362,Parasol ogrodowy Premium,Ogród,2026-05-01,0,383.93
SKU-0362,Parasol ogrodowy Premium,Ogród,2026-06-01,267,377.95
SKU-0362,Parasol ogrodowy Premium,Ogród,2026-07-01,0,363.79
SKU-0363,Żyrandol sufitowy Classic,Oświetlenie,2024-08-01,3,182.22
SKU-0363,Żyrandol sufitowy Classic,Oświetlenie,2024-09-01,3,184.12
SKU-0363,Żyrandol sufitowy Classic,Oświetlenie,2024-10-01,2,174.57
SKU-0363,Żyrandol sufitowy Classic,Oświetlenie,2024-11-01,1,183.04
SKU-0363,Żyrandol sufitowy Classic,Oświetlenie,2024-12-01,1,174.9
SKU-0363,Żyrandol sufitowy Classic,Oświetlenie,2025-01-01,2,187.52
SKU-0363,Żyrandol sufitowy Classic,Oświetlenie,2025-02-01,2,175.48
SKU-0363,Żyrandol sufitowy Classic,Oświetlenie,2025-03-01,3,182.32
SKU-0363,Żyrandol sufitowy Classic,Oświetlenie,2025-04-01,4,182.02
SKU-0363,Żyrandol sufitowy Classic,Oświetlenie,2025-05-01,4,176.08
SKU-0363,Żyrandol sufitowy Classic,Oświetlenie,2025-06-01,5,188.44
SKU-0363,Żyrandol sufitowy Classic,Oświetlenie,2025-07-01,2,175.76
SKU-0363,Żyrandol sufitowy Classic,Oświetlenie,2025-08-01,4,182.15
SKU-0363,Żyrandol sufitowy Classic,Oświetlenie,2025-09-01,2,173.47
SKU-0363,Żyrandol sufitowy Classic,Oświetlenie,2025-10-01,2,173.4
SKU-0363,Żyrandol sufitowy Classic,Oświetlenie,2025-11-01,1,187.07
SKU-0363,Żyrandol sufitowy Classic,Oświetlenie,2025-12-01,1,177.95
SKU-0363,Żyrandol sufitowy Classic,Oświetlenie,2026-01-01,1,181.7
SKU-0363,Żyrandol sufitowy Classic,Oświetlenie,2026-02-01,2,180.84
SKU-0363,Żyrandol sufitowy Classic,Oświetlenie,2026-03-01,3,187.12
SKU-0363,Żyrandol sufitowy Classic,Oświetlenie,2026-04-01,4,186.9
SKU-0363,Żyrandol sufitowy Classic,Oświetlenie,2026-05-01,5,172.69
SKU-0363,Żyrandol sufitowy Classic,Oświetlenie,2026-06-01,5,187.05
SKU-0363,Żyrandol sufitowy Classic,Oświetlenie,2026-07-01,4,186.15
SKU-0364,Odświeżacz powietrza do auta Pro,Motoryzacja,2024-08-01,0,162.18
SKU-0364,Odświeżacz powietrza do auta Pro,Motoryzacja,2024-09-01,23,170.02
SKU-0364,Odświeżacz powietrza do auta Pro,Motoryzacja,2024-10-01,13,171.04
SKU-0364,Odświeżacz powietrza do auta Pro,Motoryzacja,2024-11-01,20,173.41
SKU-0364,Odświeżacz powietrza do auta Pro,Motoryzacja,2024-12-01,0,164.46
SKU-0364,Odświeżacz powietrza do auta Pro,Motoryzacja,2025-01-01,0,164.17
SKU-0364,Odświeżacz powietrza do auta Pro,Motoryzacja,2025-02-01,0,158.68
SKU-0364,Odświeżacz powietrza do auta Pro,Motoryzacja,2025-03-01,24,161.63
SKU-0364,Odświeżacz powietrza do auta Pro,Motoryzacja,2025-04-01,0,174.7
SKU-0364,Odświeżacz powietrza do auta Pro,Motoryzacja,2025-05-01,20,168.98
SKU-0364,Odświeżacz powietrza do auta Pro,Motoryzacja,2025-06-01,0,162.91
SKU-0364,Odświeżacz powietrza do auta Pro,Motoryzacja,2025-07-01,30,168.94
SKU-0364,Odświeżacz powietrza do auta Pro,Motoryzacja,2025-08-01,14,161.59
SKU-0364,Odświeżacz powietrza do auta Pro,Motoryzacja,2025-09-01,24,163.48
SKU-0364,Odświeżacz powietrza do auta Pro,Motoryzacja,2025-10-01,0,161.43
SKU-0364,Odświeżacz powietrza do auta Pro,Motoryzacja,2025-11-01,22,169.87
SKU-0364,Odświeżacz powietrza do auta Pro,Motoryzacja,2025-12-01,59,160.22
SKU-0364,Odświeżacz powietrza do auta Pro,Motoryzacja,2026-01-01,61,170.28
SKU-0364,Odświeżacz powietrza do auta Pro,Motoryzacja,2026-02-01,0,159.21
SKU-0364,Odświeżacz powietrza do auta Pro,Motoryzacja,2026-03-01,0,163.92
SKU-0364,Odświeżacz powietrza do auta Pro,Motoryzacja,2026-04-01,0,171.18
SKU-0364,Odświeżacz powietrza do auta Pro,Motoryzacja,2026-05-01,9,164.69
SKU-0364,Odświeżacz powietrza do auta Pro,Motoryzacja,2026-06-01,35,174.77
SKU-0364,Odświeżacz powietrza do auta Pro,Motoryzacja,2026-07-01,0,172.56
SKU-0365,Fotel wypoczynkowy Plus,Meble,2024-08-01,9,826.95
SKU-0365,Fotel wypoczynkowy Plus,Meble,2024-09-01,12,826.09
SKU-0365,Fotel wypoczynkowy Plus,Meble,2024-10-01,14,770.18
SKU-0365,Fotel wypoczynkowy Plus,Meble,2024-11-01,11,780.51
SKU-0365,Fotel wypoczynkowy Plus,Meble,2024-12-01,13,817.24
SKU-0365,Fotel wypoczynkowy Plus,Meble,2025-01-01,7,781.75
SKU-0365,Fotel wypoczynkowy Plus,Meble,2025-02-01,7,788.47
SKU-0365,Fotel wypoczynkowy Plus,Meble,2025-03-01,3,820.55
SKU-0365,Fotel wypoczynkowy Plus,Meble,2025-04-01,2,828.78
SKU-0365,Fotel wypoczynkowy Plus,Meble,2025-05-01,2,787.13
SKU-0365,Fotel wypoczynkowy Plus,Meble,2025-06-01,3,821.41
SKU-0365,Fotel wypoczynkowy Plus,Meble,2025-07-01,5,811.92
SKU-0365,Fotel wypoczynkowy Plus,Meble,2025-08-01,8,774.77
SKU-0365,Fotel wypoczynkowy Plus,Meble,2025-09-01,8,759.72
SKU-0365,Fotel wypoczynkowy Plus,Meble,2025-10-01,15,809.37
SKU-0365,Fotel wypoczynkowy Plus,Meble,2025-11-01,11,820.5
SKU-0365,Fotel wypoczynkowy Plus,Meble,2025-12-01,8,764.65
SKU-0365,Fotel wypoczynkowy Plus,Meble,2026-01-01,8,795.68
SKU-0365,Fotel wypoczynkowy Plus,Meble,2026-02-01,6,816.26
SKU-0365,Fotel wypoczynkowy Plus,Meble,2026-03-01,3,786.81
SKU-0365,Fotel wypoczynkowy Plus,Meble,2026-04-01,2,765.73
SKU-0365,Fotel wypoczynkowy Plus,Meble,2026-05-01,2,823.84
SKU-0365,Fotel wypoczynkowy Plus,Meble,2026-06-01,4,761.5
SKU-0365,Fotel wypoczynkowy Plus,Meble,2026-07-01,5,827.31
SKU-0366,Herbata czarna 100g Premium,Spożywcze,2024-08-01,2,16.51
SKU-0366,Herbata czarna 100g Premium,Spożywcze,2024-09-01,0,15.57
SKU-0366,Herbata czarna 100g Premium,Spożywcze,2024-10-01,3,16.61
SKU-0366,Herbata czarna 100g Premium,Spożywcze,2024-11-01,12,16.73
SKU-0366,Herbata czarna 100g Premium,Spożywcze,2024-12-01,7,15.46
SKU-0366,Herbata czarna 100g Premium,Spożywcze,2025-01-01,5,15.25
SKU-0366,Herbata czarna 100g Premium,Spożywcze,2025-02-01,12,15.49
SKU-0366,Herbata czarna 100g Premium,Spożywcze,2025-03-01,12,15.5
SKU-0366,Herbata czarna 100g Premium,Spożywcze,2025-04-01,0,15.51
SKU-0366,Herbata czarna 100g Premium,Spożywcze,2025-05-01,10,15.97
SKU-0366,Herbata czarna 100g Premium,Spożywcze,2025-06-01,3,15.49
SKU-0366,Herbata czarna 100g Premium,Spożywcze,2025-07-01,13,16.74
SKU-0366,Herbata czarna 100g Premium,Spożywcze,2025-08-01,5,15.46
SKU-0366,Herbata czarna 100g Premium,Spożywcze,2025-09-01,7,16.06
SKU-0366,Herbata czarna 100g Premium,Spożywcze,2025-10-01,0,16.58
SKU-0366,Herbata czarna 100g Premium,Spożywcze,2025-11-01,3,15.95
SKU-0366,Herbata czarna 100g Premium,Spożywcze,2025-12-01,0,15.79
SKU-0366,Herbata czarna 100g Premium,Spożywcze,2026-01-01,3,16.18
SKU-0366,Herbata czarna 100g Premium,Spożywcze,2026-02-01,11,16.14
SKU-0366,Herbata czarna 100g Premium,Spożywcze,2026-03-01,0,16.42
SKU-0366,Herbata czarna 100g Premium,Spożywcze,2026-04-01,5,16.76
SKU-0366,Herbata czarna 100g Premium,Spożywcze,2026-05-01,11,15.51
SKU-0366,Herbata czarna 100g Premium,Spożywcze,2026-06-01,13,16.37
SKU-0366,Herbata czarna 100g Premium,Spożywcze,2026-07-01,5,16.01
SKU-0367,Kamera IP Plus,Elektronika,2024-08-01,2,260.77
SKU-0367,Kamera IP Plus,Elektronika,2024-09-01,4,250.19
SKU-0367,Kamera IP Plus,Elektronika,2024-10-01,5,263.56
SKU-0367,Kamera IP Plus,Elektronika,2024-11-01,5,265.75
SKU-0367,Kamera IP Plus,Elektronika,2024-12-01,3,260.28
SKU-0367,Kamera IP Plus,Elektronika,2025-01-01,4,247.77
SKU-0367,Kamera IP Plus,Elektronika,2025-02-01,2,260.75
SKU-0367,Kamera IP Plus,Elektronika,2025-03-01,2,260.15
SKU-0367,Kamera IP Plus,Elektronika,2025-04-01,2,245.53
SKU-0367,Kamera IP Plus,Elektronika,2025-05-01,1,266.73
SKU-0367,Kamera IP Plus,Elektronika,2025-06-01,1,251.54
SKU-0367,Kamera IP Plus,Elektronika,2025-07-01,2,257.05
SKU-0367,Kamera IP Plus,Elektronika,2025-08-01,1,263.73
SKU-0367,Kamera IP Plus,Elektronika,2025-09-01,2,264.2
SKU-0367,Kamera IP Plus,Elektronika,2025-10-01,3,266.52
SKU-0367,Kamera IP Plus,Elektronika,2025-11-01,5,245.94
SKU-0367,Kamera IP Plus,Elektronika,2025-12-01,4,267.88
SKU-0367,Kamera IP Plus,Elektronika,2026-01-01,3,259.83
SKU-0367,Kamera IP Plus,Elektronika,2026-02-01,2,255.5
SKU-0367,Kamera IP Plus,Elektronika,2026-03-01,2,257.97
SKU-0367,Kamera IP Plus,Elektronika,2026-04-01,2,257.67
SKU-0367,Kamera IP Plus,Elektronika,2026-05-01,1,246.72
SKU-0367,Kamera IP Plus,Elektronika,2026-06-01,2,248.04
SKU-0367,Kamera IP Plus,Elektronika,2026-07-01,2,267.12
SKU-0368,Zestaw kluczy nasadowych Compact,Narzędzia,2024-08-01,3,49.6
SKU-0368,Zestaw kluczy nasadowych Compact,Narzędzia,2024-09-01,4,48.63
SKU-0368,Zestaw kluczy nasadowych Compact,Narzędzia,2024-10-01,4,48.2
SKU-0368,Zestaw kluczy nasadowych Compact,Narzędzia,2024-11-01,4,49.26
SKU-0368,Zestaw kluczy nasadowych Compact,Narzędzia,2024-12-01,4,50.73
SKU-0368,Zestaw kluczy nasadowych Compact,Narzędzia,2025-01-01,4,50.02
SKU-0368,Zestaw kluczy nasadowych Compact,Narzędzia,2025-02-01,4,50.94
SKU-0368,Zestaw kluczy nasadowych Compact,Narzędzia,2025-03-01,4,49.53
SKU-0368,Zestaw kluczy nasadowych Compact,Narzędzia,2025-04-01,4,52.27
SKU-0368,Zestaw kluczy nasadowych Compact,Narzędzia,2025-05-01,4,50.24
SKU-0368,Zestaw kluczy nasadowych Compact,Narzędzia,2025-06-01,4,49.06
SKU-0368,Zestaw kluczy nasadowych Compact,Narzędzia,2025-07-01,4,50.08
SKU-0368,Zestaw kluczy nasadowych Compact,Narzędzia,2025-08-01,4,51.34
SKU-0368,Zestaw kluczy nasadowych Compact,Narzędzia,2025-09-01,4,49.51
SKU-0368,Zestaw kluczy nasadowych Compact,Narzędzia,2025-10-01,4,47.8
SKU-0368,Zestaw kluczy nasadowych Compact,Narzędzia,2025-11-01,4,51.44
SKU-0368,Zestaw kluczy nasadowych Compact,Narzędzia,2025-12-01,4,49.68
SKU-0368,Zestaw kluczy nasadowych Compact,Narzędzia,2026-01-01,5,51.68
SKU-0368,Zestaw kluczy nasadowych Compact,Narzędzia,2026-02-01,4,47.81
SKU-0368,Zestaw kluczy nasadowych Compact,Narzędzia,2026-03-01,5,50.03
SKU-0368,Zestaw kluczy nasadowych Compact,Narzędzia,2026-04-01,4,47.77
SKU-0368,Zestaw kluczy nasadowych Compact,Narzędzia,2026-05-01,4,51.56
SKU-0368,Zestaw kluczy nasadowych Compact,Narzędzia,2026-06-01,4,50.6
SKU-0368,Zestaw kluczy nasadowych Compact,Narzędzia,2026-07-01,5,50.63
SKU-0369,Wąż ogrodowy 20m Mini,Ogród,2024-08-01,5,317.75
SKU-0369,Wąż ogrodowy 20m Mini,Ogród,2024-09-01,8,309.97
SKU-0369,Wąż ogrodowy 20m Mini,Ogród,2024-10-01,9,323.19
SKU-0369,Wąż ogrodowy 20m Mini,Ogród,2024-11-01,5,306.9
SKU-0369,Wąż ogrodowy 20m Mini,Ogród,2024-12-01,14,311.5
SKU-0369,Wąż ogrodowy 20m Mini,Ogród,2025-01-01,14,321.4
SKU-0369,Wąż ogrodowy 20m Mini,Ogród,2025-02-01,20,308.87
SKU-0369,Wąż ogrodowy 20m Mini,Ogród,2025-03-01,19,313.42
SKU-0369,Wąż ogrodowy 20m Mini,Ogród,2025-04-01,20,323.8
SKU-0369,Wąż ogrodowy 20m Mini,Ogród,2025-05-01,17,322.75
SKU-0369,Wąż ogrodowy 20m Mini,Ogród,2025-06-01,17,312.26
SKU-0369,Wąż ogrodowy 20m Mini,Ogród,2025-07-01,12,308.46
SKU-0369,Wąż ogrodowy 20m Mini,Ogród,2025-08-01,10,303.44
SKU-0369,Wąż ogrodowy 20m Mini,Ogród,2025-09-01,5,323.97
SKU-0369,Wąż ogrodowy 20m Mini,Ogród,2025-10-01,5,312.1
SKU-0369,Wąż ogrodowy 20m Mini,Ogród,2025-11-01,11,327.79
SKU-0369,Wąż ogrodowy 20m Mini,Ogród,2025-12-01,11,312.19
SKU-0369,Wąż ogrodowy 20m Mini,Ogród,2026-01-01,18,307.28
SKU-0369,Wąż ogrodowy 20m Mini,Ogród,2026-02-01,13,317.7
SKU-0369,Wąż ogrodowy 20m Mini,Ogród,2026-03-01,18,299.97
SKU-0369,Wąż ogrodowy 20m Mini,Ogród,2026-04-01,19,304.56
SKU-0369,Wąż ogrodowy 20m Mini,Ogród,2026-05-01,13,315.51
SKU-0369,Wąż ogrodowy 20m Mini,Ogród,2026-06-01,19,306.59
SKU-0369,Wąż ogrodowy 20m Mini,Ogród,2026-07-01,8,329.18
SKU-0370,Płatki śniadaniowe,Spożywcze,2024-08-01,7,19.99
SKU-0370,Płatki śniadaniowe,Spożywcze,2024-09-01,3,19.36
SKU-0370,Płatki śniadaniowe,Spożywcze,2024-10-01,1,18.94
SKU-0370,Płatki śniadaniowe,Spożywcze,2024-11-01,1,19.69
SKU-0370,Płatki śniadaniowe,Spożywcze,2024-12-01,1,20.03
SKU-0370,Płatki śniadaniowe,Spożywcze,2025-01-01,5,19.62
SKU-0370,Płatki śniadaniowe,Spożywcze,2025-02-01,8,18.51
SKU-0370,Płatki śniadaniowe,Spożywcze,2025-03-01,16,18.58
SKU-0370,Płatki śniadaniowe,Spożywcze,2025-04-01,19,18.34
SKU-0370,Płatki śniadaniowe,Spożywcze,2025-05-01,18,18.49
SKU-0370,Płatki śniadaniowe,Spożywcze,2025-06-01,11,19.49
SKU-0370,Płatki śniadaniowe,Spożywcze,2025-07-01,10,18.61
SKU-0370,Płatki śniadaniowe,Spożywcze,2025-08-01,8,18.94
SKU-0370,Płatki śniadaniowe,Spożywcze,2025-09-01,3,18.48
SKU-0370,Płatki śniadaniowe,Spożywcze,2025-10-01,1,19.92
SKU-0370,Płatki śniadaniowe,Spożywcze,2025-11-01,0,18.47
SKU-0370,Płatki śniadaniowe,Spożywcze,2025-12-01,1,19.09
SKU-0370,Płatki śniadaniowe,Spożywcze,2026-01-01,5,18.96
SKU-0370,Płatki śniadaniowe,Spożywcze,2026-02-01,8,18.32
SKU-0370,Płatki śniadaniowe,Spożywcze,2026-03-01,12,18.92
SKU-0370,Płatki śniadaniowe,Spożywcze,2026-04-01,19,19.71
SKU-0370,Płatki śniadaniowe,Spożywcze,2026-05-01,19,18.73
SKU-0370,Płatki śniadaniowe,Spożywcze,2026-06-01,18,19.61
SKU-0370,Płatki śniadaniowe,Spożywcze,2026-07-01,12,20.11
SKU-0371,Papier do drukarki Classic,Artykuły biurowe,2024-08-01,8,57.9
SKU-0371,Papier do drukarki Classic,Artykuły biurowe,2024-09-01,6,60.47
SKU-0371,Papier do drukarki Classic,Artykuły biurowe,2024-10-01,5,59.73
SKU-0371,Papier do drukarki Classic,Artykuły biurowe,2024-11-01,2,59.58
SKU-0371,Papier do drukarki Classic,Artykuły biurowe,2024-12-01,2,61.46
SKU-0371,Papier do drukarki Classic,Artykuły biurowe,2025-01-01,2,58.58
SKU-0371,Papier do drukarki Classic,Artykuły biurowe,2025-02-01,3,59.68
SKU-0371,Papier do drukarki Classic,Artykuły biurowe,2025-03-01,8,60.9
SKU-0371,Papier do drukarki Classic,Artykuły biurowe,2025-04-01,10,57.6
SKU-0371,Papier do drukarki Classic,Artykuły biurowe,2025-05-01,11,58.93
SKU-0371,Papier do drukarki Classic,Artykuły biurowe,2025-06-01,13,60.25
SKU-0371,Papier do drukarki Classic,Artykuły biurowe,2025-07-01,10,57.17
SKU-0371,Papier do drukarki Classic,Artykuły biurowe,2025-08-01,13,58.93
SKU-0371,Papier do drukarki Classic,Artykuły biurowe,2025-09-01,5,56.78
SKU-0371,Papier do drukarki Classic,Artykuły biurowe,2025-10-01,5,59.06
SKU-0371,Papier do drukarki Classic,Artykuły biurowe,2025-11-01,2,57.79
SKU-0371,Papier do drukarki Classic,Artykuły biurowe,2025-12-01,2,57.93
SKU-0371,Papier do drukarki Classic,Artykuły biurowe,2026-01-01,2,57.14
SKU-0371,Papier do drukarki Classic,Artykuły biurowe,2026-02-01,5,59.32
SKU-0371,Papier do drukarki Classic,Artykuły biurowe,2026-03-01,6,61.9
SKU-0371,Papier do drukarki Classic,Artykuły biurowe,2026-04-01,10,57.87
SKU-0371,Papier do drukarki Classic,Artykuły biurowe,2026-05-01,10,60.76
SKU-0371,Papier do drukarki Classic,Artykuły biurowe,2026-06-01,13,57.98
SKU-0371,Papier do drukarki Classic,Artykuły biurowe,2026-07-01,18,58.19
SKU-0372,Żarówka LED E27 Eco,Oświetlenie,2024-08-01,1,208.18
SKU-0372,Żarówka LED E27 Eco,Oświetlenie,2024-09-01,2,210.57
SKU-0372,Żarówka LED E27 Eco,Oświetlenie,2024-10-01,4,222.11
SKU-0372,Żarówka LED E27 Eco,Oświetlenie,2024-11-01,5,216.53
SKU-0372,Żarówka LED E27 Eco,Oświetlenie,2024-12-01,7,221.36
SKU-0372,Żarówka LED E27 Eco,Oświetlenie,2025-01-01,6,213.07
SKU-0372,Żarówka LED E27 Eco,Oświetlenie,2025-02-01,7,221.96
SKU-0372,Żarówka LED E27 Eco,Oświetlenie,2025-03-01,6,223.97
SKU-0372,Żarówka LED E27 Eco,Oświetlenie,2025-04-01,4,220.08
SKU-0372,Żarówka LED E27 Eco,Oświetlenie,2025-05-01,3,208.71
SKU-0372,Żarówka LED E27 Eco,Oświetlenie,2025-06-01,2,209.95
SKU-0372,Żarówka LED E27 Eco,Oświetlenie,2025-07-01,2,219.5
SKU-0372,Żarówka LED E27 Eco,Oświetlenie,2025-08-01,2,219.28
SKU-0372,Żarówka LED E27 Eco,Oświetlenie,2025-09-01,5,211.06
SKU-0372,Żarówka LED E27 Eco,Oświetlenie,2025-10-01,5,214.13
SKU-0372,Żarówka LED E27 Eco,Oświetlenie,2025-11-01,9,213.41
SKU-0372,Żarówka LED E27 Eco,Oświetlenie,2025-12-01,8,211.7
SKU-0372,Żarówka LED E27 Eco,Oświetlenie,2026-01-01,9,221.73
SKU-0372,Żarówka LED E27 Eco,Oświetlenie,2026-02-01,9,217.46
SKU-0372,Żarówka LED E27 Eco,Oświetlenie,2026-03-01,7,221.52
SKU-0372,Żarówka LED E27 Eco,Oświetlenie,2026-04-01,6,216.01
SKU-0372,Żarówka LED E27 Eco,Oświetlenie,2026-05-01,3,211.07
SKU-0372,Żarówka LED E27 Eco,Oświetlenie,2026-06-01,3,218.64
SKU-0372,Żarówka LED E27 Eco,Oświetlenie,2026-07-01,2,227.53
SKU-0373,Wiertarka udarowa Compact,Narzędzia,2024-08-01,19,599.83
SKU-0373,Wiertarka udarowa Compact,Narzędzia,2024-09-01,10,602.61
SKU-0373,Wiertarka udarowa Compact,Narzędzia,2024-10-01,9,565.17
SKU-0373,Wiertarka udarowa Compact,Narzędzia,2024-11-01,5,565.97
SKU-0373,Wiertarka udarowa Compact,Narzędzia,2024-12-01,5,586.39
SKU-0373,Wiertarka udarowa Compact,Narzędzia,2025-01-01,6,554.86
SKU-0373,Wiertarka udarowa Compact,Narzędzia,2025-02-01,7,600.61
SKU-0373,Wiertarka udarowa Compact,Narzędzia,2025-03-01,12,603.11
SKU-0373,Wiertarka udarowa Compact,Narzędzia,2025-04-01,14,562.63
SKU-0373,Wiertarka udarowa Compact,Narzędzia,2025-05-01,17,592.2
SKU-0373,Wiertarka udarowa Compact,Narzędzia,2025-06-01,14,578.02
SKU-0373,Wiertarka udarowa Compact,Narzędzia,2025-07-01,13,558.54
SKU-0373,Wiertarka udarowa Compact,Narzędzia,2025-08-01,13,594.76
SKU-0373,Wiertarka udarowa Compact,Narzędzia,2025-09-01,16,560.02
SKU-0373,Wiertarka udarowa Compact,Narzędzia,2025-10-01,10,558.98
SKU-0373,Wiertarka udarowa Compact,Narzędzia,2025-11-01,6,600.76
SKU-0373,Wiertarka udarowa Compact,Narzędzia,2025-12-01,5,565.27
SKU-0373,Wiertarka udarowa Compact,Narzędzia,2026-01-01,6,564.19
SKU-0373,Wiertarka udarowa Compact,Narzędzia,2026-02-01,11,601.87
SKU-0373,Wiertarka udarowa Compact,Narzędzia,2026-03-01,10,584.94
SKU-0373,Wiertarka udarowa Compact,Narzędzia,2026-04-01,13,580.27
SKU-0373,Wiertarka udarowa Compact,Narzędzia,2026-05-01,18,563.46
SKU-0373,Wiertarka udarowa Compact,Narzędzia,2026-06-01,17,577.98
SKU-0373,Wiertarka udarowa Compact,Narzędzia,2026-07-01,25,569.73
SKU-0374,Poziomica 60cm Pro,Narzędzia,2024-08-01,4,282.05
SKU-0374,Poziomica 60cm Pro,Narzędzia,2024-09-01,4,263.0
SKU-0374,Poziomica 60cm Pro,Narzędzia,2024-10-01,4,266.37
SKU-0374,Poziomica 60cm Pro,Narzędzia,2024-11-01,4,280.75
SKU-0374,Poziomica 60cm Pro,Narzędzia,2024-12-01,4,287.37
SKU-0374,Poziomica 60cm Pro,Narzędzia,2025-01-01,4,279.35
SKU-0374,Poziomica 60cm Pro,Narzędzia,2025-02-01,5,275.32
SKU-0374,Poziomica 60cm Pro,Narzędzia,2025-03-01,4,283.99
SKU-0374,Poziomica 60cm Pro,Narzędzia,2025-04-01,4,271.62
SKU-0374,Poziomica 60cm Pro,Narzędzia,2025-05-01,4,267.81
SKU-0374,Poziomica 60cm Pro,Narzędzia,2025-06-01,4,278.28
SKU-0374,Poziomica 60cm Pro,Narzędzia,2025-07-01,4,268.28
SKU-0374,Poziomica 60cm Pro,Narzędzia,2025-08-01,4,265.03
SKU-0374,Poziomica 60cm Pro,Narzędzia,2025-09-01,4,268.26
SKU-0374,Poziomica 60cm Pro,Narzędzia,2025-10-01,4,266.63
SKU-0374,Poziomica 60cm Pro,Narzędzia,2025-11-01,4,261.39
SKU-0374,Poziomica 60cm Pro,Narzędzia,2025-12-01,4,266.89
SKU-0374,Poziomica 60cm Pro,Narzędzia,2026-01-01,4,266.46
SKU-0374,Poziomica 60cm Pro,Narzędzia,2026-02-01,4,281.95
SKU-0374,Poziomica 60cm Pro,Narzędzia,2026-03-01,3,267.47
SKU-0374,Poziomica 60cm Pro,Narzędzia,2026-04-01,4,262.44
SKU-0374,Poziomica 60cm Pro,Narzędzia,2026-05-01,4,261.66
SKU-0374,Poziomica 60cm Pro,Narzędzia,2026-06-01,3,282.78
SKU-0374,Poziomica 60cm Pro,Narzędzia,2026-07-01,3,264.61
SKU-0375,Buty trekkingowe Compact,Obuwie,2024-08-01,25,63.48
SKU-0375,Buty trekkingowe Compact,Obuwie,2024-09-01,18,63.18
SKU-0375,Buty trekkingowe Compact,Obuwie,2024-10-01,15,64.29
SKU-0375,Buty trekkingowe Compact,Obuwie,2024-11-01,10,64.97
SKU-0375,Buty trekkingowe Compact,Obuwie,2024-12-01,4,63.17
SKU-0375,Buty trekkingowe Compact,Obuwie,2025-01-01,5,67.4
SKU-0375,Buty trekkingowe Compact,Obuwie,2025-02-01,4,66.04
SKU-0375,Buty trekkingowe Compact,Obuwie,2025-03-01,14,61.97
SKU-0375,Buty trekkingowe Compact,Obuwie,2025-04-01,21,62.34
SKU-0375,Buty trekkingowe Compact,Obuwie,2025-05-01,41,62.03
SKU-0375,Buty trekkingowe Compact,Obuwie,2025-06-01,31,66.54
SKU-0375,Buty trekkingowe Compact,Obuwie,2025-07-01,40,63.61
SKU-0375,Buty trekkingowe Compact,Obuwie,2025-08-01,30,63.99
SKU-0375,Buty trekkingowe Compact,Obuwie,2025-09-01,25,65.69
SKU-0375,Buty trekkingowe Compact,Obuwie,2025-10-01,20,64.33
SKU-0375,Buty trekkingowe Compact,Obuwie,2025-11-01,10,62.39
SKU-0375,Buty trekkingowe Compact,Obuwie,2025-12-01,5,67.21
SKU-0375,Buty trekkingowe Compact,Obuwie,2026-01-01,4,64.72
SKU-0375,Buty trekkingowe Compact,Obuwie,2026-02-01,7,62.2
SKU-0375,Buty trekkingowe Compact,Obuwie,2026-03-01,14,68.06
SKU-0375,Buty trekkingowe Compact,Obuwie,2026-04-01,25,61.9
SKU-0375,Buty trekkingowe Compact,Obuwie,2026-05-01,43,67.64
SKU-0375,Buty trekkingowe Compact,Obuwie,2026-06-01,32,62.81
SKU-0375,Buty trekkingowe Compact,Obuwie,2026-07-01,40,62.96
SKU-0376,Stolik kawowy Premium,Meble,2024-08-01,3,93.58
SKU-0376,Stolik kawowy Premium,Meble,2024-09-01,1,94.32
SKU-0376,Stolik kawowy Premium,Meble,2024-10-01,0,95.81
SKU-0376,Stolik kawowy Premium,Meble,2024-11-01,2,90.64
SKU-0376,Stolik kawowy Premium,Meble,2024-12-01,6,95.81
SKU-0376,Stolik kawowy Premium,Meble,2025-01-01,8,93.5
SKU-0376,Stolik kawowy Premium,Meble,2025-02-01,10,95.66
SKU-0376,Stolik kawowy Premium,Meble,2025-03-01,13,94.61
SKU-0376,Stolik kawowy Premium,Meble,2025-04-01,14,86.84
SKU-0376,Stolik kawowy Premium,Meble,2025-05-01,18,91.29
SKU-0376,Stolik kawowy Premium,Meble,2025-06-01,16,90.23
SKU-0376,Stolik kawowy Premium,Meble,2025-07-01,5,94.09
SKU-0376,Stolik kawowy Premium,Meble,2025-08-01,2,95.32
SKU-0376,Stolik kawowy Premium,Meble,2025-09-01,1,88.04
SKU-0376,Stolik kawowy Premium,Meble,2025-10-01,0,88.75
SKU-0376,Stolik kawowy Premium,Meble,2025-11-01,2,94.9
SKU-0376,Stolik kawowy Premium,Meble,2025-12-01,6,92.01
SKU-0376,Stolik kawowy Premium,Meble,2026-01-01,9,88.35
SKU-0376,Stolik kawowy Premium,Meble,2026-02-01,15,90.19
SKU-0376,Stolik kawowy Premium,Meble,2026-03-01,22,95.71
SKU-0376,Stolik kawowy Premium,Meble,2026-04-01,23,87.89
SKU-0376,Stolik kawowy Premium,Meble,2026-05-01,13,94.49
SKU-0376,Stolik kawowy Premium,Meble,2026-06-01,11,95.11
SKU-0376,Stolik kawowy Premium,Meble,2026-07-01,9,94.26
SKU-0377,Regał na książki,Meble,2024-08-01,10,850.16
SKU-0377,Regał na książki,Meble,2024-09-01,10,861.4
SKU-0377,Regał na książki,Meble,2024-10-01,10,875.33
SKU-0377,Regał na książki,Meble,2024-11-01,9,861.51
SKU-0377,Regał na książki,Meble,2024-12-01,10,907.75
SKU-0377,Regał na książki,Meble,2025-01-01,9,926.26
SKU-0377,Regał na książki,Meble,2025-02-01,9,906.45
SKU-0377,Regał na książki,Meble,2025-03-01,10,907.71
SKU-0377,Regał na książki,Meble,2025-04-01,9,868.15
SKU-0377,Regał na książki,Meble,2025-05-01,9,890.1
SKU-0377,Regał na książki,Meble,2025-06-01,12,934.47
SKU-0377,Regał na książki,Meble,2025-07-01,9,884.2
SKU-0377,Regał na książki,Meble,2025-08-01,9,880.16
SKU-0377,Regał na książki,Meble,2025-09-01,10,906.15
SKU-0377,Regał na książki,Meble,2025-10-01,10,903.03
SKU-0377,Regał na książki,Meble,2025-11-01,10,895.12
SKU-0377,Regał na książki,Meble,2025-12-01,8,920.0
SKU-0377,Regał na książki,Meble,2026-01-01,10,885.02
SKU-0377,Regał na książki,Meble,2026-02-01,10,919.97
SKU-0377,Regał na książki,Meble,2026-03-01,10,865.75
SKU-0377,Regał na książki,Meble,2026-04-01,10,875.04
SKU-0377,Regał na książki,Meble,2026-05-01,10,920.16
SKU-0377,Regał na książki,Meble,2026-06-01,10,915.86
SKU-0377,Regał na książki,Meble,2026-07-01,9,881.22
SKU-0378,Spodnie jeansowe,Odzież,2024-08-01,5,105.88
SKU-0378,Spodnie jeansowe,Odzież,2024-09-01,4,107.09
SKU-0378,Spodnie jeansowe,Odzież,2024-10-01,5,107.06
SKU-0378,Spodnie jeansowe,Odzież,2024-11-01,6,110.72
SKU-0378,Spodnie jeansowe,Odzież,2024-12-01,4,103.44
SKU-0378,Spodnie jeansowe,Odzież,2025-01-01,2,104.92
SKU-0378,Spodnie jeansowe,Odzież,2025-02-01,1,108.87
SKU-0378,Spodnie jeansowe,Odzież,2025-03-01,2,108.62
SKU-0378,Spodnie jeansowe,Odzież,2025-04-01,1,108.98
SKU-0378,Spodnie jeansowe,Odzież,2025-05-01,4,106.52
SKU-0378,Spodnie jeansowe,Odzież,2025-06-01,4,103.45
SKU-0378,Spodnie jeansowe,Odzież,2025-07-01,5,109.39
SKU-0378,Spodnie jeansowe,Odzież,2025-08-01,7,111.28
SKU-0378,Spodnie jeansowe,Odzież,2025-09-01,6,105.81
SKU-0378,Spodnie jeansowe,Odzież,2025-10-01,5,104.19
SKU-0378,Spodnie jeansowe,Odzież,2025-11-01,6,106.49
SKU-0378,Spodnie jeansowe,Odzież,2025-12-01,5,112.25
SKU-0378,Spodnie jeansowe,Odzież,2026-01-01,3,109.25
SKU-0378,Spodnie jeansowe,Odzież,2026-02-01,3,110.57
SKU-0378,Spodnie jeansowe,Odzież,2026-03-01,2,103.2
SKU-0378,Spodnie jeansowe,Odzież,2026-04-01,2,109.46
SKU-0378,Spodnie jeansowe,Odzież,2026-05-01,3,108.66
SKU-0378,Spodnie jeansowe,Odzież,2026-06-01,4,103.74
SKU-0378,Spodnie jeansowe,Odzież,2026-07-01,4,111.79
SKU-0379,Sekator ogrodowy,Ogród,2024-08-01,35,219.1
SKU-0379,Sekator ogrodowy,Ogród,2024-09-01,0,224.39
SKU-0379,Sekator ogrodowy,Ogród,2024-10-01,29,216.9
SKU-0379,Sekator ogrodowy,Ogród,2024-11-01,28,225.85
SKU-0379,Sekator ogrodowy,Ogród,2024-12-01,50,218.69
SKU-0379,Sekator ogrodowy,Ogród,2025-01-01,13,218.44
SKU-0379,Sekator ogrodowy,Ogród,2025-02-01,0,224.56
SKU-0379,Sekator ogrodowy,Ogród,2025-03-01,0,207.85
SKU-0379,Sekator ogrodowy,Ogród,2025-04-01,44,214.92
SKU-0379,Sekator ogrodowy,Ogród,2025-05-01,42,208.43
SKU-0379,Sekator ogrodowy,Ogród,2025-06-01,0,212.97
SKU-0379,Sekator ogrodowy,Ogród,2025-07-01,0,209.23
SKU-0379,Sekator ogrodowy,Ogród,2025-08-01,0,212.44
SKU-0379,Sekator ogrodowy,Ogród,2025-09-01,0,216.98
SKU-0379,Sekator ogrodowy,Ogród,2025-10-01,44,211.12
SKU-0379,Sekator ogrodowy,Ogród,2025-11-01,0,208.33
SKU-0379,Sekator ogrodowy,Ogród,2025-12-01,0,207.91
SKU-0379,Sekator ogrodowy,Ogród,2026-01-01,24,209.45
SKU-0379,Sekator ogrodowy,Ogród,2026-02-01,35,214.95
SKU-0379,Sekator ogrodowy,Ogród,2026-03-01,0,217.68
SKU-0379,Sekator ogrodowy,Ogród,2026-04-01,16,223.08
SKU-0379,Sekator ogrodowy,Ogród,2026-05-01,0,216.73
SKU-0379,Sekator ogrodowy,Ogród,2026-06-01,0,219.43
SKU-0379,Sekator ogrodowy,Ogród,2026-07-01,0,206.36
SKU-0380,Stolik kawowy Advanced,Meble,2024-08-01,73,389.19
SKU-0380,Stolik kawowy Advanced,Meble,2024-09-01,52,396.47
SKU-0380,Stolik kawowy Advanced,Meble,2024-10-01,20,378.25
SKU-0380,Stolik kawowy Advanced,Meble,2024-11-01,8,405.66
SKU-0380,Stolik kawowy Advanced,Meble,2024-12-01,7,387.1
SKU-0380,Stolik kawowy Advanced,Meble,2025-01-01,12,374.23
SKU-0380,Stolik kawowy Advanced,Meble,2025-02-01,23,403.47
SKU-0380,Stolik kawowy Advanced,Meble,2025-03-01,46,406.77
SKU-0380,Stolik kawowy Advanced,Meble,2025-04-01,116,394.42
SKU-0380,Stolik kawowy Advanced,Meble,2025-05-01,109,374.43
SKU-0380,Stolik kawowy Advanced,Meble,2025-06-01,95,373.31
SKU-0380,Stolik kawowy Advanced,Meble,2025-07-01,79,377.31
SKU-0380,Stolik kawowy Advanced,Meble,2025-08-01,85,373.65
SKU-0380,Stolik kawowy Advanced,Meble,2025-09-01,51,384.3
SKU-0380,Stolik kawowy Advanced,Meble,2025-10-01,18,397.85
SKU-0380,Stolik kawowy Advanced,Meble,2025-11-01,7,387.5
SKU-0380,Stolik kawowy Advanced,Meble,2025-12-01,9,377.29
SKU-0380,Stolik kawowy Advanced,Meble,2026-01-01,13,381.99
SKU-0380,Stolik kawowy Advanced,Meble,2026-02-01,32,394.95
SKU-0380,Stolik kawowy Advanced,Meble,2026-03-01,93,396.38
SKU-0380,Stolik kawowy Advanced,Meble,2026-04-01,78,378.56
SKU-0380,Stolik kawowy Advanced,Meble,2026-05-01,112,396.64
SKU-0380,Stolik kawowy Advanced,Meble,2026-06-01,100,395.56
SKU-0380,Stolik kawowy Advanced,Meble,2026-07-01,101,378.62
SKU-0381,Maseczka do twarzy Mini,Kosmetyki,2024-08-01,1,96.99
SKU-0381,Maseczka do twarzy Mini,Kosmetyki,2024-09-01,0,104.73
SKU-0381,Maseczka do twarzy Mini,Kosmetyki,2024-10-01,0,103.36
SKU-0381,Maseczka do twarzy Mini,Kosmetyki,2024-11-01,1,103.83
SKU-0381,Maseczka do twarzy Mini,Kosmetyki,2024-12-01,1,100.12
SKU-0381,Maseczka do twarzy Mini,Kosmetyki,2025-01-01,1,101.21
SKU-0381,Maseczka do twarzy Mini,Kosmetyki,2025-02-01,2,102.45
SKU-0381,Maseczka do twarzy Mini,Kosmetyki,2025-03-01,2,102.12
SKU-0381,Maseczka do twarzy Mini,Kosmetyki,2025-04-01,2,97.4
SKU-0381,Maseczka do twarzy Mini,Kosmetyki,2025-05-01,2,103.16
SKU-0381,Maseczka do twarzy Mini,Kosmetyki,2025-06-01,2,102.35
SKU-0381,Maseczka do twarzy Mini,Kosmetyki,2025-07-01,1,102.34
SKU-0381,Maseczka do twarzy Mini,Kosmetyki,2025-08-01,1,102.82
SKU-0381,Maseczka do twarzy Mini,Kosmetyki,2025-09-01,1,104.46
SKU-0381,Maseczka do twarzy Mini,Kosmetyki,2025-10-01,0,97.62
SKU-0381,Maseczka do twarzy Mini,Kosmetyki,2025-11-01,1,100.89
SKU-0381,Maseczka do twarzy Mini,Kosmetyki,2025-12-01,1,100.38
SKU-0381,Maseczka do twarzy Mini,Kosmetyki,2026-01-01,1,95.69
SKU-0381,Maseczka do twarzy Mini,Kosmetyki,2026-02-01,2,101.19
SKU-0381,Maseczka do twarzy Mini,Kosmetyki,2026-03-01,2,100.37
SKU-0381,Maseczka do twarzy Mini,Kosmetyki,2026-04-01,2,103.01
SKU-0381,Maseczka do twarzy Mini,Kosmetyki,2026-05-01,2,97.15
SKU-0381,Maseczka do twarzy Mini,Kosmetyki,2026-06-01,2,96.36
SKU-0381,Maseczka do twarzy Mini,Kosmetyki,2026-07-01,1,97.18
SKU-0382,Koszulka bawełniana Mini,Odzież,2024-08-01,3,140.0
SKU-0382,Koszulka bawełniana Mini,Odzież,2024-09-01,4,150.52
SKU-0382,Koszulka bawełniana Mini,Odzież,2024-10-01,3,138.31
SKU-0382,Koszulka bawełniana Mini,Odzież,2024-11-01,1,149.9
SKU-0382,Koszulka bawełniana Mini,Odzież,2024-12-01,2,142.69
SKU-0382,Koszulka bawełniana Mini,Odzież,2025-01-01,2,140.45
SKU-0382,Koszulka bawełniana Mini,Odzież,2025-02-01,2,141.73
SKU-0382,Koszulka bawełniana Mini,Odzież,2025-03-01,2,139.79
SKU-0382,Koszulka bawełniana Mini,Odzież,2025-04-01,5,143.36
SKU-0382,Koszulka bawełniana Mini,Odzież,2025-05-01,4,149.81
SKU-0382,Koszulka bawełniana Mini,Odzież,2025-06-01,6,146.65
SKU-0382,Koszulka bawełniana Mini,Odzież,2025-07-01,4,147.19
SKU-0382,Koszulka bawełniana Mini,Odzież,2025-08-01,3,137.16
SKU-0382,Koszulka bawełniana Mini,Odzież,2025-09-01,2,137.77
SKU-0382,Koszulka bawełniana Mini,Odzież,2025-10-01,3,144.68
SKU-0382,Koszulka bawełniana Mini,Odzież,2025-11-01,2,141.07
SKU-0382,Koszulka bawełniana Mini,Odzież,2025-12-01,1,139.07
SKU-0382,Koszulka bawełniana Mini,Odzież,2026-01-01,2,143.89
SKU-0382,Koszulka bawełniana Mini,Odzież,2026-02-01,3,138.79
SKU-0382,Koszulka bawełniana Mini,Odzież,2026-03-01,4,143.68
SKU-0382,Koszulka bawełniana Mini,Odzież,2026-04-01,2,142.87
SKU-0382,Koszulka bawełniana Mini,Odzież,2026-05-01,6,140.47
SKU-0382,Koszulka bawełniana Mini,Odzież,2026-06-01,6,142.64
SKU-0382,Koszulka bawełniana Mini,Odzież,2026-07-01,6,139.2
SKU-0383,Olej silnikowy 5W40 Eco,Motoryzacja,2024-08-01,2,222.5
SKU-0383,Olej silnikowy 5W40 Eco,Motoryzacja,2024-09-01,2,215.38
SKU-0383,Olej silnikowy 5W40 Eco,Motoryzacja,2024-10-01,2,233.49
SKU-0383,Olej silnikowy 5W40 Eco,Motoryzacja,2024-11-01,2,215.07
SKU-0383,Olej silnikowy 5W40 Eco,Motoryzacja,2024-12-01,3,221.46
SKU-0383,Olej silnikowy 5W40 Eco,Motoryzacja,2025-01-01,3,227.79
SKU-0383,Olej silnikowy 5W40 Eco,Motoryzacja,2025-02-01,3,233.29
SKU-0383,Olej silnikowy 5W40 Eco,Motoryzacja,2025-03-01,3,224.79
SKU-0383,Olej silnikowy 5W40 Eco,Motoryzacja,2025-04-01,3,219.6
SKU-0383,Olej silnikowy 5W40 Eco,Motoryzacja,2025-05-01,3,234.17
SKU-0383,Olej silnikowy 5W40 Eco,Motoryzacja,2025-06-01,3,231.23
SKU-0383,Olej silnikowy 5W40 Eco,Motoryzacja,2025-07-01,3,232.7
SKU-0383,Olej silnikowy 5W40 Eco,Motoryzacja,2025-08-01,2,234.69
SKU-0383,Olej silnikowy 5W40 Eco,Motoryzacja,2025-09-01,2,218.46
SKU-0383,Olej silnikowy 5W40 Eco,Motoryzacja,2025-10-01,2,229.57
SKU-0383,Olej silnikowy 5W40 Eco,Motoryzacja,2025-11-01,2,233.28
SKU-0383,Olej silnikowy 5W40 Eco,Motoryzacja,2025-12-01,3,225.23
SKU-0383,Olej silnikowy 5W40 Eco,Motoryzacja,2026-01-01,2,224.47
SKU-0383,Olej silnikowy 5W40 Eco,Motoryzacja,2026-02-01,3,226.53
SKU-0383,Olej silnikowy 5W40 Eco,Motoryzacja,2026-03-01,3,221.3
SKU-0383,Olej silnikowy 5W40 Eco,Motoryzacja,2026-04-01,3,229.73
SKU-0383,Olej silnikowy 5W40 Eco,Motoryzacja,2026-05-01,3,218.91
SKU-0383,Olej silnikowy 5W40 Eco,Motoryzacja,2026-06-01,3,212.46
SKU-0383,Olej silnikowy 5W40 Eco,Motoryzacja,2026-07-01,3,233.25
SKU-0384,Kurtka zimowa Premium,Odzież,2024-08-01,2,31.72
SKU-0384,Kurtka zimowa Premium,Odzież,2024-09-01,1,33.09
SKU-0384,Kurtka zimowa Premium,Odzież,2024-10-01,2,33.12
SKU-0384,Kurtka zimowa Premium,Odzież,2024-11-01,4,34.26
SKU-0384,Kurtka zimowa Premium,Odzież,2024-12-01,5,33.84
SKU-0384,Kurtka zimowa Premium,Odzież,2025-01-01,4,32.05
SKU-0384,Kurtka zimowa Premium,Odzież,2025-02-01,9,31.3
SKU-0384,Kurtka zimowa Premium,Odzież,2025-03-01,11,31.92
SKU-0384,Kurtka zimowa Premium,Odzież,2025-04-01,7,32.85
SKU-0384,Kurtka zimowa Premium,Odzież,2025-05-01,6,34.53
SKU-0384,Kurtka zimowa Premium,Odzież,2025-06-01,7,32.61
SKU-0384,Kurtka zimowa Premium,Odzież,2025-07-01,5,33.77
SKU-0384,Kurtka zimowa Premium,Odzież,2025-08-01,3,34.52
SKU-0384,Kurtka zimowa Premium,Odzież,2025-09-01,2,31.27
SKU-0384,Kurtka zimowa Premium,Odzież,2025-10-01,3,31.55
SKU-0384,Kurtka zimowa Premium,Odzież,2025-11-01,4,34.26
SKU-0384,Kurtka zimowa Premium,Odzież,2025-12-01,6,33.58
SKU-0384,Kurtka zimowa Premium,Odzież,2026-01-01,7,34.28
SKU-0384,Kurtka zimowa Premium,Odzież,2026-02-01,9,33.47
SKU-0384,Kurtka zimowa Premium,Odzież,2026-03-01,10,33.93
SKU-0384,Kurtka zimowa Premium,Odzież,2026-04-01,13,33.73
SKU-0384,Kurtka zimowa Premium,Odzież,2026-05-01,8,31.83
SKU-0384,Kurtka zimowa Premium,Odzież,2026-06-01,6,34.27
SKU-0384,Kurtka zimowa Premium,Odzież,2026-07-01,3,32.41
SKU-0385,Grill węglowy XL,Ogród,2024-08-01,99,230.17
SKU-0385,Grill węglowy XL,Ogród,2024-09-01,108,221.47
SKU-0385,Grill węglowy XL,Ogród,2024-10-01,109,226.65
SKU-0385,Grill węglowy XL,Ogród,2024-11-01,112,231.78
SKU-0385,Grill węglowy XL,Ogród,2024-12-01,108,222.74
SKU-0385,Grill węglowy XL,Ogród,2025-01-01,121,230.19
SKU-0385,Grill węglowy XL,Ogród,2025-02-01,115,224.71
SKU-0385,Grill węglowy XL,Ogród,2025-03-01,101,231.89
SKU-0385,Grill węglowy XL,Ogród,2025-04-01,108,225.26
SKU-0385,Grill węglowy XL,Ogród,2025-05-01,96,236.61
SKU-0385,Grill węglowy XL,Ogród,2025-06-01,100,234.23
SKU-0385,Grill węglowy XL,Ogród,2025-07-01,108,233.86
SKU-0385,Grill węglowy XL,Ogród,2025-08-01,115,221.28
SKU-0385,Grill węglowy XL,Ogród,2025-09-01,121,239.57
SKU-0385,Grill węglowy XL,Ogród,2025-10-01,128,236.78
SKU-0385,Grill węglowy XL,Ogród,2025-11-01,125,220.77
SKU-0385,Grill węglowy XL,Ogród,2025-12-01,123,227.06
SKU-0385,Grill węglowy XL,Ogród,2026-01-01,123,227.44
SKU-0385,Grill węglowy XL,Ogród,2026-02-01,110,224.5
SKU-0385,Grill węglowy XL,Ogród,2026-03-01,107,217.07
SKU-0385,Grill węglowy XL,Ogród,2026-04-01,114,231.31
SKU-0385,Grill węglowy XL,Ogród,2026-05-01,106,228.58
SKU-0385,Grill węglowy XL,Ogród,2026-06-01,107,218.67
SKU-0385,Grill węglowy XL,Ogród,2026-07-01,124,231.96
SKU-0386,Trampki klasyczne Advanced,Obuwie,2024-08-01,5,325.11
SKU-0386,Trampki klasyczne Advanced,Obuwie,2024-09-01,5,355.58
SKU-0386,Trampki klasyczne Advanced,Obuwie,2024-10-01,10,326.62
SKU-0386,Trampki klasyczne Advanced,Obuwie,2024-11-01,11,355.29
SKU-0386,Trampki klasyczne Advanced,Obuwie,2024-12-01,6,340.64
SKU-0386,Trampki klasyczne Advanced,Obuwie,2025-01-01,7,345.21
SKU-0386,Trampki klasyczne Advanced,Obuwie,2025-02-01,5,324.06
SKU-0386,Trampki klasyczne Advanced,Obuwie,2025-03-01,3,341.52
SKU-0386,Trampki klasyczne Advanced,Obuwie,2025-04-01,2,349.53
SKU-0386,Trampki klasyczne Advanced,Obuwie,2025-05-01,2,345.04
SKU-0386,Trampki klasyczne Advanced,Obuwie,2025-06-01,4,342.57
SKU-0386,Trampki klasyczne Advanced,Obuwie,2025-07-01,3,324.29
SKU-0386,Trampki klasyczne Advanced,Obuwie,2025-08-01,6,342.35
SKU-0386,Trampki klasyczne Advanced,Obuwie,2025-09-01,7,322.33
SKU-0386,Trampki klasyczne Advanced,Obuwie,2025-10-01,8,353.53
SKU-0386,Trampki klasyczne Advanced,Obuwie,2025-11-01,8,322.87
SKU-0386,Trampki klasyczne Advanced,Obuwie,2025-12-01,7,326.22
SKU-0386,Trampki klasyczne Advanced,Obuwie,2026-01-01,5,349.36
SKU-0386,Trampki klasyczne Advanced,Obuwie,2026-02-01,4,354.7
SKU-0386,Trampki klasyczne Advanced,Obuwie,2026-03-01,4,332.69
SKU-0386,Trampki klasyczne Advanced,Obuwie,2026-04-01,2,328.05
SKU-0386,Trampki klasyczne Advanced,Obuwie,2026-05-01,3,350.87
SKU-0386,Trampki klasyczne Advanced,Obuwie,2026-06-01,2,349.11
SKU-0386,Trampki klasyczne Advanced,Obuwie,2026-07-01,5,343.73
SKU-0387,Olej silnikowy 5W40 Premium,Motoryzacja,2024-08-01,2,46.81
SKU-0387,Olej silnikowy 5W40 Premium,Motoryzacja,2024-09-01,2,50.08
SKU-0387,Olej silnikowy 5W40 Premium,Motoryzacja,2024-10-01,0,50.15
SKU-0387,Olej silnikowy 5W40 Premium,Motoryzacja,2024-11-01,2,47.58
SKU-0387,Olej silnikowy 5W40 Premium,Motoryzacja,2024-12-01,0,48.73
SKU-0387,Olej silnikowy 5W40 Premium,Motoryzacja,2025-01-01,0,50.69
SKU-0387,Olej silnikowy 5W40 Premium,Motoryzacja,2025-02-01,0,46.23
SKU-0387,Olej silnikowy 5W40 Premium,Motoryzacja,2025-03-01,0,47.56
SKU-0387,Olej silnikowy 5W40 Premium,Motoryzacja,2025-04-01,1,48.53
SKU-0387,Olej silnikowy 5W40 Premium,Motoryzacja,2025-05-01,1,46.86
SKU-0387,Olej silnikowy 5W40 Premium,Motoryzacja,2025-06-01,0,50.52
SKU-0387,Olej silnikowy 5W40 Premium,Motoryzacja,2025-07-01,1,48.33
SKU-0387,Olej silnikowy 5W40 Premium,Motoryzacja,2025-08-01,0,50.18
SKU-0387,Olej silnikowy 5W40 Premium,Motoryzacja,2025-09-01,1,48.73
SKU-0387,Olej silnikowy 5W40 Premium,Motoryzacja,2025-10-01,2,50.8
SKU-0387,Olej silnikowy 5W40 Premium,Motoryzacja,2025-11-01,1,48.04
SKU-0387,Olej silnikowy 5W40 Premium,Motoryzacja,2025-12-01,0,49.84
SKU-0387,Olej silnikowy 5W40 Premium,Motoryzacja,2026-01-01,3,49.84
SKU-0387,Olej silnikowy 5W40 Premium,Motoryzacja,2026-02-01,1,50.77
SKU-0387,Olej silnikowy 5W40 Premium,Motoryzacja,2026-03-01,0,50.17
SKU-0387,Olej silnikowy 5W40 Premium,Motoryzacja,2026-04-01,0,46.95
SKU-0387,Olej silnikowy 5W40 Premium,Motoryzacja,2026-05-01,0,50.14
SKU-0387,Olej silnikowy 5W40 Premium,Motoryzacja,2026-06-01,1,48.01
SKU-0387,Olej silnikowy 5W40 Premium,Motoryzacja,2026-07-01,0,46.8
SKU-0388,Fotel wypoczynkowy,Meble,2024-08-01,5,1084.72
SKU-0388,Fotel wypoczynkowy,Meble,2024-09-01,7,1112.2
SKU-0388,Fotel wypoczynkowy,Meble,2024-10-01,9,1119.79
SKU-0388,Fotel wypoczynkowy,Meble,2024-11-01,8,1025.63
SKU-0388,Fotel wypoczynkowy,Meble,2024-12-01,10,1055.1
SKU-0388,Fotel wypoczynkowy,Meble,2025-01-01,5,1056.66
SKU-0388,Fotel wypoczynkowy,Meble,2025-02-01,6,1073.99
SKU-0388,Fotel wypoczynkowy,Meble,2025-03-01,3,1032.08
SKU-0388,Fotel wypoczynkowy,Meble,2025-04-01,1,1090.19
SKU-0388,Fotel wypoczynkowy,Meble,2025-05-01,1,1072.04
SKU-0388,Fotel wypoczynkowy,Meble,2025-06-01,1,1096.0
SKU-0388,Fotel wypoczynkowy,Meble,2025-07-01,3,1041.61
SKU-0388,Fotel wypoczynkowy,Meble,2025-08-01,4,1086.77
SKU-0388,Fotel wypoczynkowy,Meble,2025-09-01,7,1089.05
SKU-0388,Fotel wypoczynkowy,Meble,2025-10-01,9,1117.26
SKU-0388,Fotel wypoczynkowy,Meble,2025-11-01,12,1032.59
SKU-0388,Fotel wypoczynkowy,Meble,2025-12-01,14,1087.75
SKU-0388,Fotel wypoczynkowy,Meble,2026-01-01,7,1107.05
SKU-0388,Fotel wypoczynkowy,Meble,2026-02-01,7,1063.18
SKU-0388,Fotel wypoczynkowy,Meble,2026-03-01,3,1047.72
SKU-0388,Fotel wypoczynkowy,Meble,2026-04-01,2,1044.63
SKU-0388,Fotel wypoczynkowy,Meble,2026-05-01,0,1064.46
SKU-0388,Fotel wypoczynkowy,Meble,2026-06-01,1,1060.96
SKU-0388,Fotel wypoczynkowy,Meble,2026-07-01,3,1081.68
SKU-0389,Kawa mielona 500g Compact,Spożywcze,2024-08-01,2,49.44
SKU-0389,Kawa mielona 500g Compact,Spożywcze,2024-09-01,3,46.72
SKU-0389,Kawa mielona 500g Compact,Spożywcze,2024-10-01,2,47.34
SKU-0389,Kawa mielona 500g Compact,Spożywcze,2024-11-01,2,47.43
SKU-0389,Kawa mielona 500g Compact,Spożywcze,2024-12-01,2,48.49
SKU-0389,Kawa mielona 500g Compact,Spożywcze,2025-01-01,1,48.15
SKU-0389,Kawa mielona 500g Compact,Spożywcze,2025-02-01,0,45.81
SKU-0389,Kawa mielona 500g Compact,Spożywcze,2025-03-01,0,46.34
SKU-0389,Kawa mielona 500g Compact,Spożywcze,2025-04-01,0,48.79
SKU-0389,Kawa mielona 500g Compact,Spożywcze,2025-05-01,1,48.24
SKU-0389,Kawa mielona 500g Compact,Spożywcze,2025-06-01,1,46.15
SKU-0389,Kawa mielona 500g Compact,Spożywcze,2025-07-01,1,48.74
SKU-0389,Kawa mielona 500g Compact,Spożywcze,2025-08-01,2,46.64
SKU-0389,Kawa mielona 500g Compact,Spożywcze,2025-09-01,2,48.37
SKU-0389,Kawa mielona 500g Compact,Spożywcze,2025-10-01,2,48.49
SKU-0389,Kawa mielona 500g Compact,Spożywcze,2025-11-01,2,46.44
SKU-0389,Kawa mielona 500g Compact,Spożywcze,2025-12-01,2,50.04
SKU-0389,Kawa mielona 500g Compact,Spożywcze,2026-01-01,1,46.77
SKU-0389,Kawa mielona 500g Compact,Spożywcze,2026-02-01,0,49.86
SKU-0389,Kawa mielona 500g Compact,Spożywcze,2026-03-01,0,48.07
SKU-0389,Kawa mielona 500g Compact,Spożywcze,2026-04-01,0,46.85
SKU-0389,Kawa mielona 500g Compact,Spożywcze,2026-05-01,1,48.05
SKU-0389,Kawa mielona 500g Compact,Spożywcze,2026-06-01,1,46.99
SKU-0389,Kawa mielona 500g Compact,Spożywcze,2026-07-01,2,47.09
SKU-0390,Regał na książki Plus,Meble,2024-08-01,0,655.34
SKU-0390,Regał na książki Plus,Meble,2024-09-01,1,661.07
SKU-0390,Regał na książki Plus,Meble,2024-10-01,1,698.25
SKU-0390,Regał na książki Plus,Meble,2024-11-01,1,714.5
SKU-0390,Regał na książki Plus,Meble,2024-12-01,0,700.62
SKU-0390,Regał na książki Plus,Meble,2025-01-01,0,690.0
SKU-0390,Regał na książki Plus,Meble,2025-02-01,2,668.81
SKU-0390,Regał na książki Plus,Meble,2025-03-01,3,662.79
SKU-0390,Regał na książki Plus,Meble,2025-04-01,4,701.09
SKU-0390,Regał na książki Plus,Meble,2025-05-01,1,697.85
SKU-0390,Regał na książki Plus,Meble,2025-06-01,2,693.78
SKU-0390,Regał na książki Plus,Meble,2025-07-01,1,714.62
SKU-0390,Regał na książki Plus,Meble,2025-08-01,0,674.6
SKU-0390,Regał na książki Plus,Meble,2025-09-01,0,716.43
SKU-0390,Regał na książki Plus,Meble,2025-10-01,1,659.25
SKU-0390,Regał na książki Plus,Meble,2025-11-01,0,711.79
SKU-0390,Regał na książki Plus,Meble,2025-12-01,0,659.63
SKU-0390,Regał na książki Plus,Meble,2026-01-01,2,660.88
SKU-0390,Regał na książki Plus,Meble,2026-02-01,1,710.25
SKU-0390,Regał na książki Plus,Meble,2026-03-01,0,665.98
SKU-0390,Regał na książki Plus,Meble,2026-04-01,2,720.34
SKU-0390,Regał na książki Plus,Meble,2026-05-01,3,688.12
SKU-0390,Regał na książki Plus,Meble,2026-06-01,3,675.4
SKU-0390,Regał na książki Plus,Meble,2026-07-01,0,658.74
SKU-0391,Płyn do spryskiwaczy Advanced,Motoryzacja,2024-08-01,0,72.37
SKU-0391,Płyn do spryskiwaczy Advanced,Motoryzacja,2024-09-01,0,75.09
SKU-0391,Płyn do spryskiwaczy Advanced,Motoryzacja,2024-10-01,0,70.81
SKU-0391,Płyn do spryskiwaczy Advanced,Motoryzacja,2024-11-01,2,72.88
SKU-0391,Płyn do spryskiwaczy Advanced,Motoryzacja,2024-12-01,0,72.11
SKU-0391,Płyn do spryskiwaczy Advanced,Motoryzacja,2025-01-01,0,73.64
SKU-0391,Płyn do spryskiwaczy Advanced,Motoryzacja,2025-02-01,0,75.6
SKU-0391,Płyn do spryskiwaczy Advanced,Motoryzacja,2025-03-01,0,70.98
SKU-0391,Płyn do spryskiwaczy Advanced,Motoryzacja,2025-04-01,0,69.18
SKU-0391,Płyn do spryskiwaczy Advanced,Motoryzacja,2025-05-01,2,75.1
SKU-0391,Płyn do spryskiwaczy Advanced,Motoryzacja,2025-06-01,6,68.76
SKU-0391,Płyn do spryskiwaczy Advanced,Motoryzacja,2025-07-01,0,75.05
SKU-0391,Płyn do spryskiwaczy Advanced,Motoryzacja,2025-08-01,3,71.25
SKU-0391,Płyn do spryskiwaczy Advanced,Motoryzacja,2025-09-01,1,71.16
SKU-0391,Płyn do spryskiwaczy Advanced,Motoryzacja,2025-10-01,1,70.49
SKU-0391,Płyn do spryskiwaczy Advanced,Motoryzacja,2025-11-01,0,75.84
SKU-0391,Płyn do spryskiwaczy Advanced,Motoryzacja,2025-12-01,1,71.3
SKU-0391,Płyn do spryskiwaczy Advanced,Motoryzacja,2026-01-01,0,74.61
SKU-0391,Płyn do spryskiwaczy Advanced,Motoryzacja,2026-02-01,0,73.69
SKU-0391,Płyn do spryskiwaczy Advanced,Motoryzacja,2026-03-01,0,71.33
SKU-0391,Płyn do spryskiwaczy Advanced,Motoryzacja,2026-04-01,0,70.72
SKU-0391,Płyn do spryskiwaczy Advanced,Motoryzacja,2026-05-01,1,72.27
SKU-0391,Płyn do spryskiwaczy Advanced,Motoryzacja,2026-06-01,0,69.04
SKU-0391,Płyn do spryskiwaczy Advanced,Motoryzacja,2026-07-01,1,73.49
SKU-0392,Płyn do spryskiwaczy Compact,Motoryzacja,2024-08-01,3,41.56
SKU-0392,Płyn do spryskiwaczy Compact,Motoryzacja,2024-09-01,1,44.42
SKU-0392,Płyn do spryskiwaczy Compact,Motoryzacja,2024-10-01,1,43.38
SKU-0392,Płyn do spryskiwaczy Compact,Motoryzacja,2024-11-01,1,43.51
SKU-0392,Płyn do spryskiwaczy Compact,Motoryzacja,2024-12-01,0,42.81
SKU-0392,Płyn do spryskiwaczy Compact,Motoryzacja,2025-01-01,1,44.43
SKU-0392,Płyn do spryskiwaczy Compact,Motoryzacja,2025-02-01,3,44.09
SKU-0392,Płyn do spryskiwaczy Compact,Motoryzacja,2025-03-01,3,43.08
SKU-0392,Płyn do spryskiwaczy Compact,Motoryzacja,2025-04-01,4,44.41
SKU-0392,Płyn do spryskiwaczy Compact,Motoryzacja,2025-05-01,7,45.05
SKU-0392,Płyn do spryskiwaczy Compact,Motoryzacja,2025-06-01,5,43.7
SKU-0392,Płyn do spryskiwaczy Compact,Motoryzacja,2025-07-01,5,43.58
SKU-0392,Płyn do spryskiwaczy Compact,Motoryzacja,2025-08-01,4,44.19
SKU-0392,Płyn do spryskiwaczy Compact,Motoryzacja,2025-09-01,2,42.07
SKU-0392,Płyn do spryskiwaczy Compact,Motoryzacja,2025-10-01,1,41.78
SKU-0392,Płyn do spryskiwaczy Compact,Motoryzacja,2025-11-01,1,43.66
SKU-0392,Płyn do spryskiwaczy Compact,Motoryzacja,2025-12-01,1,41.39
SKU-0392,Płyn do spryskiwaczy Compact,Motoryzacja,2026-01-01,2,41.65
SKU-0392,Płyn do spryskiwaczy Compact,Motoryzacja,2026-02-01,3,41.39
SKU-0392,Płyn do spryskiwaczy Compact,Motoryzacja,2026-03-01,4,44.95
SKU-0392,Płyn do spryskiwaczy Compact,Motoryzacja,2026-04-01,5,41.7
SKU-0392,Płyn do spryskiwaczy Compact,Motoryzacja,2026-05-01,4,45.44
SKU-0392,Płyn do spryskiwaczy Compact,Motoryzacja,2026-06-01,6,41.75
SKU-0392,Płyn do spryskiwaczy Compact,Motoryzacja,2026-07-01,4,42.85
SKU-0393,Lampion ogrodowy Mini,Oświetlenie,2024-08-01,29,300.38
SKU-0393,Lampion ogrodowy Mini,Oświetlenie,2024-09-01,18,306.68
SKU-0393,Lampion ogrodowy Mini,Oświetlenie,2024-10-01,23,306.92
SKU-0393,Lampion ogrodowy Mini,Oświetlenie,2024-11-01,10,289.04
SKU-0393,Lampion ogrodowy Mini,Oświetlenie,2024-12-01,9,299.66
SKU-0393,Lampion ogrodowy Mini,Oświetlenie,2025-01-01,5,304.01
SKU-0393,Lampion ogrodowy Mini,Oświetlenie,2025-02-01,4,283.89
SKU-0393,Lampion ogrodowy Mini,Oświetlenie,2025-03-01,2,285.15
SKU-0393,Lampion ogrodowy Mini,Oświetlenie,2025-04-01,7,293.24
SKU-0393,Lampion ogrodowy Mini,Oświetlenie,2025-05-01,12,307.76
SKU-0393,Lampion ogrodowy Mini,Oświetlenie,2025-06-01,16,308.05
SKU-0393,Lampion ogrodowy Mini,Oświetlenie,2025-07-01,15,292.24
SKU-0393,Lampion ogrodowy Mini,Oświetlenie,2025-08-01,27,285.32
SKU-0393,Lampion ogrodowy Mini,Oświetlenie,2025-09-01,28,304.05
SKU-0393,Lampion ogrodowy Mini,Oświetlenie,2025-10-01,22,303.52
SKU-0393,Lampion ogrodowy Mini,Oświetlenie,2025-11-01,21,303.45
SKU-0393,Lampion ogrodowy Mini,Oświetlenie,2025-12-01,11,310.4
SKU-0393,Lampion ogrodowy Mini,Oświetlenie,2026-01-01,7,304.1
SKU-0393,Lampion ogrodowy Mini,Oświetlenie,2026-02-01,3,293.21
SKU-0393,Lampion ogrodowy Mini,Oświetlenie,2026-03-01,3,285.39
SKU-0393,Lampion ogrodowy Mini,Oświetlenie,2026-04-01,7,303.8
SKU-0393,Lampion ogrodowy Mini,Oświetlenie,2026-05-01,13,305.19
SKU-0393,Lampion ogrodowy Mini,Oświetlenie,2026-06-01,16,291.17
SKU-0393,Lampion ogrodowy Mini,Oświetlenie,2026-07-01,24,284.95
SKU-0394,Radio kuchenne Plus,RTV,2024-08-01,37,232.32
SKU-0394,Radio kuchenne Plus,RTV,2024-09-01,41,232.3
SKU-0394,Radio kuchenne Plus,RTV,2024-10-01,54,218.79
SKU-0394,Radio kuchenne Plus,RTV,2024-11-01,32,221.31
SKU-0394,Radio kuchenne Plus,RTV,2024-12-01,18,219.34
SKU-0394,Radio kuchenne Plus,RTV,2025-01-01,10,220.47
SKU-0394,Radio kuchenne Plus,RTV,2025-02-01,7,220.6
SKU-0394,Radio kuchenne Plus,RTV,2025-03-01,5,216.7
SKU-0394,Radio kuchenne Plus,RTV,2025-04-01,16,225.76
SKU-0394,Radio kuchenne Plus,RTV,2025-05-01,23,232.02
SKU-0394,Radio kuchenne Plus,RTV,2025-06-01,49,214.84
SKU-0394,Radio kuchenne Plus,RTV,2025-07-01,29,212.89
SKU-0394,Radio kuchenne Plus,RTV,2025-08-01,60,231.42
SKU-0394,Radio kuchenne Plus,RTV,2025-09-01,58,217.69
SKU-0394,Radio kuchenne Plus,RTV,2025-10-01,44,227.07
SKU-0394,Radio kuchenne Plus,RTV,2025-11-01,30,233.06
SKU-0394,Radio kuchenne Plus,RTV,2025-12-01,27,220.27
SKU-0394,Radio kuchenne Plus,RTV,2026-01-01,15,232.58
SKU-0394,Radio kuchenne Plus,RTV,2026-02-01,11,219.01
SKU-0394,Radio kuchenne Plus,RTV,2026-03-01,13,229.34
SKU-0394,Radio kuchenne Plus,RTV,2026-04-01,30,230.07
SKU-0394,Radio kuchenne Plus,RTV,2026-05-01,51,229.72
SKU-0394,Radio kuchenne Plus,RTV,2026-06-01,47,216.01
SKU-0394,Radio kuchenne Plus,RTV,2026-07-01,76,224.66
SKU-0395,Olej silnikowy 5W40 Pro,Motoryzacja,2024-08-01,11,236.11
SKU-0395,Olej silnikowy 5W40 Pro,Motoryzacja,2024-09-01,22,234.41
SKU-0395,Olej silnikowy 5W40 Pro,Motoryzacja,2024-10-01,9,222.39
SKU-0395,Olej silnikowy 5W40 Pro,Motoryzacja,2024-11-01,16,220.36
SKU-0395,Olej silnikowy 5W40 Pro,Motoryzacja,2024-12-01,15,236.84
SKU-0395,Olej silnikowy 5W40 Pro,Motoryzacja,2025-01-01,0,225.96
SKU-0395,Olej silnikowy 5W40 Pro,Motoryzacja,2025-02-01,0,229.79
SKU-0395,Olej silnikowy 5W40 Pro,Motoryzacja,2025-03-01,0,217.92
SKU-0395,Olej silnikowy 5W40 Pro,Motoryzacja,2025-04-01,22,227.94
SKU-0395,Olej silnikowy 5W40 Pro,Motoryzacja,2025-05-01,19,237.72
SKU-0395,Olej silnikowy 5W40 Pro,Motoryzacja,2025-06-01,0,233.09
SKU-0395,Olej silnikowy 5W40 Pro,Motoryzacja,2025-07-01,24,238.26
SKU-0395,Olej silnikowy 5W40 Pro,Motoryzacja,2025-08-01,4,234.8
SKU-0395,Olej silnikowy 5W40 Pro,Motoryzacja,2025-09-01,0,234.31
SKU-0395,Olej silnikowy 5W40 Pro,Motoryzacja,2025-10-01,4,238.11
SKU-0395,Olej silnikowy 5W40 Pro,Motoryzacja,2025-11-01,14,234.86
SKU-0395,Olej silnikowy 5W40 Pro,Motoryzacja,2025-12-01,13,231.62
SKU-0395,Olej silnikowy 5W40 Pro,Motoryzacja,2026-01-01,19,220.89
SKU-0395,Olej silnikowy 5W40 Pro,Motoryzacja,2026-02-01,3,229.19
SKU-0395,Olej silnikowy 5W40 Pro,Motoryzacja,2026-03-01,10,226.27
SKU-0395,Olej silnikowy 5W40 Pro,Motoryzacja,2026-04-01,19,232.25
SKU-0395,Olej silnikowy 5W40 Pro,Motoryzacja,2026-05-01,12,224.4
SKU-0395,Olej silnikowy 5W40 Pro,Motoryzacja,2026-06-01,10,222.94
SKU-0395,Olej silnikowy 5W40 Pro,Motoryzacja,2026-07-01,1,228.32
SKU-0396,Robot kuchenny Advanced,AGD,2024-08-01,84,501.15
SKU-0396,Robot kuchenny Advanced,AGD,2024-09-01,94,481.45
SKU-0396,Robot kuchenny Advanced,AGD,2024-10-01,116,503.81
SKU-0396,Robot kuchenny Advanced,AGD,2024-11-01,96,506.49
SKU-0396,Robot kuchenny Advanced,AGD,2024-12-01,101,502.32
SKU-0396,Robot kuchenny Advanced,AGD,2025-01-01,101,502.26
SKU-0396,Robot kuchenny Advanced,AGD,2025-02-01,88,476.92
SKU-0396,Robot kuchenny Advanced,AGD,2025-03-01,101,506.15
SKU-0396,Robot kuchenny Advanced,AGD,2025-04-01,82,490.12
SKU-0396,Robot kuchenny Advanced,AGD,2025-05-01,70,482.8
SKU-0396,Robot kuchenny Advanced,AGD,2025-06-01,67,482.31
SKU-0396,Robot kuchenny Advanced,AGD,2025-07-01,64,508.6
SKU-0396,Robot kuchenny Advanced,AGD,2025-08-01,69,473.02
SKU-0396,Robot kuchenny Advanced,AGD,2025-09-01,79,469.71
SKU-0396,Robot kuchenny Advanced,AGD,2025-10-01,87,492.85
SKU-0396,Robot kuchenny Advanced,AGD,2025-11-01,89,462.48
SKU-0396,Robot kuchenny Advanced,AGD,2025-12-01,92,470.66
SKU-0396,Robot kuchenny Advanced,AGD,2026-01-01,92,470.33
SKU-0396,Robot kuchenny Advanced,AGD,2026-02-01,84,489.72
SKU-0396,Robot kuchenny Advanced,AGD,2026-03-01,66,483.01
SKU-0396,Robot kuchenny Advanced,AGD,2026-04-01,82,472.23
SKU-0396,Robot kuchenny Advanced,AGD,2026-05-01,80,486.25
SKU-0396,Robot kuchenny Advanced,AGD,2026-06-01,67,483.87
SKU-0396,Robot kuchenny Advanced,AGD,2026-07-01,80,499.05
SKU-0397,Młotek stolarski Mini,Narzędzia,2024-08-01,10,328.14
SKU-0397,Młotek stolarski Mini,Narzędzia,2024-09-01,0,339.45
SKU-0397,Młotek stolarski Mini,Narzędzia,2024-10-01,9,331.55
SKU-0397,Młotek stolarski Mini,Narzędzia,2024-11-01,4,351.77
SKU-0397,Młotek stolarski Mini,Narzędzia,2024-12-01,0,344.36
SKU-0397,Młotek stolarski Mini,Narzędzia,2025-01-01,6,349.87
SKU-0397,Młotek stolarski Mini,Narzędzia,2025-02-01,0,351.92
SKU-0397,Młotek stolarski Mini,Narzędzia,2025-03-01,5,351.14
SKU-0397,Młotek stolarski Mini,Narzędzia,2025-04-01,0,340.59
SKU-0397,Młotek stolarski Mini,Narzędzia,2025-05-01,8,333.44
SKU-0397,Młotek stolarski Mini,Narzędzia,2025-06-01,10,345.26
SKU-0397,Młotek stolarski Mini,Narzędzia,2025-07-01,0,321.35
SKU-0397,Młotek stolarski Mini,Narzędzia,2025-08-01,7,352.61
SKU-0397,Młotek stolarski Mini,Narzędzia,2025-09-01,8,344.96
SKU-0397,Młotek stolarski Mini,Narzędzia,2025-10-01,8,339.31
SKU-0397,Młotek stolarski Mini,Narzędzia,2025-11-01,7,346.74
SKU-0397,Młotek stolarski Mini,Narzędzia,2025-12-01,2,335.75
SKU-0397,Młotek stolarski Mini,Narzędzia,2026-01-01,5,335.21
SKU-0397,Młotek stolarski Mini,Narzędzia,2026-02-01,4,339.84
SKU-0397,Młotek stolarski Mini,Narzędzia,2026-03-01,5,337.04
SKU-0397,Młotek stolarski Mini,Narzędzia,2026-04-01,0,330.31
SKU-0397,Młotek stolarski Mini,Narzędzia,2026-05-01,12,337.33
SKU-0397,Młotek stolarski Mini,Narzędzia,2026-06-01,8,330.09
SKU-0397,Młotek stolarski Mini,Narzędzia,2026-07-01,2,322.93
SKU-0398,Olej silnikowy 5W40 Classic,Motoryzacja,2024-08-01,4,61.2
SKU-0398,Olej silnikowy 5W40 Classic,Motoryzacja,2024-09-01,18,60.67
SKU-0398,Olej silnikowy 5W40 Classic,Motoryzacja,2024-10-01,7,57.84
SKU-0398,Olej silnikowy 5W40 Classic,Motoryzacja,2024-11-01,8,58.02
SKU-0398,Olej silnikowy 5W40 Classic,Motoryzacja,2024-12-01,0,55.94
SKU-0398,Olej silnikowy 5W40 Classic,Motoryzacja,2025-01-01,7,58.47
SKU-0398,Olej silnikowy 5W40 Classic,Motoryzacja,2025-02-01,0,56.85
SKU-0398,Olej silnikowy 5W40 Classic,Motoryzacja,2025-03-01,0,58.46
SKU-0398,Olej silnikowy 5W40 Classic,Motoryzacja,2025-04-01,0,59.26
SKU-0398,Olej silnikowy 5W40 Classic,Motoryzacja,2025-05-01,0,56.24
SKU-0398,Olej silnikowy 5W40 Classic,Motoryzacja,2025-06-01,25,57.36
SKU-0398,Olej silnikowy 5W40 Classic,Motoryzacja,2025-07-01,35,56.53
SKU-0398,Olej silnikowy 5W40 Classic,Motoryzacja,2025-08-01,26,57.72
SKU-0398,Olej silnikowy 5W40 Classic,Motoryzacja,2025-09-01,1,59.81
SKU-0398,Olej silnikowy 5W40 Classic,Motoryzacja,2025-10-01,21,59.64
SKU-0398,Olej silnikowy 5W40 Classic,Motoryzacja,2025-11-01,10,58.49
SKU-0398,Olej silnikowy 5W40 Classic,Motoryzacja,2025-12-01,0,61.0
SKU-0398,Olej silnikowy 5W40 Classic,Motoryzacja,2026-01-01,23,57.99
SKU-0398,Olej silnikowy 5W40 Classic,Motoryzacja,2026-02-01,0,58.32
SKU-0398,Olej silnikowy 5W40 Classic,Motoryzacja,2026-03-01,0,59.35
SKU-0398,Olej silnikowy 5W40 Classic,Motoryzacja,2026-04-01,21,58.69
SKU-0398,Olej silnikowy 5W40 Classic,Motoryzacja,2026-05-01,0,56.43
SKU-0398,Olej silnikowy 5W40 Classic,Motoryzacja,2026-06-01,15,55.84
SKU-0398,Olej silnikowy 5W40 Classic,Motoryzacja,2026-07-01,0,60.02
SKU-0399,Wycieraczki samochodowe Classic,Motoryzacja,2024-08-01,0,152.78
SKU-0399,Wycieraczki samochodowe Classic,Motoryzacja,2024-09-01,23,146.65
SKU-0399,Wycieraczki samochodowe Classic,Motoryzacja,2024-10-01,17,150.41
SKU-0399,Wycieraczki samochodowe Classic,Motoryzacja,2024-11-01,0,153.99
SKU-0399,Wycieraczki samochodowe Classic,Motoryzacja,2024-12-01,0,150.48
SKU-0399,Wycieraczki samochodowe Classic,Motoryzacja,2025-01-01,54,148.63
SKU-0399,Wycieraczki samochodowe Classic,Motoryzacja,2025-02-01,0,151.57
SKU-0399,Wycieraczki samochodowe Classic,Motoryzacja,2025-03-01,59,144.59
SKU-0399,Wycieraczki samochodowe Classic,Motoryzacja,2025-04-01,0,141.16
SKU-0399,Wycieraczki samochodowe Classic,Motoryzacja,2025-05-01,6,150.12
SKU-0399,Wycieraczki samochodowe Classic,Motoryzacja,2025-06-01,40,146.21
SKU-0399,Wycieraczki samochodowe Classic,Motoryzacja,2025-07-01,0,146.13
SKU-0399,Wycieraczki samochodowe Classic,Motoryzacja,2025-08-01,0,142.88
SKU-0399,Wycieraczki samochodowe Classic,Motoryzacja,2025-09-01,82,154.16
SKU-0399,Wycieraczki samochodowe Classic,Motoryzacja,2025-10-01,0,144.47
SKU-0399,Wycieraczki samochodowe Classic,Motoryzacja,2025-11-01,0,149.7
SKU-0399,Wycieraczki samochodowe Classic,Motoryzacja,2025-12-01,39,144.13
SKU-0399,Wycieraczki samochodowe Classic,Motoryzacja,2026-01-01,25,145.41
SKU-0399,Wycieraczki samochodowe Classic,Motoryzacja,2026-02-01,0,142.22
SKU-0399,Wycieraczki samochodowe Classic,Motoryzacja,2026-03-01,0,153.89
SKU-0399,Wycieraczki samochodowe Classic,Motoryzacja,2026-04-01,0,147.89
SKU-0399,Wycieraczki samochodowe Classic,Motoryzacja,2026-05-01,0,151.84
SKU-0399,Wycieraczki samochodowe Classic,Motoryzacja,2026-06-01,0,141.72
SKU-0399,Wycieraczki samochodowe Classic,Motoryzacja,2026-07-01,0,145.23
SKU-0400,Powerbank 10000mAh Compact,Elektronika,2024-08-01,2,72.34
SKU-0400,Powerbank 10000mAh Compact,Elektronika,2024-09-01,0,68.02
SKU-0400,Powerbank 10000mAh Compact,Elektronika,2024-10-01,0,72.91
SKU-0400,Powerbank 10000mAh Compact,Elektronika,2024-11-01,16,69.49
SKU-0400,Powerbank 10000mAh Compact,Elektronika,2024-12-01,0,69.65
SKU-0400,Powerbank 10000mAh Compact,Elektronika,2025-01-01,0,73.28
SKU-0400,Powerbank 10000mAh Compact,Elektronika,2025-02-01,14,69.97
SKU-0400,Powerbank 10000mAh Compact,Elektronika,2025-03-01,0,72.21
SKU-0400,Powerbank 10000mAh Compact,Elektronika,2025-04-01,7,72.63
SKU-0400,Powerbank 10000mAh Compact,Elektronika,2025-05-01,0,71.51
SKU-0400,Powerbank 10000mAh Compact,Elektronika,2025-06-01,0,71.08
SKU-0400,Powerbank 10000mAh Compact,Elektronika,2025-07-01,5,72.83
SKU-0400,Powerbank 10000mAh Compact,Elektronika,2025-08-01,9,69.78
SKU-0400,Powerbank 10000mAh Compact,Elektronika,2025-09-01,0,71.35
SKU-0400,Powerbank 10000mAh Compact,Elektronika,2025-10-01,0,71.7
SKU-0400,Powerbank 10000mAh Compact,Elektronika,2025-11-01,9,71.14
SKU-0400,Powerbank 10000mAh Compact,Elektronika,2025-12-01,0,73.21
SKU-0400,Powerbank 10000mAh Compact,Elektronika,2026-01-01,9,72.49
SKU-0400,Powerbank 10000mAh Compact,Elektronika,2026-02-01,3,71.24
SKU-0400,Powerbank 10000mAh Compact,Elektronika,2026-03-01,0,70.6
SKU-0400,Powerbank 10000mAh Compact,Elektronika,2026-04-01,2,67.21
SKU-0400,Powerbank 10000mAh Compact,Elektronika,2026-05-01,10,71.66
SKU-0400,Powerbank 10000mAh Compact,Elektronika,2026-06-01,4,71.66
SKU-0400,Powerbank 10000mAh Compact,Elektronika,2026-07-01,4,68.39
SKU-0401,Klapki basenowe Advanced,Obuwie,2024-08-01,6,59.25
SKU-0401,Klapki basenowe Advanced,Obuwie,2024-09-01,5,59.22
SKU-0401,Klapki basenowe Advanced,Obuwie,2024-10-01,14,57.09
SKU-0401,Klapki basenowe Advanced,Obuwie,2024-11-01,12,58.25
SKU-0401,Klapki basenowe Advanced,Obuwie,2024-12-01,17,61.08
SKU-0401,Klapki basenowe Advanced,Obuwie,2025-01-01,16,61.68
SKU-0401,Klapki basenowe Advanced,Obuwie,2025-02-01,9,59.79
SKU-0401,Klapki basenowe Advanced,Obuwie,2025-03-01,8,58.69
SKU-0401,Klapki basenowe Advanced,Obuwie,2025-04-01,3,56.54
SKU-0401,Klapki basenowe Advanced,Obuwie,2025-05-01,3,61.41
SKU-0401,Klapki basenowe Advanced,Obuwie,2025-06-01,1,58.48
SKU-0401,Klapki basenowe Advanced,Obuwie,2025-07-01,3,60.16
SKU-0401,Klapki basenowe Advanced,Obuwie,2025-08-01,4,57.48
SKU-0401,Klapki basenowe Advanced,Obuwie,2025-09-01,6,59.24
SKU-0401,Klapki basenowe Advanced,Obuwie,2025-10-01,10,61.17
SKU-0401,Klapki basenowe Advanced,Obuwie,2025-11-01,9,58.7
SKU-0401,Klapki basenowe Advanced,Obuwie,2025-12-01,12,60.78
SKU-0401,Klapki basenowe Advanced,Obuwie,2026-01-01,11,56.52
SKU-0401,Klapki basenowe Advanced,Obuwie,2026-02-01,7,58.59
SKU-0401,Klapki basenowe Advanced,Obuwie,2026-03-01,5,61.53
SKU-0401,Klapki basenowe Advanced,Obuwie,2026-04-01,4,60.78
SKU-0401,Klapki basenowe Advanced,Obuwie,2026-05-01,2,58.39
SKU-0401,Klapki basenowe Advanced,Obuwie,2026-06-01,1,59.84
SKU-0401,Klapki basenowe Advanced,Obuwie,2026-07-01,1,56.48
SKU-0402,Regał na książki Mini,Meble,2024-08-01,7,640.71
SKU-0402,Regał na książki Mini,Meble,2024-09-01,5,598.13
SKU-0402,Regał na książki Mini,Meble,2024-10-01,12,587.8
SKU-0402,Regał na książki Mini,Meble,2024-11-01,16,630.63
SKU-0402,Regał na książki Mini,Meble,2024-12-01,27,595.56
SKU-0402,Regał na książki Mini,Meble,2025-01-01,42,620.87
SKU-0402,Regał na książki Mini,Meble,2025-02-01,71,641.87
SKU-0402,Regał na książki Mini,Meble,2025-03-01,71,642.16
SKU-0402,Regał na książki Mini,Meble,2025-04-01,63,604.23
SKU-0402,Regał na książki Mini,Meble,2025-05-01,39,625.27
SKU-0402,Regał na książki Mini,Meble,2025-06-01,25,625.11
SKU-0402,Regał na książki Mini,Meble,2025-07-01,12,619.79
SKU-0402,Regał na książki Mini,Meble,2025-08-01,5,610.24
SKU-0402,Regał na książki Mini,Meble,2025-09-01,6,607.46
SKU-0402,Regał na książki Mini,Meble,2025-10-01,5,641.92
SKU-0402,Regał na książki Mini,Meble,2025-11-01,16,612.53
SKU-0402,Regał na książki Mini,Meble,2025-12-01,38,590.04
SKU-0402,Regał na książki Mini,Meble,2026-01-01,49,617.15
SKU-0402,Regał na książki Mini,Meble,2026-02-01,40,625.57
SKU-0402,Regał na książki Mini,Meble,2026-03-01,51,639.8
SKU-0402,Regał na książki Mini,Meble,2026-04-01,58,621.58
SKU-0402,Regał na książki Mini,Meble,2026-05-01,42,626.78
SKU-0402,Regał na książki Mini,Meble,2026-06-01,32,596.62
SKU-0402,Regał na książki Mini,Meble,2026-07-01,13,599.93
SKU-0403,Papier do drukarki Plus,Artykuły biurowe,2024-08-01,41,18.7
SKU-0403,Papier do drukarki Plus,Artykuły biurowe,2024-09-01,37,20.01
SKU-0403,Papier do drukarki Plus,Artykuły biurowe,2024-10-01,42,19.51
SKU-0403,Papier do drukarki Plus,Artykuły biurowe,2024-11-01,38,18.47
SKU-0403,Papier do drukarki Plus,Artykuły biurowe,2024-12-01,35,19.15
SKU-0403,Papier do drukarki Plus,Artykuły biurowe,2025-01-01,37,19.8
SKU-0403,Papier do drukarki Plus,Artykuły biurowe,2025-02-01,40,18.51
SKU-0403,Papier do drukarki Plus,Artykuły biurowe,2025-03-01,38,18.39
SKU-0403,Papier do drukarki Plus,Artykuły biurowe,2025-04-01,36,19.09
SKU-0403,Papier do drukarki Plus,Artykuły biurowe,2025-05-01,40,19.23
SKU-0403,Papier do drukarki Plus,Artykuły biurowe,2025-06-01,32,18.92
SKU-0403,Papier do drukarki Plus,Artykuły biurowe,2025-07-01,35,18.85
SKU-0403,Papier do drukarki Plus,Artykuły biurowe,2025-08-01,34,19.02
SKU-0403,Papier do drukarki Plus,Artykuły biurowe,2025-09-01,35,19.94
SKU-0403,Papier do drukarki Plus,Artykuły biurowe,2025-10-01,34,19.62
SKU-0403,Papier do drukarki Plus,Artykuły biurowe,2025-11-01,36,20.26
SKU-0403,Papier do drukarki Plus,Artykuły biurowe,2025-12-01,37,19.71
SKU-0403,Papier do drukarki Plus,Artykuły biurowe,2026-01-01,36,18.54
SKU-0403,Papier do drukarki Plus,Artykuły biurowe,2026-02-01,30,19.83
SKU-0403,Papier do drukarki Plus,Artykuły biurowe,2026-03-01,32,19.12
SKU-0403,Papier do drukarki Plus,Artykuły biurowe,2026-04-01,36,19.43
SKU-0403,Papier do drukarki Plus,Artykuły biurowe,2026-05-01,30,18.71
SKU-0403,Papier do drukarki Plus,Artykuły biurowe,2026-06-01,28,19.73
SKU-0403,Papier do drukarki Plus,Artykuły biurowe,2026-07-01,35,19.34
SKU-0404,Router Wi-Fi Premium,Elektronika,2024-08-01,8,388.09
SKU-0404,Router Wi-Fi Premium,Elektronika,2024-09-01,8,416.78
SKU-0404,Router Wi-Fi Premium,Elektronika,2024-10-01,3,384.56
SKU-0404,Router Wi-Fi Premium,Elektronika,2024-11-01,4,398.94
SKU-0404,Router Wi-Fi Premium,Elektronika,2024-12-01,2,400.67
SKU-0404,Router Wi-Fi Premium,Elektronika,2025-01-01,0,400.29
SKU-0404,Router Wi-Fi Premium,Elektronika,2025-02-01,0,397.23
SKU-0404,Router Wi-Fi Premium,Elektronika,2025-03-01,1,405.44
SKU-0404,Router Wi-Fi Premium,Elektronika,2025-04-01,5,414.12
SKU-0404,Router Wi-Fi Premium,Elektronika,2025-05-01,5,411.62
SKU-0404,Router Wi-Fi Premium,Elektronika,2025-06-01,8,380.03
SKU-0404,Router Wi-Fi Premium,Elektronika,2025-07-01,6,391.98
SKU-0404,Router Wi-Fi Premium,Elektronika,2025-08-01,8,408.63
SKU-0404,Router Wi-Fi Premium,Elektronika,2025-09-01,6,387.88
SKU-0404,Router Wi-Fi Premium,Elektronika,2025-10-01,3,418.92
SKU-0404,Router Wi-Fi Premium,Elektronika,2025-11-01,2,408.01
SKU-0404,Router Wi-Fi Premium,Elektronika,2025-12-01,1,415.19
SKU-0404,Router Wi-Fi Premium,Elektronika,2026-01-01,0,379.58
SKU-0404,Router Wi-Fi Premium,Elektronika,2026-02-01,1,388.61
SKU-0404,Router Wi-Fi Premium,Elektronika,2026-03-01,2,380.7
SKU-0404,Router Wi-Fi Premium,Elektronika,2026-04-01,5,380.73
SKU-0404,Router Wi-Fi Premium,Elektronika,2026-05-01,4,379.35
SKU-0404,Router Wi-Fi Premium,Elektronika,2026-06-01,6,384.28
SKU-0404,Router Wi-Fi Premium,Elektronika,2026-07-01,4,405.95
SKU-0405,Wąż ogrodowy 20m Pro,Ogród,2024-08-01,17,468.4
SKU-0405,Wąż ogrodowy 20m Pro,Ogród,2024-09-01,14,446.83
SKU-0405,Wąż ogrodowy 20m Pro,Ogród,2024-10-01,14,468.72
SKU-0405,Wąż ogrodowy 20m Pro,Ogród,2024-11-01,17,441.68
SKU-0405,Wąż ogrodowy 20m Pro,Ogród,2024-12-01,19,436.22
SKU-0405,Wąż ogrodowy 20m Pro,Ogród,2025-01-01,23,435.36
SKU-0405,Wąż ogrodowy 20m Pro,Ogród,2025-02-01,18,468.74
SKU-0405,Wąż ogrodowy 20m Pro,Ogród,2025-03-01,21,452.68
SKU-0405,Wąż ogrodowy 20m Pro,Ogród,2025-04-01,20,449.68
SKU-0405,Wąż ogrodowy 20m Pro,Ogród,2025-05-01,22,440.7
SKU-0405,Wąż ogrodowy 20m Pro,Ogród,2025-06-01,19,463.41
SKU-0405,Wąż ogrodowy 20m Pro,Ogród,2025-07-01,17,438.16
SKU-0405,Wąż ogrodowy 20m Pro,Ogród,2025-08-01,16,460.32
SKU-0405,Wąż ogrodowy 20m Pro,Ogród,2025-09-01,19,461.18
SKU-0405,Wąż ogrodowy 20m Pro,Ogród,2025-10-01,20,448.67
SKU-0405,Wąż ogrodowy 20m Pro,Ogród,2025-11-01,19,449.17
SKU-0405,Wąż ogrodowy 20m Pro,Ogród,2025-12-01,21,449.26
SKU-0405,Wąż ogrodowy 20m Pro,Ogród,2026-01-01,21,447.13
SKU-0405,Wąż ogrodowy 20m Pro,Ogród,2026-02-01,21,428.59
SKU-0405,Wąż ogrodowy 20m Pro,Ogród,2026-03-01,20,434.63
SKU-0405,Wąż ogrodowy 20m Pro,Ogród,2026-04-01,23,431.96
SKU-0405,Wąż ogrodowy 20m Pro,Ogród,2026-05-01,19,463.36
SKU-0405,Wąż ogrodowy 20m Pro,Ogród,2026-06-01,19,429.09
SKU-0405,Wąż ogrodowy 20m Pro,Ogród,2026-07-01,21,434.14
SKU-0406,Żel pod prysznic,Kosmetyki,2024-08-01,37,96.33
SKU-0406,Żel pod prysznic,Kosmetyki,2024-09-01,45,94.75
SKU-0406,Żel pod prysznic,Kosmetyki,2024-10-01,24,92.24
SKU-0406,Żel pod prysznic,Kosmetyki,2024-11-01,23,94.85
SKU-0406,Żel pod prysznic,Kosmetyki,2024-12-01,0,92.7
SKU-0406,Żel pod prysznic,Kosmetyki,2025-01-01,22,95.4
SKU-0406,Żel pod prysznic,Kosmetyki,2025-02-01,29,90.97
SKU-0406,Żel pod prysznic,Kosmetyki,2025-03-01,21,90.63
SKU-0406,Żel pod prysznic,Kosmetyki,2025-04-01,6,93.5
SKU-0406,Żel pod prysznic,Kosmetyki,2025-05-01,17,95.47
SKU-0406,Żel pod prysznic,Kosmetyki,2025-06-01,0,94.28
SKU-0406,Żel pod prysznic,Kosmetyki,2025-07-01,39,98.37
SKU-0406,Żel pod prysznic,Kosmetyki,2025-08-01,32,90.28
SKU-0406,Żel pod prysznic,Kosmetyki,2025-09-01,0,96.63
SKU-0406,Żel pod prysznic,Kosmetyki,2025-10-01,30,95.41
SKU-0406,Żel pod prysznic,Kosmetyki,2025-11-01,0,97.23
SKU-0406,Żel pod prysznic,Kosmetyki,2025-12-01,58,91.93
SKU-0406,Żel pod prysznic,Kosmetyki,2026-01-01,11,97.23
SKU-0406,Żel pod prysznic,Kosmetyki,2026-02-01,36,93.16
SKU-0406,Żel pod prysznic,Kosmetyki,2026-03-01,3,95.58
SKU-0406,Żel pod prysznic,Kosmetyki,2026-04-01,3,93.18
SKU-0406,Żel pod prysznic,Kosmetyki,2026-05-01,28,94.91
SKU-0406,Żel pod prysznic,Kosmetyki,2026-06-01,18,96.02
SKU-0406,Żel pod prysznic,Kosmetyki,2026-07-01,16,93.71
SKU-0407,Oliwa z oliwek 500ml,Spożywcze,2024-08-01,1,6.84
SKU-0407,Oliwa z oliwek 500ml,Spożywcze,2024-09-01,1,6.63
SKU-0407,Oliwa z oliwek 500ml,Spożywcze,2024-10-01,1,6.95
SKU-0407,Oliwa z oliwek 500ml,Spożywcze,2024-11-01,1,6.81
SKU-0407,Oliwa z oliwek 500ml,Spożywcze,2024-12-01,1,6.61
SKU-0407,Oliwa z oliwek 500ml,Spożywcze,2025-01-01,1,6.62
SKU-0407,Oliwa z oliwek 500ml,Spożywcze,2025-02-01,1,6.62
SKU-0407,Oliwa z oliwek 500ml,Spożywcze,2025-03-01,1,6.97
SKU-0407,Oliwa z oliwek 500ml,Spożywcze,2025-04-01,1,6.44
SKU-0407,Oliwa z oliwek 500ml,Spożywcze,2025-05-01,1,6.51
SKU-0407,Oliwa z oliwek 500ml,Spożywcze,2025-06-01,1,6.62
SKU-0407,Oliwa z oliwek 500ml,Spożywcze,2025-07-01,1,6.83
SKU-0407,Oliwa z oliwek 500ml,Spożywcze,2025-08-01,1,6.61
SKU-0407,Oliwa z oliwek 500ml,Spożywcze,2025-09-01,1,6.67
SKU-0407,Oliwa z oliwek 500ml,Spożywcze,2025-10-01,1,6.38
SKU-0407,Oliwa z oliwek 500ml,Spożywcze,2025-11-01,1,6.58
SKU-0407,Oliwa z oliwek 500ml,Spożywcze,2025-12-01,1,6.45
SKU-0407,Oliwa z oliwek 500ml,Spożywcze,2026-01-01,1,6.61
SKU-0407,Oliwa z oliwek 500ml,Spożywcze,2026-02-01,1,6.41
SKU-0407,Oliwa z oliwek 500ml,Spożywcze,2026-03-01,1,6.76
SKU-0407,Oliwa z oliwek 500ml,Spożywcze,2026-04-01,2,6.63
SKU-0407,Oliwa z oliwek 500ml,Spożywcze,2026-05-01,1,6.96
SKU-0407,Oliwa z oliwek 500ml,Spożywcze,2026-06-01,1,6.97
SKU-0407,Oliwa z oliwek 500ml,Spożywcze,2026-07-01,1,6.37
SKU-0408,Odtwarzacz Blu-ray Mini,RTV,2024-08-01,1,1818.53
SKU-0408,Odtwarzacz Blu-ray Mini,RTV,2024-09-01,1,1901.16
SKU-0408,Odtwarzacz Blu-ray Mini,RTV,2024-10-01,1,1942.14
SKU-0408,Odtwarzacz Blu-ray Mini,RTV,2024-11-01,1,1975.24
SKU-0408,Odtwarzacz Blu-ray Mini,RTV,2024-12-01,1,1819.73
SKU-0408,Odtwarzacz Blu-ray Mini,RTV,2025-01-01,1,1883.7
SKU-0408,Odtwarzacz Blu-ray Mini,RTV,2025-02-01,1,1879.91
SKU-0408,Odtwarzacz Blu-ray Mini,RTV,2025-03-01,1,1823.85
SKU-0408,Odtwarzacz Blu-ray Mini,RTV,2025-04-01,1,1956.31
SKU-0408,Odtwarzacz Blu-ray Mini,RTV,2025-05-01,1,1901.51
SKU-0408,Odtwarzacz Blu-ray Mini,RTV,2025-06-01,1,1885.14
SKU-0408,Odtwarzacz Blu-ray Mini,RTV,2025-07-01,1,1898.25
SKU-0408,Odtwarzacz Blu-ray Mini,RTV,2025-08-01,1,1823.28
SKU-0408,Odtwarzacz Blu-ray Mini,RTV,2025-09-01,1,1866.11
SKU-0408,Odtwarzacz Blu-ray Mini,RTV,2025-10-01,1,1845.19
SKU-0408,Odtwarzacz Blu-ray Mini,RTV,2025-11-01,1,1955.21
SKU-0408,Odtwarzacz Blu-ray Mini,RTV,2025-12-01,1,1844.76
SKU-0408,Odtwarzacz Blu-ray Mini,RTV,2026-01-01,1,1923.4
SKU-0408,Odtwarzacz Blu-ray Mini,RTV,2026-02-01,1,1899.08
SKU-0408,Odtwarzacz Blu-ray Mini,RTV,2026-03-01,1,1962.06
SKU-0408,Odtwarzacz Blu-ray Mini,RTV,2026-04-01,1,1838.61
SKU-0408,Odtwarzacz Blu-ray Mini,RTV,2026-05-01,1,1831.58
SKU-0408,Odtwarzacz Blu-ray Mini,RTV,2026-06-01,1,1898.97
SKU-0408,Odtwarzacz Blu-ray Mini,RTV,2026-07-01,1,1948.34
SKU-0409,Toster Pro,AGD,2024-08-01,37,94.28
SKU-0409,Toster Pro,AGD,2024-09-01,0,88.86
SKU-0409,Toster Pro,AGD,2024-10-01,4,88.13
SKU-0409,Toster Pro,AGD,2024-11-01,93,92.65
SKU-0409,Toster Pro,AGD,2024-12-01,0,95.05
SKU-0409,Toster Pro,AGD,2025-01-01,98,93.01
SKU-0409,Toster Pro,AGD,2025-02-01,27,94.76
SKU-0409,Toster Pro,AGD,2025-03-01,64,96.13
SKU-0409,Toster Pro,AGD,2025-04-01,73,90.52
SKU-0409,Toster Pro,AGD,2025-05-01,0,94.44
SKU-0409,Toster Pro,AGD,2025-06-01,64,89.53
SKU-0409,Toster Pro,AGD,2025-07-01,40,94.54
SKU-0409,Toster Pro,AGD,2025-08-01,7,95.38
SKU-0409,Toster Pro,AGD,2025-09-01,23,93.56
SKU-0409,Toster Pro,AGD,2025-10-01,94,92.43
SKU-0409,Toster Pro,AGD,2025-11-01,48,92.91
SKU-0409,Toster Pro,AGD,2025-12-01,90,92.34
SKU-0409,Toster Pro,AGD,2026-01-01,94,95.54
SKU-0409,Toster Pro,AGD,2026-02-01,46,96.1
SKU-0409,Toster Pro,AGD,2026-03-01,0,89.62
SKU-0409,Toster Pro,AGD,2026-04-01,0,93.1
SKU-0409,Toster Pro,AGD,2026-05-01,12,93.53
SKU-0409,Toster Pro,AGD,2026-06-01,81,89.68
SKU-0409,Toster Pro,AGD,2026-07-01,45,94.95
SKU-0410,Wiertarka udarowa Pro,Narzędzia,2024-08-01,9,231.12
SKU-0410,Wiertarka udarowa Pro,Narzędzia,2024-09-01,10,230.41
SKU-0410,Wiertarka udarowa Pro,Narzędzia,2024-10-01,8,216.04
SKU-0410,Wiertarka udarowa Pro,Narzędzia,2024-11-01,10,216.64
SKU-0410,Wiertarka udarowa Pro,Narzędzia,2024-12-01,11,227.5
SKU-0410,Wiertarka udarowa Pro,Narzędzia,2025-01-01,12,233.6
SKU-0410,Wiertarka udarowa Pro,Narzędzia,2025-02-01,11,215.8
SKU-0410,Wiertarka udarowa Pro,Narzędzia,2025-03-01,9,224.02
SKU-0410,Wiertarka udarowa Pro,Narzędzia,2025-04-01,10,232.67
SKU-0410,Wiertarka udarowa Pro,Narzędzia,2025-05-01,12,217.34
SKU-0410,Wiertarka udarowa Pro,Narzędzia,2025-06-01,10,227.38
SKU-0410,Wiertarka udarowa Pro,Narzędzia,2025-07-01,8,224.02
SKU-0410,Wiertarka udarowa Pro,Narzędzia,2025-08-01,9,228.46
SKU-0410,Wiertarka udarowa Pro,Narzędzia,2025-09-01,10,230.1
SKU-0410,Wiertarka udarowa Pro,Narzędzia,2025-10-01,10,225.62
SKU-0410,Wiertarka udarowa Pro,Narzędzia,2025-11-01,12,222.91
SKU-0410,Wiertarka udarowa Pro,Narzędzia,2025-12-01,11,231.86
SKU-0410,Wiertarka udarowa Pro,Narzędzia,2026-01-01,13,217.07
SKU-0410,Wiertarka udarowa Pro,Narzędzia,2026-02-01,13,221.54
SKU-0410,Wiertarka udarowa Pro,Narzędzia,2026-03-01,14,231.84
SKU-0410,Wiertarka udarowa Pro,Narzędzia,2026-04-01,15,213.46
SKU-0410,Wiertarka udarowa Pro,Narzędzia,2026-05-01,13,216.73
SKU-0410,Wiertarka udarowa Pro,Narzędzia,2026-06-01,12,217.83
SKU-0410,Wiertarka udarowa Pro,Narzędzia,2026-07-01,12,216.37
SKU-0411,Sandały letnie,Obuwie,2024-08-01,3,162.64
SKU-0411,Sandały letnie,Obuwie,2024-09-01,3,158.78
SKU-0411,Sandały letnie,Obuwie,2024-10-01,3,161.56
SKU-0411,Sandały letnie,Obuwie,2024-11-01,6,166.4
SKU-0411,Sandały letnie,Obuwie,2024-12-01,7,157.48
SKU-0411,Sandały letnie,Obuwie,2025-01-01,9,166.96
SKU-0411,Sandały letnie,Obuwie,2025-02-01,11,158.5
SKU-0411,Sandały letnie,Obuwie,2025-03-01,13,167.44
SKU-0411,Sandały letnie,Obuwie,2025-04-01,10,165.94
SKU-0411,Sandały letnie,Obuwie,2025-05-01,11,172.23
SKU-0411,Sandały letnie,Obuwie,2025-06-01,7,170.13
SKU-0411,Sandały letnie,Obuwie,2025-07-01,5,172.68
SKU-0411,Sandały letnie,Obuwie,2025-08-01,5,168.32
SKU-0411,Sandały letnie,Obuwie,2025-09-01,2,167.04
SKU-0411,Sandały letnie,Obuwie,2025-10-01,3,163.49
SKU-0411,Sandały letnie,Obuwie,2025-11-01,4,157.57
SKU-0411,Sandały letnie,Obuwie,2025-12-01,7,173.63
SKU-0411,Sandały letnie,Obuwie,2026-01-01,8,158.22
SKU-0411,Sandały letnie,Obuwie,2026-02-01,15,159.54
SKU-0411,Sandały letnie,Obuwie,2026-03-01,16,171.49
SKU-0411,Sandały letnie,Obuwie,2026-04-01,15,166.32
SKU-0411,Sandały letnie,Obuwie,2026-05-01,9,167.82
SKU-0411,Sandały letnie,Obuwie,2026-06-01,12,165.12
SKU-0411,Sandały letnie,Obuwie,2026-07-01,6,158.61
SKU-0412,Żel pod prysznic Mini,Kosmetyki,2024-08-01,24,77.75
SKU-0412,Żel pod prysznic Mini,Kosmetyki,2024-09-01,41,72.82
SKU-0412,Żel pod prysznic Mini,Kosmetyki,2024-10-01,43,72.69
SKU-0412,Żel pod prysznic Mini,Kosmetyki,2024-11-01,34,78.78
SKU-0412,Żel pod prysznic Mini,Kosmetyki,2024-12-01,33,72.62
SKU-0412,Żel pod prysznic Mini,Kosmetyki,2025-01-01,17,72.16
SKU-0412,Żel pod prysznic Mini,Kosmetyki,2025-02-01,10,77.4
SKU-0412,Żel pod prysznic Mini,Kosmetyki,2025-03-01,5,74.73
SKU-0412,Żel pod prysznic Mini,Kosmetyki,2025-04-01,2,74.71
SKU-0412,Żel pod prysznic Mini,Kosmetyki,2025-05-01,14,78.33
SKU-0412,Żel pod prysznic Mini,Kosmetyki,2025-06-01,18,75.03
SKU-0412,Żel pod prysznic Mini,Kosmetyki,2025-07-01,28,75.58
SKU-0412,Żel pod prysznic Mini,Kosmetyki,2025-08-01,49,78.73
SKU-0412,Żel pod prysznic Mini,Kosmetyki,2025-09-01,50,72.05
SKU-0412,Żel pod prysznic Mini,Kosmetyki,2025-10-01,37,77.86
SKU-0412,Żel pod prysznic Mini,Kosmetyki,2025-11-01,47,78.74
SKU-0412,Żel pod prysznic Mini,Kosmetyki,2025-12-01,30,74.8
SKU-0412,Żel pod prysznic Mini,Kosmetyki,2026-01-01,20,78.92
SKU-0412,Żel pod prysznic Mini,Kosmetyki,2026-02-01,8,74.99
SKU-0412,Żel pod prysznic Mini,Kosmetyki,2026-03-01,7,76.36
SKU-0412,Żel pod prysznic Mini,Kosmetyki,2026-04-01,6,76.05
SKU-0412,Żel pod prysznic Mini,Kosmetyki,2026-05-01,10,73.37
SKU-0412,Żel pod prysznic Mini,Kosmetyki,2026-06-01,24,75.57
SKU-0412,Żel pod prysznic Mini,Kosmetyki,2026-07-01,42,77.06
SKU-0413,Herbata czarna 100g Eco,Spożywcze,2024-08-01,58,25.75
SKU-0413,Herbata czarna 100g Eco,Spożywcze,2024-09-01,63,26.39
SKU-0413,Herbata czarna 100g Eco,Spożywcze,2024-10-01,96,26.89
SKU-0413,Herbata czarna 100g Eco,Spożywcze,2024-11-01,118,27.84
SKU-0413,Herbata czarna 100g Eco,Spożywcze,2024-12-01,166,25.9
SKU-0413,Herbata czarna 100g Eco,Spożywcze,2025-01-01,206,27.91
SKU-0413,Herbata czarna 100g Eco,Spożywcze,2025-02-01,150,27.15
SKU-0413,Herbata czarna 100g Eco,Spożywcze,2025-03-01,242,27.22
SKU-0413,Herbata czarna 100g Eco,Spożywcze,2025-04-01,295,25.72
SKU-0413,Herbata czarna 100g Eco,Spożywcze,2025-05-01,235,26.87
SKU-0413,Herbata czarna 100g Eco,Spożywcze,2025-06-01,107,26.61
SKU-0413,Herbata czarna 100g Eco,Spożywcze,2025-07-01,83,27.34
SKU-0413,Herbata czarna 100g Eco,Spożywcze,2025-08-01,77,25.85
SKU-0413,Herbata czarna 100g Eco,Spożywcze,2025-09-01,86,26.43
SKU-0413,Herbata czarna 100g Eco,Spożywcze,2025-10-01,75,25.77
SKU-0413,Herbata czarna 100g Eco,Spożywcze,2025-11-01,151,26.0
SKU-0413,Herbata czarna 100g Eco,Spożywcze,2025-12-01,164,25.61
SKU-0413,Herbata czarna 100g Eco,Spożywcze,2026-01-01,189,26.03
SKU-0413,Herbata czarna 100g Eco,Spożywcze,2026-02-01,284,27.63
SKU-0413,Herbata czarna 100g Eco,Spożywcze,2026-03-01,250,25.86
SKU-0413,Herbata czarna 100g Eco,Spożywcze,2026-04-01,224,26.6
SKU-0413,Herbata czarna 100g Eco,Spożywcze,2026-05-01,201,27.79
SKU-0413,Herbata czarna 100g Eco,Spożywcze,2026-06-01,98,27.01
SKU-0413,Herbata czarna 100g Eco,Spożywcze,2026-07-01,57,25.51
SKU-0414,Pluszak duży Compact,Zabawki,2024-08-01,2,174.81
SKU-0414,Pluszak duży Compact,Zabawki,2024-09-01,0,175.29
SKU-0414,Pluszak duży Compact,Zabawki,2024-10-01,1,185.76
SKU-0414,Pluszak duży Compact,Zabawki,2024-11-01,1,188.58
SKU-0414,Pluszak duży Compact,Zabawki,2024-12-01,2,188.09
SKU-0414,Pluszak duży Compact,Zabawki,2025-01-01,2,181.6
SKU-0414,Pluszak duży Compact,Zabawki,2025-02-01,4,184.45
SKU-0414,Pluszak duży Compact,Zabawki,2025-03-01,3,178.41
SKU-0414,Pluszak duży Compact,Zabawki,2025-04-01,2,174.22
SKU-0414,Pluszak duży Compact,Zabawki,2025-05-01,0,179.96
SKU-0414,Pluszak duży Compact,Zabawki,2025-06-01,0,176.82
SKU-0414,Pluszak duży Compact,Zabawki,2025-07-01,0,176.86
SKU-0414,Pluszak duży Compact,Zabawki,2025-08-01,2,181.05
SKU-0414,Pluszak duży Compact,Zabawki,2025-09-01,1,181.81
SKU-0414,Pluszak duży Compact,Zabawki,2025-10-01,1,180.88
SKU-0414,Pluszak duży Compact,Zabawki,2025-11-01,2,184.32
SKU-0414,Pluszak duży Compact,Zabawki,2025-12-01,2,173.77
SKU-0414,Pluszak duży Compact,Zabawki,2026-01-01,1,188.23
SKU-0414,Pluszak duży Compact,Zabawki,2026-02-01,3,189.91
SKU-0414,Pluszak duży Compact,Zabawki,2026-03-01,2,174.15
SKU-0414,Pluszak duży Compact,Zabawki,2026-04-01,0,182.07
SKU-0414,Pluszak duży Compact,Zabawki,2026-05-01,1,179.03
SKU-0414,Pluszak duży Compact,Zabawki,2026-06-01,0,177.18
SKU-0414,Pluszak duży Compact,Zabawki,2026-07-01,0,189.34
SKU-0415,Soundbar Pro,RTV,2024-08-01,6,412.64
SKU-0415,Soundbar Pro,RTV,2024-09-01,6,409.65
SKU-0415,Soundbar Pro,RTV,2024-10-01,5,409.8
SKU-0415,Soundbar Pro,RTV,2024-11-01,4,418.43
SKU-0415,Soundbar Pro,RTV,2024-12-01,5,431.7
SKU-0415,Soundbar Pro,RTV,2025-01-01,2,422.1
SKU-0415,Soundbar Pro,RTV,2025-02-01,2,406.26
SKU-0415,Soundbar Pro,RTV,2025-03-01,1,404.6
SKU-0415,Soundbar Pro,RTV,2025-04-01,2,400.14
SKU-0415,Soundbar Pro,RTV,2025-05-01,2,397.79
SKU-0415,Soundbar Pro,RTV,2025-06-01,3,393.68
SKU-0415,Soundbar Pro,RTV,2025-07-01,4,431.56
SKU-0415,Soundbar Pro,RTV,2025-08-01,5,431.82
SKU-0415,Soundbar Pro,RTV,2025-09-01,6,409.96
SKU-0415,Soundbar Pro,RTV,2025-10-01,7,403.24
SKU-0415,Soundbar Pro,RTV,2025-11-01,6,404.53
SKU-0415,Soundbar Pro,RTV,2025-12-01,5,393.83
SKU-0415,Soundbar Pro,RTV,2026-01-01,3,413.95
SKU-0415,Soundbar Pro,RTV,2026-02-01,2,419.56
SKU-0415,Soundbar Pro,RTV,2026-03-01,2,404.85
SKU-0415,Soundbar Pro,RTV,2026-04-01,2,405.84
SKU-0415,Soundbar Pro,RTV,2026-05-01,2,415.71
SKU-0415,Soundbar Pro,RTV,2026-06-01,5,431.06
SKU-0415,Soundbar Pro,RTV,2026-07-01,5,415.37
SKU-0416,Koszula flanelowa Mini,Odzież,2024-08-01,0,29.91
SKU-0416,Koszula flanelowa Mini,Odzież,2024-09-01,0,29.87
SKU-0416,Koszula flanelowa Mini,Odzież,2024-10-01,12,30.26
SKU-0416,Koszula flanelowa Mini,Odzież,2024-11-01,0,30.01
SKU-0416,Koszula flanelowa Mini,Odzież,2024-12-01,0,29.19
SKU-0416,Koszula flanelowa Mini,Odzież,2025-01-01,51,28.85
SKU-0416,Koszula flanelowa Mini,Odzież,2025-02-01,34,30.1
SKU-0416,Koszula flanelowa Mini,Odzież,2025-03-01,52,29.35
SKU-0416,Koszula flanelowa Mini,Odzież,2025-04-01,12,29.35
SKU-0416,Koszula flanelowa Mini,Odzież,2025-05-01,23,29.55
SKU-0416,Koszula flanelowa Mini,Odzież,2025-06-01,44,28.34
SKU-0416,Koszula flanelowa Mini,Odzież,2025-07-01,64,30.91
SKU-0416,Koszula flanelowa Mini,Odzież,2025-08-01,23,28.99
SKU-0416,Koszula flanelowa Mini,Odzież,2025-09-01,0,29.49
SKU-0416,Koszula flanelowa Mini,Odzież,2025-10-01,11,29.0
SKU-0416,Koszula flanelowa Mini,Odzież,2025-11-01,0,28.66
SKU-0416,Koszula flanelowa Mini,Odzież,2025-12-01,0,28.95
SKU-0416,Koszula flanelowa Mini,Odzież,2026-01-01,56,29.11
SKU-0416,Koszula flanelowa Mini,Odzież,2026-02-01,0,30.85
SKU-0416,Koszula flanelowa Mini,Odzież,2026-03-01,36,29.15
SKU-0416,Koszula flanelowa Mini,Odzież,2026-04-01,0,29.43
SKU-0416,Koszula flanelowa Mini,Odzież,2026-05-01,0,30.75
SKU-0416,Koszula flanelowa Mini,Odzież,2026-06-01,4,30.39
SKU-0416,Koszula flanelowa Mini,Odzież,2026-07-01,13,29.33
SKU-0417,Kamera sportowa Pro,RTV,2024-08-01,31,244.88
SKU-0417,Kamera sportowa Pro,RTV,2024-09-01,37,239.11
SKU-0417,Kamera sportowa Pro,RTV,2024-10-01,35,245.45
SKU-0417,Kamera sportowa Pro,RTV,2024-11-01,37,236.72
SKU-0417,Kamera sportowa Pro,RTV,2024-12-01,32,235.01
SKU-0417,Kamera sportowa Pro,RTV,2025-01-01,30,244.34
SKU-0417,Kamera sportowa Pro,RTV,2025-02-01,33,241.77
SKU-0417,Kamera sportowa Pro,RTV,2025-03-01,24,233.92
SKU-0417,Kamera sportowa Pro,RTV,2025-04-01,24,241.39
SKU-0417,Kamera sportowa Pro,RTV,2025-05-01,22,247.74
SKU-0417,Kamera sportowa Pro,RTV,2025-06-01,26,241.68
SKU-0417,Kamera sportowa Pro,RTV,2025-07-01,31,247.65
SKU-0417,Kamera sportowa Pro,RTV,2025-08-01,30,230.97
SKU-0417,Kamera sportowa Pro,RTV,2025-09-01,32,226.28
SKU-0417,Kamera sportowa Pro,RTV,2025-10-01,32,237.45
SKU-0417,Kamera sportowa Pro,RTV,2025-11-01,35,225.72
SKU-0417,Kamera sportowa Pro,RTV,2025-12-01,32,238.9
SKU-0417,Kamera sportowa Pro,RTV,2026-01-01,31,227.96
SKU-0417,Kamera sportowa Pro,RTV,2026-02-01,24,243.12
SKU-0417,Kamera sportowa Pro,RTV,2026-03-01,27,240.15
SKU-0417,Kamera sportowa Pro,RTV,2026-04-01,25,228.19
SKU-0417,Kamera sportowa Pro,RTV,2026-05-01,28,239.96
SKU-0417,Kamera sportowa Pro,RTV,2026-06-01,27,239.33
SKU-0417,Kamera sportowa Pro,RTV,2026-07-01,26,227.6
SKU-0418,Biurko komputerowe Premium,Meble,2024-08-01,4,938.81
SKU-0418,Biurko komputerowe Premium,Meble,2024-09-01,3,944.93
SKU-0418,Biurko komputerowe Premium,Meble,2024-10-01,3,888.69
SKU-0418,Biurko komputerowe Premium,Meble,2024-11-01,1,915.97
SKU-0418,Biurko komputerowe Premium,Meble,2024-12-01,1,864.59
SKU-0418,Biurko komputerowe Premium,Meble,2025-01-01,1,918.05
SKU-0418,Biurko komputerowe Premium,Meble,2025-02-01,1,874.07
SKU-0418,Biurko komputerowe Premium,Meble,2025-03-01,2,917.03
SKU-0418,Biurko komputerowe Premium,Meble,2025-04-01,2,866.73
SKU-0418,Biurko komputerowe Premium,Meble,2025-05-01,3,919.29
SKU-0418,Biurko komputerowe Premium,Meble,2025-06-01,3,930.88
SKU-0418,Biurko komputerowe Premium,Meble,2025-07-01,3,952.96
SKU-0418,Biurko komputerowe Premium,Meble,2025-08-01,4,884.73
SKU-0418,Biurko komputerowe Premium,Meble,2025-09-01,2,877.18
SKU-0418,Biurko komputerowe Premium,Meble,2025-10-01,2,877.99
SKU-0418,Biurko komputerowe Premium,Meble,2025-11-01,2,895.35
SKU-0418,Biurko komputerowe Premium,Meble,2025-12-01,1,954.82
SKU-0418,Biurko komputerowe Premium,Meble,2026-01-01,1,948.63
SKU-0418,Biurko komputerowe Premium,Meble,2026-02-01,1,893.7
SKU-0418,Biurko komputerowe Premium,Meble,2026-03-01,1,930.34
SKU-0418,Biurko komputerowe Premium,Meble,2026-04-01,3,865.89
SKU-0418,Biurko komputerowe Premium,Meble,2026-05-01,3,921.2
SKU-0418,Biurko komputerowe Premium,Meble,2026-06-01,3,919.86
SKU-0418,Biurko komputerowe Premium,Meble,2026-07-01,3,932.48
SKU-0419,Mata do jogi Plus,Sport i rekreacja,2024-08-01,0,403.31
SKU-0419,Mata do jogi Plus,Sport i rekreacja,2024-09-01,36,403.81
SKU-0419,Mata do jogi Plus,Sport i rekreacja,2024-10-01,18,438.2
SKU-0419,Mata do jogi Plus,Sport i rekreacja,2024-11-01,23,421.63
SKU-0419,Mata do jogi Plus,Sport i rekreacja,2024-12-01,0,413.24
SKU-0419,Mata do jogi Plus,Sport i rekreacja,2025-01-01,46,405.21
SKU-0419,Mata do jogi Plus,Sport i rekreacja,2025-02-01,0,430.06
SKU-0419,Mata do jogi Plus,Sport i rekreacja,2025-03-01,35,416.54
SKU-0419,Mata do jogi Plus,Sport i rekreacja,2025-04-01,0,438.58
SKU-0419,Mata do jogi Plus,Sport i rekreacja,2025-05-01,68,415.01
SKU-0419,Mata do jogi Plus,Sport i rekreacja,2025-06-01,12,408.31
SKU-0419,Mata do jogi Plus,Sport i rekreacja,2025-07-01,43,413.41
SKU-0419,Mata do jogi Plus,Sport i rekreacja,2025-08-01,4,405.86
SKU-0419,Mata do jogi Plus,Sport i rekreacja,2025-09-01,0,411.09
SKU-0419,Mata do jogi Plus,Sport i rekreacja,2025-10-01,43,431.32
SKU-0419,Mata do jogi Plus,Sport i rekreacja,2025-11-01,12,409.48
SKU-0419,Mata do jogi Plus,Sport i rekreacja,2025-12-01,31,404.63
SKU-0419,Mata do jogi Plus,Sport i rekreacja,2026-01-01,13,443.24
SKU-0419,Mata do jogi Plus,Sport i rekreacja,2026-02-01,0,422.23
SKU-0419,Mata do jogi Plus,Sport i rekreacja,2026-03-01,0,404.98
SKU-0419,Mata do jogi Plus,Sport i rekreacja,2026-04-01,77,417.78
SKU-0419,Mata do jogi Plus,Sport i rekreacja,2026-05-01,77,423.86
SKU-0419,Mata do jogi Plus,Sport i rekreacja,2026-06-01,34,421.04
SKU-0419,Mata do jogi Plus,Sport i rekreacja,2026-07-01,30,441.59
SKU-0420,Zestaw kluczy nasadowych Classic,Narzędzia,2024-08-01,4,658.21
SKU-0420,Zestaw kluczy nasadowych Classic,Narzędzia,2024-09-01,4,691.07
SKU-0420,Zestaw kluczy nasadowych Classic,Narzędzia,2024-10-01,4,706.17
SKU-0420,Zestaw kluczy nasadowych Classic,Narzędzia,2024-11-01,3,663.39
SKU-0420,Zestaw kluczy nasadowych Classic,Narzędzia,2024-12-01,4,699.63
SKU-0420,Zestaw kluczy nasadowych Classic,Narzędzia,2025-01-01,4,666.22
SKU-0420,Zestaw kluczy nasadowych Classic,Narzędzia,2025-02-01,4,694.33
SKU-0420,Zestaw kluczy nasadowych Classic,Narzędzia,2025-03-01,4,661.04
SKU-0420,Zestaw kluczy nasadowych Classic,Narzędzia,2025-04-01,4,648.98
SKU-0420,Zestaw kluczy nasadowych Classic,Narzędzia,2025-05-01,4,663.66
SKU-0420,Zestaw kluczy nasadowych Classic,Narzędzia,2025-06-01,4,670.25
SKU-0420,Zestaw kluczy nasadowych Classic,Narzędzia,2025-07-01,4,681.39
SKU-0420,Zestaw kluczy nasadowych Classic,Narzędzia,2025-08-01,4,680.15
SKU-0420,Zestaw kluczy nasadowych Classic,Narzędzia,2025-09-01,3,705.02
SKU-0420,Zestaw kluczy nasadowych Classic,Narzędzia,2025-10-01,4,663.95
SKU-0420,Zestaw kluczy nasadowych Classic,Narzędzia,2025-11-01,3,704.72
SKU-0420,Zestaw kluczy nasadowych Classic,Narzędzia,2025-12-01,4,648.88
SKU-0420,Zestaw kluczy nasadowych Classic,Narzędzia,2026-01-01,4,677.25
SKU-0420,Zestaw kluczy nasadowych Classic,Narzędzia,2026-02-01,4,692.39
SKU-0420,Zestaw kluczy nasadowych Classic,Narzędzia,2026-03-01,4,681.51
SKU-0420,Zestaw kluczy nasadowych Classic,Narzędzia,2026-04-01,4,691.27
SKU-0420,Zestaw kluczy nasadowych Classic,Narzędzia,2026-05-01,5,670.65
SKU-0420,Zestaw kluczy nasadowych Classic,Narzędzia,2026-06-01,5,685.38
SKU-0420,Zestaw kluczy nasadowych Classic,Narzędzia,2026-07-01,4,649.75
SKU-0421,Balsam do ciała Premium,Kosmetyki,2024-08-01,0,77.24
SKU-0421,Balsam do ciała Premium,Kosmetyki,2024-09-01,3,76.66
SKU-0421,Balsam do ciała Premium,Kosmetyki,2024-10-01,8,79.67
SKU-0421,Balsam do ciała Premium,Kosmetyki,2024-11-01,21,77.94
SKU-0421,Balsam do ciała Premium,Kosmetyki,2024-12-01,25,76.87
SKU-0421,Balsam do ciała Premium,Kosmetyki,2025-01-01,28,80.51
SKU-0421,Balsam do ciała Premium,Kosmetyki,2025-02-01,35,79.62
SKU-0421,Balsam do ciała Premium,Kosmetyki,2025-03-01,35,75.02
SKU-0421,Balsam do ciała Premium,Kosmetyki,2025-04-01,31,81.68
SKU-0421,Balsam do ciała Premium,Kosmetyki,2025-05-01,19,75.49
SKU-0421,Balsam do ciała Premium,Kosmetyki,2025-06-01,9,80.68
SKU-0421,Balsam do ciała Premium,Kosmetyki,2025-07-01,2,79.14
SKU-0421,Balsam do ciała Premium,Kosmetyki,2025-08-01,0,78.88
SKU-0421,Balsam do ciała Premium,Kosmetyki,2025-09-01,4,77.02
SKU-0421,Balsam do ciała Premium,Kosmetyki,2025-10-01,14,82.12
SKU-0421,Balsam do ciała Premium,Kosmetyki,2025-11-01,21,79.37
SKU-0421,Balsam do ciała Premium,Kosmetyki,2025-12-01,37,79.96
SKU-0421,Balsam do ciała Premium,Kosmetyki,2026-01-01,42,82.38
SKU-0421,Balsam do ciała Premium,Kosmetyki,2026-02-01,39,80.8
SKU-0421,Balsam do ciała Premium,Kosmetyki,2026-03-01,40,82.3
SKU-0421,Balsam do ciała Premium,Kosmetyki,2026-04-01,28,81.54
SKU-0421,Balsam do ciała Premium,Kosmetyki,2026-05-01,26,81.93
SKU-0421,Balsam do ciała Premium,Kosmetyki,2026-06-01,11,81.66
SKU-0421,Balsam do ciała Premium,Kosmetyki,2026-07-01,3,76.36
SKU-0422,Rower stacjonarny Compact,Sport i rekreacja,2024-08-01,3,340.53
SKU-0422,Rower stacjonarny Compact,Sport i rekreacja,2024-09-01,3,369.02
SKU-0422,Rower stacjonarny Compact,Sport i rekreacja,2024-10-01,3,348.87
SKU-0422,Rower stacjonarny Compact,Sport i rekreacja,2024-11-01,3,346.28
SKU-0422,Rower stacjonarny Compact,Sport i rekreacja,2024-12-01,3,357.81
SKU-0422,Rower stacjonarny Compact,Sport i rekreacja,2025-01-01,3,357.79
SKU-0422,Rower stacjonarny Compact,Sport i rekreacja,2025-02-01,3,370.28
SKU-0422,Rower stacjonarny Compact,Sport i rekreacja,2025-03-01,3,363.85
SKU-0422,Rower stacjonarny Compact,Sport i rekreacja,2025-04-01,3,340.74
SKU-0422,Rower stacjonarny Compact,Sport i rekreacja,2025-05-01,3,353.51
SKU-0422,Rower stacjonarny Compact,Sport i rekreacja,2025-06-01,3,365.19
SKU-0422,Rower stacjonarny Compact,Sport i rekreacja,2025-07-01,3,360.98
SKU-0422,Rower stacjonarny Compact,Sport i rekreacja,2025-08-01,4,359.25
SKU-0422,Rower stacjonarny Compact,Sport i rekreacja,2025-09-01,3,355.55
SKU-0422,Rower stacjonarny Compact,Sport i rekreacja,2025-10-01,4,362.92
SKU-0422,Rower stacjonarny Compact,Sport i rekreacja,2025-11-01,4,368.64
SKU-0422,Rower stacjonarny Compact,Sport i rekreacja,2025-12-01,4,354.79
SKU-0422,Rower stacjonarny Compact,Sport i rekreacja,2026-01-01,4,355.88
SKU-0422,Rower stacjonarny Compact,Sport i rekreacja,2026-02-01,4,347.47
SKU-0422,Rower stacjonarny Compact,Sport i rekreacja,2026-03-01,4,366.18
SKU-0422,Rower stacjonarny Compact,Sport i rekreacja,2026-04-01,4,370.51
SKU-0422,Rower stacjonarny Compact,Sport i rekreacja,2026-05-01,4,348.13
SKU-0422,Rower stacjonarny Compact,Sport i rekreacja,2026-06-01,3,352.06
SKU-0422,Rower stacjonarny Compact,Sport i rekreacja,2026-07-01,4,370.11
SKU-0423,Piłka do piłki nożnej Plus,Sport i rekreacja,2024-08-01,19,41.81
SKU-0423,Piłka do piłki nożnej Plus,Sport i rekreacja,2024-09-01,12,43.57
SKU-0423,Piłka do piłki nożnej Plus,Sport i rekreacja,2024-10-01,7,44.79
SKU-0423,Piłka do piłki nożnej Plus,Sport i rekreacja,2024-11-01,5,44.73
SKU-0423,Piłka do piłki nożnej Plus,Sport i rekreacja,2024-12-01,4,44.93
SKU-0423,Piłka do piłki nożnej Plus,Sport i rekreacja,2025-01-01,8,41.46
SKU-0423,Piłka do piłki nożnej Plus,Sport i rekreacja,2025-02-01,16,41.56
SKU-0423,Piłka do piłki nożnej Plus,Sport i rekreacja,2025-03-01,19,42.43
SKU-0423,Piłka do piłki nożnej Plus,Sport i rekreacja,2025-04-01,28,43.38
SKU-0423,Piłka do piłki nożnej Plus,Sport i rekreacja,2025-05-01,18,43.82
SKU-0423,Piłka do piłki nożnej Plus,Sport i rekreacja,2025-06-01,16,42.34
SKU-0423,Piłka do piłki nożnej Plus,Sport i rekreacja,2025-07-01,24,44.54
SKU-0423,Piłka do piłki nożnej Plus,Sport i rekreacja,2025-08-01,20,44.97
SKU-0423,Piłka do piłki nożnej Plus,Sport i rekreacja,2025-09-01,12,44.07
SKU-0423,Piłka do piłki nożnej Plus,Sport i rekreacja,2025-10-01,9,43.97
SKU-0423,Piłka do piłki nożnej Plus,Sport i rekreacja,2025-11-01,5,44.57
SKU-0423,Piłka do piłki nożnej Plus,Sport i rekreacja,2025-12-01,4,44.07
SKU-0423,Piłka do piłki nożnej Plus,Sport i rekreacja,2026-01-01,8,43.38
SKU-0423,Piłka do piłki nożnej Plus,Sport i rekreacja,2026-02-01,13,43.37
SKU-0423,Piłka do piłki nożnej Plus,Sport i rekreacja,2026-03-01,18,44.74
SKU-0423,Piłka do piłki nożnej Plus,Sport i rekreacja,2026-04-01,19,45.05
SKU-0423,Piłka do piłki nożnej Plus,Sport i rekreacja,2026-05-01,22,42.78
SKU-0423,Piłka do piłki nożnej Plus,Sport i rekreacja,2026-06-01,28,41.45
SKU-0423,Piłka do piłki nożnej Plus,Sport i rekreacja,2026-07-01,28,44.48
SKU-0424,Poziomica 60cm Plus,Narzędzia,2024-08-01,4,278.21
SKU-0424,Poziomica 60cm Plus,Narzędzia,2024-09-01,4,264.28
SKU-0424,Poziomica 60cm Plus,Narzędzia,2024-10-01,6,279.22
SKU-0424,Poziomica 60cm Plus,Narzędzia,2024-11-01,8,263.46
SKU-0424,Poziomica 60cm Plus,Narzędzia,2024-12-01,7,263.44
SKU-0424,Poziomica 60cm Plus,Narzędzia,2025-01-01,10,280.63
SKU-0424,Poziomica 60cm Plus,Narzędzia,2025-02-01,13,268.95
SKU-0424,Poziomica 60cm Plus,Narzędzia,2025-03-01,12,266.54
SKU-0424,Poziomica 60cm Plus,Narzędzia,2025-04-01,9,286.33
SKU-0424,Poziomica 60cm Plus,Narzędzia,2025-05-01,6,282.73
SKU-0424,Poziomica 60cm Plus,Narzędzia,2025-06-01,5,287.3
SKU-0424,Poziomica 60cm Plus,Narzędzia,2025-07-01,5,287.09
SKU-0424,Poziomica 60cm Plus,Narzędzia,2025-08-01,2,287.12
SKU-0424,Poziomica 60cm Plus,Narzędzia,2025-09-01,4,260.84
SKU-0424,Poziomica 60cm Plus,Narzędzia,2025-10-01,3,277.57
SKU-0424,Poziomica 60cm Plus,Narzędzia,2025-11-01,9,271.2
SKU-0424,Poziomica 60cm Plus,Narzędzia,2025-12-01,11,266.04
SKU-0424,Poziomica 60cm Plus,Narzędzia,2026-01-01,11,268.77
SKU-0424,Poziomica 60cm Plus,Narzędzia,2026-02-01,13,267.61
SKU-0424,Poziomica 60cm Plus,Narzędzia,2026-03-01,9,280.45
SKU-0424,Poziomica 60cm Plus,Narzędzia,2026-04-01,10,281.76
SKU-0424,Poziomica 60cm Plus,Narzędzia,2026-05-01,10,264.35
SKU-0424,Poziomica 60cm Plus,Narzędzia,2026-06-01,5,267.21
SKU-0424,Poziomica 60cm Plus,Narzędzia,2026-07-01,6,284.74
SKU-0425,Trampki klasyczne Pro,Obuwie,2024-08-01,4,285.41
SKU-0425,Trampki klasyczne Pro,Obuwie,2024-09-01,3,292.65
SKU-0425,Trampki klasyczne Pro,Obuwie,2024-10-01,8,291.01
SKU-0425,Trampki klasyczne Pro,Obuwie,2024-11-01,9,299.39
SKU-0425,Trampki klasyczne Pro,Obuwie,2024-12-01,8,283.95
SKU-0425,Trampki klasyczne Pro,Obuwie,2025-01-01,7,286.75
SKU-0425,Trampki klasyczne Pro,Obuwie,2025-02-01,5,289.04
SKU-0425,Trampki klasyczne Pro,Obuwie,2025-03-01,7,288.32
SKU-0425,Trampki klasyczne Pro,Obuwie,2025-04-01,4,300.79
SKU-0425,Trampki klasyczne Pro,Obuwie,2025-05-01,3,287.18
SKU-0425,Trampki klasyczne Pro,Obuwie,2025-06-01,2,282.55
SKU-0425,Trampki klasyczne Pro,Obuwie,2025-07-01,2,289.8
SKU-0425,Trampki klasyczne Pro,Obuwie,2025-08-01,2,304.18
SKU-0425,Trampki klasyczne Pro,Obuwie,2025-09-01,3,285.48
SKU-0425,Trampki klasyczne Pro,Obuwie,2025-10-01,6,290.42
SKU-0425,Trampki klasyczne Pro,Obuwie,2025-11-01,5,307.07
SKU-0425,Trampki klasyczne Pro,Obuwie,2025-12-01,9,299.59
SKU-0425,Trampki klasyczne Pro,Obuwie,2026-01-01,8,284.44
SKU-0425,Trampki klasyczne Pro,Obuwie,2026-02-01,9,301.52
SKU-0425,Trampki klasyczne Pro,Obuwie,2026-03-01,6,299.0
SKU-0425,Trampki klasyczne Pro,Obuwie,2026-04-01,5,302.24
SKU-0425,Trampki klasyczne Pro,Obuwie,2026-05-01,2,281.27
SKU-0425,Trampki klasyczne Pro,Obuwie,2026-06-01,1,302.25
SKU-0425,Trampki klasyczne Pro,Obuwie,2026-07-01,1,294.56
SKU-0426,Żyrandol sufitowy Pro,Oświetlenie,2024-08-01,24,212.4
SKU-0426,Żyrandol sufitowy Pro,Oświetlenie,2024-09-01,19,210.88
SKU-0426,Żyrandol sufitowy Pro,Oświetlenie,2024-10-01,30,207.38
SKU-0426,Żyrandol sufitowy Pro,Oświetlenie,2024-11-01,33,206.07
SKU-0426,Żyrandol sufitowy Pro,Oświetlenie,2024-12-01,16,198.25
SKU-0426,Żyrandol sufitowy Pro,Oświetlenie,2025-01-01,14,201.68
SKU-0426,Żyrandol sufitowy Pro,Oświetlenie,2025-02-01,8,213.15
SKU-0426,Żyrandol sufitowy Pro,Oświetlenie,2025-03-01,6,202.54
SKU-0426,Żyrandol sufitowy Pro,Oświetlenie,2025-04-01,8,210.98
SKU-0426,Żyrandol sufitowy Pro,Oświetlenie,2025-05-01,13,208.36
SKU-0426,Żyrandol sufitowy Pro,Oświetlenie,2025-06-01,16,205.74
SKU-0426,Żyrandol sufitowy Pro,Oświetlenie,2025-07-01,25,197.5
SKU-0426,Żyrandol sufitowy Pro,Oświetlenie,2025-08-01,36,198.42
SKU-0426,Żyrandol sufitowy Pro,Oświetlenie,2025-09-01,35,210.28
SKU-0426,Żyrandol sufitowy Pro,Oświetlenie,2025-10-01,30,200.96
SKU-0426,Żyrandol sufitowy Pro,Oświetlenie,2025-11-01,33,203.2
SKU-0426,Żyrandol sufitowy Pro,Oświetlenie,2025-12-01,20,197.61
SKU-0426,Żyrandol sufitowy Pro,Oświetlenie,2026-01-01,17,199.8
SKU-0426,Żyrandol sufitowy Pro,Oświetlenie,2026-02-01,13,215.51
SKU-0426,Żyrandol sufitowy Pro,Oświetlenie,2026-03-01,6,203.76
SKU-0426,Żyrandol sufitowy Pro,Oświetlenie,2026-04-01,6,204.24
SKU-0426,Żyrandol sufitowy Pro,Oświetlenie,2026-05-01,10,204.31
SKU-0426,Żyrandol sufitowy Pro,Oświetlenie,2026-06-01,17,196.9
SKU-0426,Żyrandol sufitowy Pro,Oświetlenie,2026-07-01,24,204.88
SKU-0427,Odtwarzacz Blu-ray Eco,RTV,2024-08-01,75,1451.53
SKU-0427,Odtwarzacz Blu-ray Eco,RTV,2024-09-01,49,1504.99
SKU-0427,Odtwarzacz Blu-ray Eco,RTV,2024-10-01,46,1496.36
SKU-0427,Odtwarzacz Blu-ray Eco,RTV,2024-11-01,49,1556.66
SKU-0427,Odtwarzacz Blu-ray Eco,RTV,2024-12-01,42,1450.29
SKU-0427,Odtwarzacz Blu-ray Eco,RTV,2025-01-01,17,1557.66
SKU-0427,Odtwarzacz Blu-ray Eco,RTV,2025-02-01,7,1544.51
SKU-0427,Odtwarzacz Blu-ray Eco,RTV,2025-03-01,7,1554.94
SKU-0427,Odtwarzacz Blu-ray Eco,RTV,2025-04-01,16,1479.38
SKU-0427,Odtwarzacz Blu-ray Eco,RTV,2025-05-01,23,1488.27
SKU-0427,Odtwarzacz Blu-ray Eco,RTV,2025-06-01,49,1550.97
SKU-0427,Odtwarzacz Blu-ray Eco,RTV,2025-07-01,79,1466.14
SKU-0427,Odtwarzacz Blu-ray Eco,RTV,2025-08-01,89,1527.29
SKU-0427,Odtwarzacz Blu-ray Eco,RTV,2025-09-01,44,1575.83
SKU-0427,Odtwarzacz Blu-ray Eco,RTV,2025-10-01,77,1479.24
SKU-0427,Odtwarzacz Blu-ray Eco,RTV,2025-11-01,62,1581.89
SKU-0427,Odtwarzacz Blu-ray Eco,RTV,2025-12-01,37,1494.69
SKU-0427,Odtwarzacz Blu-ray Eco,RTV,2026-01-01,15,1584.92
SKU-0427,Odtwarzacz Blu-ray Eco,RTV,2026-02-01,9,1512.78
SKU-0427,Odtwarzacz Blu-ray Eco,RTV,2026-03-01,5,1449.5
SKU-0427,Odtwarzacz Blu-ray Eco,RTV,2026-04-01,11,1478.58
SKU-0427,Odtwarzacz Blu-ray Eco,RTV,2026-05-01,32,1486.95
SKU-0427,Odtwarzacz Blu-ray Eco,RTV,2026-06-01,48,1522.86
SKU-0427,Odtwarzacz Blu-ray Eco,RTV,2026-07-01,85,1504.79
SKU-0428,Trampki klasyczne,Obuwie,2024-08-01,2,131.15
SKU-0428,Trampki klasyczne,Obuwie,2024-09-01,2,123.59
SKU-0428,Trampki klasyczne,Obuwie,2024-10-01,3,123.86
SKU-0428,Trampki klasyczne,Obuwie,2024-11-01,2,126.71
SKU-0428,Trampki klasyczne,Obuwie,2024-12-01,2,134.12
SKU-0428,Trampki klasyczne,Obuwie,2025-01-01,2,126.02
SKU-0428,Trampki klasyczne,Obuwie,2025-02-01,1,132.83
SKU-0428,Trampki klasyczne,Obuwie,2025-03-01,1,123.98
SKU-0428,Trampki klasyczne,Obuwie,2025-04-01,1,131.69
SKU-0428,Trampki klasyczne,Obuwie,2025-05-01,1,130.67
SKU-0428,Trampki klasyczne,Obuwie,2025-06-01,1,126.67
SKU-0428,Trampki klasyczne,Obuwie,2025-07-01,2,128.1
SKU-0428,Trampki klasyczne,Obuwie,2025-08-01,2,135.42
SKU-0428,Trampki klasyczne,Obuwie,2025-09-01,3,123.08
SKU-0428,Trampki klasyczne,Obuwie,2025-10-01,2,134.25
SKU-0428,Trampki klasyczne,Obuwie,2025-11-01,2,134.83
SKU-0428,Trampki klasyczne,Obuwie,2025-12-01,2,129.02
SKU-0428,Trampki klasyczne,Obuwie,2026-01-01,1,123.11
SKU-0428,Trampki klasyczne,Obuwie,2026-02-01,1,130.0
SKU-0428,Trampki klasyczne,Obuwie,2026-03-01,1,127.87
SKU-0428,Trampki klasyczne,Obuwie,2026-04-01,1,134.71
SKU-0428,Trampki klasyczne,Obuwie,2026-05-01,1,126.17
SKU-0428,Trampki klasyczne,Obuwie,2026-06-01,2,124.49
SKU-0428,Trampki klasyczne,Obuwie,2026-07-01,1,128.46
SKU-0429,Szlifierka kątowa Plus,Narzędzia,2024-08-01,1,210.27
SKU-0429,Szlifierka kątowa Plus,Narzędzia,2024-09-01,1,210.47
SKU-0429,Szlifierka kątowa Plus,Narzędzia,2024-10-01,1,208.92
SKU-0429,Szlifierka kątowa Plus,Narzędzia,2024-11-01,1,197.86
SKU-0429,Szlifierka kątowa Plus,Narzędzia,2024-12-01,1,200.44
SKU-0429,Szlifierka kątowa Plus,Narzędzia,2025-01-01,1,197.21
SKU-0429,Szlifierka kątowa Plus,Narzędzia,2025-02-01,1,202.89
SKU-0429,Szlifierka kątowa Plus,Narzędzia,2025-03-01,1,210.65
SKU-0429,Szlifierka kątowa Plus,Narzędzia,2025-04-01,1,205.74
SKU-0429,Szlifierka kątowa Plus,Narzędzia,2025-05-01,1,215.26
SKU-0429,Szlifierka kątowa Plus,Narzędzia,2025-06-01,1,202.26
SKU-0429,Szlifierka kątowa Plus,Narzędzia,2025-07-01,1,200.36
SKU-0429,Szlifierka kątowa Plus,Narzędzia,2025-08-01,1,208.06
SKU-0429,Szlifierka kątowa Plus,Narzędzia,2025-09-01,1,212.01
SKU-0429,Szlifierka kątowa Plus,Narzędzia,2025-10-01,2,200.83
SKU-0429,Szlifierka kątowa Plus,Narzędzia,2025-11-01,1,201.8
SKU-0429,Szlifierka kątowa Plus,Narzędzia,2025-12-01,1,201.81
SKU-0429,Szlifierka kątowa Plus,Narzędzia,2026-01-01,1,199.9
SKU-0429,Szlifierka kątowa Plus,Narzędzia,2026-02-01,1,215.69
SKU-0429,Szlifierka kątowa Plus,Narzędzia,2026-03-01,1,202.67
SKU-0429,Szlifierka kątowa Plus,Narzędzia,2026-04-01,1,202.62
SKU-0429,Szlifierka kątowa Plus,Narzędzia,2026-05-01,1,211.29
SKU-0429,Szlifierka kątowa Plus,Narzędzia,2026-06-01,1,198.1
SKU-0429,Szlifierka kątowa Plus,Narzędzia,2026-07-01,1,196.74
SKU-0430,Żyrandol sufitowy Advanced,Oświetlenie,2024-08-01,2,121.96
SKU-0430,Żyrandol sufitowy Advanced,Oświetlenie,2024-09-01,3,132.23
SKU-0430,Żyrandol sufitowy Advanced,Oświetlenie,2024-10-01,3,129.82
SKU-0430,Żyrandol sufitowy Advanced,Oświetlenie,2024-11-01,3,131.45
SKU-0430,Żyrandol sufitowy Advanced,Oświetlenie,2024-12-01,4,127.38
SKU-0430,Żyrandol sufitowy Advanced,Oświetlenie,2025-01-01,2,122.94
SKU-0430,Żyrandol sufitowy Advanced,Oświetlenie,2025-02-01,2,130.4
SKU-0430,Żyrandol sufitowy Advanced,Oświetlenie,2025-03-01,1,122.23
SKU-0430,Żyrandol sufitowy Advanced,Oświetlenie,2025-04-01,1,132.09
SKU-0430,Żyrandol sufitowy Advanced,Oświetlenie,2025-05-01,0,127.48
SKU-0430,Żyrandol sufitowy Advanced,Oświetlenie,2025-06-01,1,123.33
SKU-0430,Żyrandol sufitowy Advanced,Oświetlenie,2025-07-01,1,127.81
SKU-0430,Żyrandol sufitowy Advanced,Oświetlenie,2025-08-01,2,124.52
SKU-0430,Żyrandol sufitowy Advanced,Oświetlenie,2025-09-01,3,123.42
SKU-0430,Żyrandol sufitowy Advanced,Oświetlenie,2025-10-01,4,123.99
SKU-0430,Żyrandol sufitowy Advanced,Oświetlenie,2025-11-01,4,124.06
SKU-0430,Żyrandol sufitowy Advanced,Oświetlenie,2025-12-01,4,129.28
SKU-0430,Żyrandol sufitowy Advanced,Oświetlenie,2026-01-01,4,121.83
SKU-0430,Żyrandol sufitowy Advanced,Oświetlenie,2026-02-01,3,123.76
SKU-0430,Żyrandol sufitowy Advanced,Oświetlenie,2026-03-01,1,130.86
SKU-0430,Żyrandol sufitowy Advanced,Oświetlenie,2026-04-01,1,129.66
SKU-0430,Żyrandol sufitowy Advanced,Oświetlenie,2026-05-01,0,122.93
SKU-0430,Żyrandol sufitowy Advanced,Oświetlenie,2026-06-01,1,127.46
SKU-0430,Żyrandol sufitowy Advanced,Oświetlenie,2026-07-01,2,121.43
SKU-0431,Długopis żelowy,Artykuły biurowe,2024-08-01,11,57.97
SKU-0431,Długopis żelowy,Artykuły biurowe,2024-09-01,33,57.72
SKU-0431,Długopis żelowy,Artykuły biurowe,2024-10-01,65,55.48
SKU-0431,Długopis żelowy,Artykuły biurowe,2024-11-01,132,55.26
SKU-0431,Długopis żelowy,Artykuły biurowe,2024-12-01,165,56.8
SKU-0431,Długopis żelowy,Artykuły biurowe,2025-01-01,222,58.06
SKU-0431,Długopis żelowy,Artykuły biurowe,2025-02-01,282,55.75
SKU-0431,Długopis żelowy,Artykuły biurowe,2025-03-01,177,56.31
SKU-0431,Długopis żelowy,Artykuły biurowe,2025-04-01,239,60.15
SKU-0431,Długopis żelowy,Artykuły biurowe,2025-05-01,72,56.48
SKU-0431,Długopis żelowy,Artykuły biurowe,2025-06-01,52,55.02
SKU-0431,Długopis żelowy,Artykuły biurowe,2025-07-01,26,55.5
SKU-0431,Długopis żelowy,Artykuły biurowe,2025-08-01,22,59.53
SKU-0431,Długopis żelowy,Artykuły biurowe,2025-09-01,31,56.44
SKU-0431,Długopis żelowy,Artykuły biurowe,2025-10-01,91,59.77
SKU-0431,Długopis żelowy,Artykuły biurowe,2025-11-01,155,58.67
SKU-0431,Długopis żelowy,Artykuły biurowe,2025-12-01,241,58.9
SKU-0431,Długopis żelowy,Artykuły biurowe,2026-01-01,173,60.37
SKU-0431,Długopis żelowy,Artykuły biurowe,2026-02-01,191,56.73
SKU-0431,Długopis żelowy,Artykuły biurowe,2026-03-01,258,57.25
SKU-0431,Długopis żelowy,Artykuły biurowe,2026-04-01,240,59.31
SKU-0431,Długopis żelowy,Artykuły biurowe,2026-05-01,126,57.44
SKU-0431,Długopis żelowy,Artykuły biurowe,2026-06-01,63,55.07
SKU-0431,Długopis żelowy,Artykuły biurowe,2026-07-01,27,60.13
SKU-0432,Biurko komputerowe Pro,Meble,2024-08-01,12,1171.52
SKU-0432,Biurko komputerowe Pro,Meble,2024-09-01,14,1159.31
SKU-0432,Biurko komputerowe Pro,Meble,2024-10-01,11,1227.85
SKU-0432,Biurko komputerowe Pro,Meble,2024-11-01,13,1126.83
SKU-0432,Biurko komputerowe Pro,Meble,2024-12-01,13,1125.57
SKU-0432,Biurko komputerowe Pro,Meble,2025-01-01,13,1182.91
SKU-0432,Biurko komputerowe Pro,Meble,2025-02-01,12,1205.7
SKU-0432,Biurko komputerowe Pro,Meble,2025-03-01,13,1133.48
SKU-0432,Biurko komputerowe Pro,Meble,2025-04-01,14,1183.11
SKU-0432,Biurko komputerowe Pro,Meble,2025-05-01,13,1188.28
SKU-0432,Biurko komputerowe Pro,Meble,2025-06-01,14,1182.1
SKU-0432,Biurko komputerowe Pro,Meble,2025-07-01,14,1171.39
SKU-0432,Biurko komputerowe Pro,Meble,2025-08-01,14,1184.2
SKU-0432,Biurko komputerowe Pro,Meble,2025-09-01,14,1230.04
SKU-0432,Biurko komputerowe Pro,Meble,2025-10-01,14,1224.44
SKU-0432,Biurko komputerowe Pro,Meble,2025-11-01,15,1231.71
SKU-0432,Biurko komputerowe Pro,Meble,2025-12-01,15,1144.44
SKU-0432,Biurko komputerowe Pro,Meble,2026-01-01,14,1187.12
SKU-0432,Biurko komputerowe Pro,Meble,2026-02-01,14,1149.41
SKU-0432,Biurko komputerowe Pro,Meble,2026-03-01,14,1133.92
SKU-0432,Biurko komputerowe Pro,Meble,2026-04-01,15,1149.71
SKU-0432,Biurko komputerowe Pro,Meble,2026-05-01,15,1125.55
SKU-0432,Biurko komputerowe Pro,Meble,2026-06-01,15,1201.92
SKU-0432,Biurko komputerowe Pro,Meble,2026-07-01,15,1115.5
SKU-0433,Trampki klasyczne Eco,Obuwie,2024-08-01,60,76.33
SKU-0433,Trampki klasyczne Eco,Obuwie,2024-09-01,49,76.05
SKU-0433,Trampki klasyczne Eco,Obuwie,2024-10-01,23,75.05
SKU-0433,Trampki klasyczne Eco,Obuwie,2024-11-01,13,80.23
SKU-0433,Trampki klasyczne Eco,Obuwie,2024-12-01,8,79.18
SKU-0433,Trampki klasyczne Eco,Obuwie,2025-01-01,15,78.06
SKU-0433,Trampki klasyczne Eco,Obuwie,2025-02-01,13,74.21
SKU-0433,Trampki klasyczne Eco,Obuwie,2025-03-01,28,74.06
SKU-0433,Trampki klasyczne Eco,Obuwie,2025-04-01,34,76.15
SKU-0433,Trampki klasyczne Eco,Obuwie,2025-05-01,32,78.62
SKU-0433,Trampki klasyczne Eco,Obuwie,2025-06-01,58,80.58
SKU-0433,Trampki klasyczne Eco,Obuwie,2025-07-01,51,80.64
SKU-0433,Trampki klasyczne Eco,Obuwie,2025-08-01,45,75.86
SKU-0433,Trampki klasyczne Eco,Obuwie,2025-09-01,35,74.24
SKU-0433,Trampki klasyczne Eco,Obuwie,2025-10-01,20,79.39
SKU-0433,Trampki klasyczne Eco,Obuwie,2025-11-01,16,79.3
SKU-0433,Trampki klasyczne Eco,Obuwie,2025-12-01,10,77.23
SKU-0433,Trampki klasyczne Eco,Obuwie,2026-01-01,11,74.2
SKU-0433,Trampki klasyczne Eco,Obuwie,2026-02-01,15,79.0
SKU-0433,Trampki klasyczne Eco,Obuwie,2026-03-01,26,80.06
SKU-0433,Trampki klasyczne Eco,Obuwie,2026-04-01,27,74.42
SKU-0433,Trampki klasyczne Eco,Obuwie,2026-05-01,34,78.97
SKU-0433,Trampki klasyczne Eco,Obuwie,2026-06-01,55,77.69
SKU-0433,Trampki klasyczne Eco,Obuwie,2026-07-01,40,79.4
SKU-0434,Makaron pszenny 500g Advanced,Spożywcze,2024-08-01,1,16.61
SKU-0434,Makaron pszenny 500g Advanced,Spożywcze,2024-09-01,2,17.51
SKU-0434,Makaron pszenny 500g Advanced,Spożywcze,2024-10-01,3,16.32
SKU-0434,Makaron pszenny 500g Advanced,Spożywcze,2024-11-01,6,16.56
SKU-0434,Makaron pszenny 500g Advanced,Spożywcze,2024-12-01,6,17.0
SKU-0434,Makaron pszenny 500g Advanced,Spożywcze,2025-01-01,5,17.36
SKU-0434,Makaron pszenny 500g Advanced,Spożywcze,2025-02-01,4,17.8
SKU-0434,Makaron pszenny 500g Advanced,Spożywcze,2025-03-01,5,16.26
SKU-0434,Makaron pszenny 500g Advanced,Spożywcze,2025-04-01,3,16.61
SKU-0434,Makaron pszenny 500g Advanced,Spożywcze,2025-05-01,2,16.35
SKU-0434,Makaron pszenny 500g Advanced,Spożywcze,2025-06-01,0,16.44
SKU-0434,Makaron pszenny 500g Advanced,Spożywcze,2025-07-01,0,16.79
SKU-0434,Makaron pszenny 500g Advanced,Spożywcze,2025-08-01,1,17.16
SKU-0434,Makaron pszenny 500g Advanced,Spożywcze,2025-09-01,2,16.85
SKU-0434,Makaron pszenny 500g Advanced,Spożywcze,2025-10-01,4,17.88
SKU-0434,Makaron pszenny 500g Advanced,Spożywcze,2025-11-01,5,17.14
SKU-0434,Makaron pszenny 500g Advanced,Spożywcze,2025-12-01,4,17.72
SKU-0434,Makaron pszenny 500g Advanced,Spożywcze,2026-01-01,6,17.21
SKU-0434,Makaron pszenny 500g Advanced,Spożywcze,2026-02-01,7,17.28
SKU-0434,Makaron pszenny 500g Advanced,Spożywcze,2026-03-01,4,17.77
SKU-0434,Makaron pszenny 500g Advanced,Spożywcze,2026-04-01,3,17.89
SKU-0434,Makaron pszenny 500g Advanced,Spożywcze,2026-05-01,1,17.23
SKU-0434,Makaron pszenny 500g Advanced,Spożywcze,2026-06-01,0,17.23
SKU-0434,Makaron pszenny 500g Advanced,Spożywcze,2026-07-01,0,17.32
SKU-0435,Lampion ogrodowy XL,Oświetlenie,2024-08-01,33,266.55
SKU-0435,Lampion ogrodowy XL,Oświetlenie,2024-09-01,22,270.13
SKU-0435,Lampion ogrodowy XL,Oświetlenie,2024-10-01,27,277.75
SKU-0435,Lampion ogrodowy XL,Oświetlenie,2024-11-01,14,263.84
SKU-0435,Lampion ogrodowy XL,Oświetlenie,2024-12-01,12,268.69
SKU-0435,Lampion ogrodowy XL,Oświetlenie,2025-01-01,9,272.59
SKU-0435,Lampion ogrodowy XL,Oświetlenie,2025-02-01,6,265.8
SKU-0435,Lampion ogrodowy XL,Oświetlenie,2025-03-01,9,274.6
SKU-0435,Lampion ogrodowy XL,Oświetlenie,2025-04-01,11,259.99
SKU-0435,Lampion ogrodowy XL,Oświetlenie,2025-05-01,19,278.64
SKU-0435,Lampion ogrodowy XL,Oświetlenie,2025-06-01,40,258.94
SKU-0435,Lampion ogrodowy XL,Oświetlenie,2025-07-01,22,266.02
SKU-0435,Lampion ogrodowy XL,Oświetlenie,2025-08-01,38,277.51
SKU-0435,Lampion ogrodowy XL,Oświetlenie,2025-09-01,26,259.91
SKU-0435,Lampion ogrodowy XL,Oświetlenie,2025-10-01,25,275.55
SKU-0435,Lampion ogrodowy XL,Oświetlenie,2025-11-01,13,271.62
SKU-0435,Lampion ogrodowy XL,Oświetlenie,2025-12-01,9,269.29
SKU-0435,Lampion ogrodowy XL,Oświetlenie,2026-01-01,5,280.78
SKU-0435,Lampion ogrodowy XL,Oświetlenie,2026-02-01,8,280.38
SKU-0435,Lampion ogrodowy XL,Oświetlenie,2026-03-01,9,270.82
SKU-0435,Lampion ogrodowy XL,Oświetlenie,2026-04-01,14,278.14
SKU-0435,Lampion ogrodowy XL,Oświetlenie,2026-05-01,27,264.6
SKU-0435,Lampion ogrodowy XL,Oświetlenie,2026-06-01,20,273.11
SKU-0435,Lampion ogrodowy XL,Oświetlenie,2026-07-01,24,277.78
SKU-0436,Balsam do ciała Compact,Kosmetyki,2024-08-01,21,34.73
SKU-0436,Balsam do ciała Compact,Kosmetyki,2024-09-01,21,34.97
SKU-0436,Balsam do ciała Compact,Kosmetyki,2024-10-01,21,33.53
SKU-0436,Balsam do ciała Compact,Kosmetyki,2024-11-01,21,34.69
SKU-0436,Balsam do ciała Compact,Kosmetyki,2024-12-01,22,32.73
SKU-0436,Balsam do ciała Compact,Kosmetyki,2025-01-01,20,32.27
SKU-0436,Balsam do ciała Compact,Kosmetyki,2025-02-01,24,32.31
SKU-0436,Balsam do ciała Compact,Kosmetyki,2025-03-01,21,34.72
SKU-0436,Balsam do ciała Compact,Kosmetyki,2025-04-01,21,31.97
SKU-0436,Balsam do ciała Compact,Kosmetyki,2025-05-01,20,33.89
SKU-0436,Balsam do ciała Compact,Kosmetyki,2025-06-01,20,35.13
SKU-0436,Balsam do ciała Compact,Kosmetyki,2025-07-01,18,34.12
SKU-0436,Balsam do ciała Compact,Kosmetyki,2025-08-01,22,34.01
SKU-0436,Balsam do ciała Compact,Kosmetyki,2025-09-01,20,32.23
SKU-0436,Balsam do ciała Compact,Kosmetyki,2025-10-01,21,32.98
SKU-0436,Balsam do ciała Compact,Kosmetyki,2025-11-01,27,33.31
SKU-0436,Balsam do ciała Compact,Kosmetyki,2025-12-01,22,33.14
SKU-0436,Balsam do ciała Compact,Kosmetyki,2026-01-01,25,34.25
SKU-0436,Balsam do ciała Compact,Kosmetyki,2026-02-01,26,34.51
SKU-0436,Balsam do ciała Compact,Kosmetyki,2026-03-01,26,32.53
SKU-0436,Balsam do ciała Compact,Kosmetyki,2026-04-01,23,34.43
SKU-0436,Balsam do ciała Compact,Kosmetyki,2026-05-01,24,34.54
SKU-0436,Balsam do ciała Compact,Kosmetyki,2026-06-01,24,34.68
SKU-0436,Balsam do ciała Compact,Kosmetyki,2026-07-01,22,33.83
SKU-0437,Fotel wypoczynkowy Advanced,Meble,2024-08-01,20,142.08
SKU-0437,Fotel wypoczynkowy Advanced,Meble,2024-09-01,18,145.52
SKU-0437,Fotel wypoczynkowy Advanced,Meble,2024-10-01,16,140.69
SKU-0437,Fotel wypoczynkowy Advanced,Meble,2024-11-01,19,141.48
SKU-0437,Fotel wypoczynkowy Advanced,Meble,2024-12-01,18,146.23
SKU-0437,Fotel wypoczynkowy Advanced,Meble,2025-01-01,15,151.69
SKU-0437,Fotel wypoczynkowy Advanced,Meble,2025-02-01,17,144.54
SKU-0437,Fotel wypoczynkowy Advanced,Meble,2025-03-01,18,149.91
SKU-0437,Fotel wypoczynkowy Advanced,Meble,2025-04-01,17,142.06
SKU-0437,Fotel wypoczynkowy Advanced,Meble,2025-05-01,19,148.62
SKU-0437,Fotel wypoczynkowy Advanced,Meble,2025-06-01,16,138.31
SKU-0437,Fotel wypoczynkowy Advanced,Meble,2025-07-01,16,137.57
SKU-0437,Fotel wypoczynkowy Advanced,Meble,2025-08-01,18,147.31
SKU-0437,Fotel wypoczynkowy Advanced,Meble,2025-09-01,19,143.89
SKU-0437,Fotel wypoczynkowy Advanced,Meble,2025-10-01,19,143.72
SKU-0437,Fotel wypoczynkowy Advanced,Meble,2025-11-01,16,144.01
SKU-0437,Fotel wypoczynkowy Advanced,Meble,2025-12-01,19,146.0
SKU-0437,Fotel wypoczynkowy Advanced,Meble,2026-01-01,15,151.27
SKU-0437,Fotel wypoczynkowy Advanced,Meble,2026-02-01,14,148.39
SKU-0437,Fotel wypoczynkowy Advanced,Meble,2026-03-01,15,141.55
SKU-0437,Fotel wypoczynkowy Advanced,Meble,2026-04-01,16,151.03
SKU-0437,Fotel wypoczynkowy Advanced,Meble,2026-05-01,18,146.46
SKU-0437,Fotel wypoczynkowy Advanced,Meble,2026-06-01,16,146.64
SKU-0437,Fotel wypoczynkowy Advanced,Meble,2026-07-01,17,146.13
SKU-0438,Czajnik elektryczny Pro,AGD,2024-08-01,5,126.08
SKU-0438,Czajnik elektryczny Pro,AGD,2024-09-01,2,133.68
SKU-0438,Czajnik elektryczny Pro,AGD,2024-10-01,1,131.18
SKU-0438,Czajnik elektryczny Pro,AGD,2024-11-01,2,125.72
SKU-0438,Czajnik elektryczny Pro,AGD,2024-12-01,6,131.35
SKU-0438,Czajnik elektryczny Pro,AGD,2025-01-01,9,132.8
SKU-0438,Czajnik elektryczny Pro,AGD,2025-02-01,9,128.2
SKU-0438,Czajnik elektryczny Pro,AGD,2025-03-01,16,129.11
SKU-0438,Czajnik elektryczny Pro,AGD,2025-04-01,16,128.26
SKU-0438,Czajnik elektryczny Pro,AGD,2025-05-01,16,126.91
SKU-0438,Czajnik elektryczny Pro,AGD,2025-06-01,15,123.58
SKU-0438,Czajnik elektryczny Pro,AGD,2025-07-01,14,129.9
SKU-0438,Czajnik elektryczny Pro,AGD,2025-08-01,3,125.22
SKU-0438,Czajnik elektryczny Pro,AGD,2025-09-01,3,122.02
SKU-0438,Czajnik elektryczny Pro,AGD,2025-10-01,1,132.34
SKU-0438,Czajnik elektryczny Pro,AGD,2025-11-01,2,131.83
SKU-0438,Czajnik elektryczny Pro,AGD,2025-12-01,3,132.72
SKU-0438,Czajnik elektryczny Pro,AGD,2026-01-01,6,125.74
SKU-0438,Czajnik elektryczny Pro,AGD,2026-02-01,11,129.22
SKU-0438,Czajnik elektryczny Pro,AGD,2026-03-01,18,125.9
SKU-0438,Czajnik elektryczny Pro,AGD,2026-04-01,14,133.25
SKU-0438,Czajnik elektryczny Pro,AGD,2026-05-01,18,133.65
SKU-0438,Czajnik elektryczny Pro,AGD,2026-06-01,19,127.35
SKU-0438,Czajnik elektryczny Pro,AGD,2026-07-01,11,128.9
SKU-0439,Zszywacz biurowy Advanced,Artykuły biurowe,2024-08-01,3,50.26
SKU-0439,Zszywacz biurowy Advanced,Artykuły biurowe,2024-09-01,2,48.95
SKU-0439,Zszywacz biurowy Advanced,Artykuły biurowe,2024-10-01,2,51.47
SKU-0439,Zszywacz biurowy Advanced,Artykuły biurowe,2024-11-01,1,49.89
SKU-0439,Zszywacz biurowy Advanced,Artykuły biurowe,2024-12-01,1,49.34
SKU-0439,Zszywacz biurowy Advanced,Artykuły biurowe,2025-01-01,1,48.41
SKU-0439,Zszywacz biurowy Advanced,Artykuły biurowe,2025-02-01,1,48.93
SKU-0439,Zszywacz biurowy Advanced,Artykuły biurowe,2025-03-01,1,49.25
SKU-0439,Zszywacz biurowy Advanced,Artykuły biurowe,2025-04-01,2,48.28
SKU-0439,Zszywacz biurowy Advanced,Artykuły biurowe,2025-05-01,2,48.28
SKU-0439,Zszywacz biurowy Advanced,Artykuły biurowe,2025-06-01,4,50.26
SKU-0439,Zszywacz biurowy Advanced,Artykuły biurowe,2025-07-01,4,48.06
SKU-0439,Zszywacz biurowy Advanced,Artykuły biurowe,2025-08-01,3,49.92
SKU-0439,Zszywacz biurowy Advanced,Artykuły biurowe,2025-09-01,2,48.18
SKU-0439,Zszywacz biurowy Advanced,Artykuły biurowe,2025-10-01,2,49.58
SKU-0439,Zszywacz biurowy Advanced,Artykuły biurowe,2025-11-01,1,49.29
SKU-0439,Zszywacz biurowy Advanced,Artykuły biurowe,2025-12-01,1,50.65
SKU-0439,Zszywacz biurowy Advanced,Artykuły biurowe,2026-01-01,1,47.02
SKU-0439,Zszywacz biurowy Advanced,Artykuły biurowe,2026-02-01,1,49.55
SKU-0439,Zszywacz biurowy Advanced,Artykuły biurowe,2026-03-01,2,48.3
SKU-0439,Zszywacz biurowy Advanced,Artykuły biurowe,2026-04-01,2,51.41
SKU-0439,Zszywacz biurowy Advanced,Artykuły biurowe,2026-05-01,3,47.97
SKU-0439,Zszywacz biurowy Advanced,Artykuły biurowe,2026-06-01,5,50.34
SKU-0439,Zszywacz biurowy Advanced,Artykuły biurowe,2026-07-01,4,48.62
SKU-0440,Toster Advanced,AGD,2024-08-01,6,212.22
SKU-0440,Toster Advanced,AGD,2024-09-01,6,205.69
SKU-0440,Toster Advanced,AGD,2024-10-01,28,215.89
SKU-0440,Toster Advanced,AGD,2024-11-01,71,211.82
SKU-0440,Toster Advanced,AGD,2024-12-01,97,214.37
SKU-0440,Toster Advanced,AGD,2025-01-01,122,205.02
SKU-0440,Toster Advanced,AGD,2025-02-01,135,202.24
SKU-0440,Toster Advanced,AGD,2025-03-01,137,208.2
SKU-0440,Toster Advanced,AGD,2025-04-01,131,207.88
SKU-0440,Toster Advanced,AGD,2025-05-01,63,215.35
SKU-0440,Toster Advanced,AGD,2025-06-01,46,212.87
SKU-0440,Toster Advanced,AGD,2025-07-01,25,219.97
SKU-0440,Toster Advanced,AGD,2025-08-01,5,204.13
SKU-0440,Toster Advanced,AGD,2025-09-01,6,213.63
SKU-0440,Toster Advanced,AGD,2025-10-01,21,216.73
SKU-0440,Toster Advanced,AGD,2025-11-01,47,202.08
SKU-0440,Toster Advanced,AGD,2025-12-01,88,207.71
SKU-0440,Toster Advanced,AGD,2026-01-01,94,201.25
SKU-0440,Toster Advanced,AGD,2026-02-01,163,204.83
SKU-0440,Toster Advanced,AGD,2026-03-01,105,214.16
SKU-0440,Toster Advanced,AGD,2026-04-01,132,216.76
SKU-0440,Toster Advanced,AGD,2026-05-01,84,220.0
SKU-0440,Toster Advanced,AGD,2026-06-01,43,210.95
SKU-0440,Toster Advanced,AGD,2026-07-01,18,214.76
SKU-0441,Telewizor 43'' Eco,RTV,2024-08-01,0,438.37
SKU-0441,Telewizor 43'' Eco,RTV,2024-09-01,3,419.75
SKU-0441,Telewizor 43'' Eco,RTV,2024-10-01,0,429.52
SKU-0441,Telewizor 43'' Eco,RTV,2024-11-01,0,434.68
SKU-0441,Telewizor 43'' Eco,RTV,2024-12-01,0,440.87
SKU-0441,Telewizor 43'' Eco,RTV,2025-01-01,0,408.71
SKU-0441,Telewizor 43'' Eco,RTV,2025-02-01,0,423.61
SKU-0441,Telewizor 43'' Eco,RTV,2025-03-01,1,442.1
SKU-0441,Telewizor 43'' Eco,RTV,2025-04-01,3,410.83
SKU-0441,Telewizor 43'' Eco,RTV,2025-05-01,1,435.29
SKU-0441,Telewizor 43'' Eco,RTV,2025-06-01,5,426.45
SKU-0441,Telewizor 43'' Eco,RTV,2025-07-01,0,404.13
SKU-0441,Telewizor 43'' Eco,RTV,2025-08-01,5,405.98
SKU-0441,Telewizor 43'' Eco,RTV,2025-09-01,5,424.67
SKU-0441,Telewizor 43'' Eco,RTV,2025-10-01,2,425.15
SKU-0441,Telewizor 43'' Eco,RTV,2025-11-01,3,441.25
SKU-0441,Telewizor 43'' Eco,RTV,2025-12-01,0,411.52
SKU-0441,Telewizor 43'' Eco,RTV,2026-01-01,2,426.01
SKU-0441,Telewizor 43'' Eco,RTV,2026-02-01,1,437.12
SKU-0441,Telewizor 43'' Eco,RTV,2026-03-01,3,440.3
SKU-0441,Telewizor 43'' Eco,RTV,2026-04-01,1,441.66
SKU-0441,Telewizor 43'' Eco,RTV,2026-05-01,0,442.74
SKU-0441,Telewizor 43'' Eco,RTV,2026-06-01,3,434.78
SKU-0441,Telewizor 43'' Eco,RTV,2026-07-01,2,423.75
SKU-0442,Stolik kawowy Plus,Meble,2024-08-01,8,849.22
SKU-0442,Stolik kawowy Plus,Meble,2024-09-01,8,825.43
SKU-0442,Stolik kawowy Plus,Meble,2024-10-01,7,815.55
SKU-0442,Stolik kawowy Plus,Meble,2024-11-01,8,816.79
SKU-0442,Stolik kawowy Plus,Meble,2024-12-01,8,834.87
SKU-0442,Stolik kawowy Plus,Meble,2025-01-01,8,878.79
SKU-0442,Stolik kawowy Plus,Meble,2025-02-01,7,882.29
SKU-0442,Stolik kawowy Plus,Meble,2025-03-01,8,809.83
SKU-0442,Stolik kawowy Plus,Meble,2025-04-01,7,876.18
SKU-0442,Stolik kawowy Plus,Meble,2025-05-01,6,825.53
SKU-0442,Stolik kawowy Plus,Meble,2025-06-01,8,859.9
SKU-0442,Stolik kawowy Plus,Meble,2025-07-01,7,875.81
SKU-0442,Stolik kawowy Plus,Meble,2025-08-01,8,857.46
SKU-0442,Stolik kawowy Plus,Meble,2025-09-01,7,801.76
SKU-0442,Stolik kawowy Plus,Meble,2025-10-01,8,814.58
SKU-0442,Stolik kawowy Plus,Meble,2025-11-01,7,827.94
SKU-0442,Stolik kawowy Plus,Meble,2025-12-01,7,814.35
SKU-0442,Stolik kawowy Plus,Meble,2026-01-01,7,812.8
SKU-0442,Stolik kawowy Plus,Meble,2026-02-01,8,804.67
SKU-0442,Stolik kawowy Plus,Meble,2026-03-01,9,840.45
SKU-0442,Stolik kawowy Plus,Meble,2026-04-01,7,876.22
SKU-0442,Stolik kawowy Plus,Meble,2026-05-01,7,834.34
SKU-0442,Stolik kawowy Plus,Meble,2026-06-01,8,858.34
SKU-0442,Stolik kawowy Plus,Meble,2026-07-01,8,810.37
SKU-0443,Spodnie jeansowe Classic,Odzież,2024-08-01,4,119.33
SKU-0443,Spodnie jeansowe Classic,Odzież,2024-09-01,4,119.63
SKU-0443,Spodnie jeansowe Classic,Odzież,2024-10-01,5,122.65
SKU-0443,Spodnie jeansowe Classic,Odzież,2024-11-01,4,115.43
SKU-0443,Spodnie jeansowe Classic,Odzież,2024-12-01,3,115.87
SKU-0443,Spodnie jeansowe Classic,Odzież,2025-01-01,4,116.57
SKU-0443,Spodnie jeansowe Classic,Odzież,2025-02-01,4,123.93
SKU-0443,Spodnie jeansowe Classic,Odzież,2025-03-01,4,121.06
SKU-0443,Spodnie jeansowe Classic,Odzież,2025-04-01,4,114.9
SKU-0443,Spodnie jeansowe Classic,Odzież,2025-05-01,4,112.63
SKU-0443,Spodnie jeansowe Classic,Odzież,2025-06-01,4,117.93
SKU-0443,Spodnie jeansowe Classic,Odzież,2025-07-01,4,119.82
SKU-0443,Spodnie jeansowe Classic,Odzież,2025-08-01,5,118.86
SKU-0443,Spodnie jeansowe Classic,Odzież,2025-09-01,4,113.28
SKU-0443,Spodnie jeansowe Classic,Odzież,2025-10-01,3,114.66
SKU-0443,Spodnie jeansowe Classic,Odzież,2025-11-01,4,123.1
SKU-0443,Spodnie jeansowe Classic,Odzież,2025-12-01,4,124.12
SKU-0443,Spodnie jeansowe Classic,Odzież,2026-01-01,3,119.97
SKU-0443,Spodnie jeansowe Classic,Odzież,2026-02-01,3,119.54
SKU-0443,Spodnie jeansowe Classic,Odzież,2026-03-01,4,115.79
SKU-0443,Spodnie jeansowe Classic,Odzież,2026-04-01,4,122.29
SKU-0443,Spodnie jeansowe Classic,Odzież,2026-05-01,4,121.15
SKU-0443,Spodnie jeansowe Classic,Odzież,2026-06-01,4,113.45
SKU-0443,Spodnie jeansowe Classic,Odzież,2026-07-01,4,119.0
SKU-0444,Żarówka LED E27 Plus,Oświetlenie,2024-08-01,0,252.08
SKU-0444,Żarówka LED E27 Plus,Oświetlenie,2024-09-01,17,257.6
SKU-0444,Żarówka LED E27 Plus,Oświetlenie,2024-10-01,0,252.83
SKU-0444,Żarówka LED E27 Plus,Oświetlenie,2024-11-01,8,262.88
SKU-0444,Żarówka LED E27 Plus,Oświetlenie,2024-12-01,0,247.99
SKU-0444,Żarówka LED E27 Plus,Oświetlenie,2025-01-01,0,244.81
SKU-0444,Żarówka LED E27 Plus,Oświetlenie,2025-02-01,0,244.75
SKU-0444,Żarówka LED E27 Plus,Oświetlenie,2025-03-01,5,257.78
SKU-0444,Żarówka LED E27 Plus,Oświetlenie,2025-04-01,0,247.64
SKU-0444,Żarówka LED E27 Plus,Oświetlenie,2025-05-01,16,256.49
SKU-0444,Żarówka LED E27 Plus,Oświetlenie,2025-06-01,0,252.18
SKU-0444,Żarówka LED E27 Plus,Oświetlenie,2025-07-01,4,243.17
SKU-0444,Żarówka LED E27 Plus,Oświetlenie,2025-08-01,4,254.24
SKU-0444,Żarówka LED E27 Plus,Oświetlenie,2025-09-01,6,255.75
SKU-0444,Żarówka LED E27 Plus,Oświetlenie,2025-10-01,0,255.7
SKU-0444,Żarówka LED E27 Plus,Oświetlenie,2025-11-01,0,253.03
SKU-0444,Żarówka LED E27 Plus,Oświetlenie,2025-12-01,7,264.55
SKU-0444,Żarówka LED E27 Plus,Oświetlenie,2026-01-01,13,242.08
SKU-0444,Żarówka LED E27 Plus,Oświetlenie,2026-02-01,0,265.26
SKU-0444,Żarówka LED E27 Plus,Oświetlenie,2026-03-01,10,253.93
SKU-0444,Żarówka LED E27 Plus,Oświetlenie,2026-04-01,6,250.07
SKU-0444,Żarówka LED E27 Plus,Oświetlenie,2026-05-01,0,260.94
SKU-0444,Żarówka LED E27 Plus,Oświetlenie,2026-06-01,4,256.89
SKU-0444,Żarówka LED E27 Plus,Oświetlenie,2026-07-01,0,263.51
SKU-0445,Żarówka LED H7 Pro,Motoryzacja,2024-08-01,10,229.52
SKU-0445,Żarówka LED H7 Pro,Motoryzacja,2024-09-01,8,229.63
SKU-0445,Żarówka LED H7 Pro,Motoryzacja,2024-10-01,11,230.7
SKU-0445,Żarówka LED H7 Pro,Motoryzacja,2024-11-01,8,247.75
SKU-0445,Żarówka LED H7 Pro,Motoryzacja,2024-12-01,8,250.59
SKU-0445,Żarówka LED H7 Pro,Motoryzacja,2025-01-01,9,243.34
SKU-0445,Żarówka LED H7 Pro,Motoryzacja,2025-02-01,10,251.61
SKU-0445,Żarówka LED H7 Pro,Motoryzacja,2025-03-01,10,236.83
SKU-0445,Żarówka LED H7 Pro,Motoryzacja,2025-04-01,10,249.2
SKU-0445,Żarówka LED H7 Pro,Motoryzacja,2025-05-01,10,243.82
SKU-0445,Żarówka LED H7 Pro,Motoryzacja,2025-06-01,8,243.44
SKU-0445,Żarówka LED H7 Pro,Motoryzacja,2025-07-01,7,232.07
SKU-0445,Żarówka LED H7 Pro,Motoryzacja,2025-08-01,7,231.35
SKU-0445,Żarówka LED H7 Pro,Motoryzacja,2025-09-01,8,247.78
SKU-0445,Żarówka LED H7 Pro,Motoryzacja,2025-10-01,8,243.18
SKU-0445,Żarówka LED H7 Pro,Motoryzacja,2025-11-01,8,239.94
SKU-0445,Żarówka LED H7 Pro,Motoryzacja,2025-12-01,9,233.79
SKU-0445,Żarówka LED H7 Pro,Motoryzacja,2026-01-01,8,246.88
SKU-0445,Żarówka LED H7 Pro,Motoryzacja,2026-02-01,7,249.73
SKU-0445,Żarówka LED H7 Pro,Motoryzacja,2026-03-01,9,237.54
SKU-0445,Żarówka LED H7 Pro,Motoryzacja,2026-04-01,8,247.34
SKU-0445,Żarówka LED H7 Pro,Motoryzacja,2026-05-01,9,232.72
SKU-0445,Żarówka LED H7 Pro,Motoryzacja,2026-06-01,8,239.68
SKU-0445,Żarówka LED H7 Pro,Motoryzacja,2026-07-01,8,232.73
SKU-0446,Kawa mielona 500g XL,Spożywcze,2024-08-01,0,31.45
SKU-0446,Kawa mielona 500g XL,Spożywcze,2024-09-01,0,33.26
SKU-0446,Kawa mielona 500g XL,Spożywcze,2024-10-01,0,31.36
SKU-0446,Kawa mielona 500g XL,Spożywcze,2024-11-01,23,33.4
SKU-0446,Kawa mielona 500g XL,Spożywcze,2024-12-01,0,32.3
SKU-0446,Kawa mielona 500g XL,Spożywcze,2025-01-01,0,33.43
SKU-0446,Kawa mielona 500g XL,Spożywcze,2025-02-01,17,32.78
SKU-0446,Kawa mielona 500g XL,Spożywcze,2025-03-01,26,30.77
SKU-0446,Kawa mielona 500g XL,Spożywcze,2025-04-01,0,30.7
SKU-0446,Kawa mielona 500g XL,Spożywcze,2025-05-01,26,31.45
SKU-0446,Kawa mielona 500g XL,Spożywcze,2025-06-01,21,30.89
SKU-0446,Kawa mielona 500g XL,Spożywcze,2025-07-01,13,30.92
SKU-0446,Kawa mielona 500g XL,Spożywcze,2025-08-01,24,31.35
SKU-0446,Kawa mielona 500g XL,Spożywcze,2025-09-01,3,30.86
SKU-0446,Kawa mielona 500g XL,Spożywcze,2025-10-01,0,32.77
SKU-0446,Kawa mielona 500g XL,Spożywcze,2025-11-01,0,32.2
SKU-0446,Kawa mielona 500g XL,Spożywcze,2025-12-01,12,32.68
SKU-0446,Kawa mielona 500g XL,Spożywcze,2026-01-01,45,31.55
SKU-0446,Kawa mielona 500g XL,Spożywcze,2026-02-01,23,33.55
SKU-0446,Kawa mielona 500g XL,Spożywcze,2026-03-01,29,33.42
SKU-0446,Kawa mielona 500g XL,Spożywcze,2026-04-01,50,31.11
SKU-0446,Kawa mielona 500g XL,Spożywcze,2026-05-01,30,33.79
SKU-0446,Kawa mielona 500g XL,Spożywcze,2026-06-01,25,31.76
SKU-0446,Kawa mielona 500g XL,Spożywcze,2026-07-01,0,31.36
SKU-0447,Osłona przeciwsłoneczna Pro,Motoryzacja,2024-08-01,0,232.61
SKU-0447,Osłona przeciwsłoneczna Pro,Motoryzacja,2024-09-01,0,235.33
SKU-0447,Osłona przeciwsłoneczna Pro,Motoryzacja,2024-10-01,5,232.58
SKU-0447,Osłona przeciwsłoneczna Pro,Motoryzacja,2024-11-01,1,239.47
SKU-0447,Osłona przeciwsłoneczna Pro,Motoryzacja,2024-12-01,17,224.87
SKU-0447,Osłona przeciwsłoneczna Pro,Motoryzacja,2025-01-01,0,242.46
SKU-0447,Osłona przeciwsłoneczna Pro,Motoryzacja,2025-02-01,0,228.39
SKU-0447,Osłona przeciwsłoneczna Pro,Motoryzacja,2025-03-01,1,244.27
SKU-0447,Osłona przeciwsłoneczna Pro,Motoryzacja,2025-04-01,0,239.42
SKU-0447,Osłona przeciwsłoneczna Pro,Motoryzacja,2025-05-01,11,224.74
SKU-0447,Osłona przeciwsłoneczna Pro,Motoryzacja,2025-06-01,17,241.85
SKU-0447,Osłona przeciwsłoneczna Pro,Motoryzacja,2025-07-01,10,228.27
SKU-0447,Osłona przeciwsłoneczna Pro,Motoryzacja,2025-08-01,9,248.1
SKU-0447,Osłona przeciwsłoneczna Pro,Motoryzacja,2025-09-01,15,243.59
SKU-0447,Osłona przeciwsłoneczna Pro,Motoryzacja,2025-10-01,31,224.86
SKU-0447,Osłona przeciwsłoneczna Pro,Motoryzacja,2025-11-01,0,238.79
SKU-0447,Osłona przeciwsłoneczna Pro,Motoryzacja,2025-12-01,0,244.79
SKU-0447,Osłona przeciwsłoneczna Pro,Motoryzacja,2026-01-01,8,227.41
SKU-0447,Osłona przeciwsłoneczna Pro,Motoryzacja,2026-02-01,9,243.1
SKU-0447,Osłona przeciwsłoneczna Pro,Motoryzacja,2026-03-01,0,237.22
SKU-0447,Osłona przeciwsłoneczna Pro,Motoryzacja,2026-04-01,0,227.89
SKU-0447,Osłona przeciwsłoneczna Pro,Motoryzacja,2026-05-01,7,227.17
SKU-0447,Osłona przeciwsłoneczna Pro,Motoryzacja,2026-06-01,24,239.48
SKU-0447,Osłona przeciwsłoneczna Pro,Motoryzacja,2026-07-01,24,225.4
SKU-0448,Klocki konstrukcyjne XL,Zabawki,2024-08-01,16,180.31
SKU-0448,Klocki konstrukcyjne XL,Zabawki,2024-09-01,19,187.92
SKU-0448,Klocki konstrukcyjne XL,Zabawki,2024-10-01,17,181.76
SKU-0448,Klocki konstrukcyjne XL,Zabawki,2024-11-01,16,186.77
SKU-0448,Klocki konstrukcyjne XL,Zabawki,2024-12-01,15,174.81
SKU-0448,Klocki konstrukcyjne XL,Zabawki,2025-01-01,22,183.44
SKU-0448,Klocki konstrukcyjne XL,Zabawki,2025-02-01,18,184.95
SKU-0448,Klocki konstrukcyjne XL,Zabawki,2025-03-01,22,186.55
SKU-0448,Klocki konstrukcyjne XL,Zabawki,2025-04-01,19,179.94
SKU-0448,Klocki konstrukcyjne XL,Zabawki,2025-05-01,19,185.81
SKU-0448,Klocki konstrukcyjne XL,Zabawki,2025-06-01,20,187.61
SKU-0448,Klocki konstrukcyjne XL,Zabawki,2025-07-01,15,177.56
SKU-0448,Klocki konstrukcyjne XL,Zabawki,2025-08-01,16,178.67
SKU-0448,Klocki konstrukcyjne XL,Zabawki,2025-09-01,17,185.16
SKU-0448,Klocki konstrukcyjne XL,Zabawki,2025-10-01,16,176.25
SKU-0448,Klocki konstrukcyjne XL,Zabawki,2025-11-01,20,178.0
SKU-0448,Klocki konstrukcyjne XL,Zabawki,2025-12-01,19,192.43
SKU-0448,Klocki konstrukcyjne XL,Zabawki,2026-01-01,19,183.77
SKU-0448,Klocki konstrukcyjne XL,Zabawki,2026-02-01,20,180.03
SKU-0448,Klocki konstrukcyjne XL,Zabawki,2026-03-01,19,192.86
SKU-0448,Klocki konstrukcyjne XL,Zabawki,2026-04-01,18,192.66
SKU-0448,Klocki konstrukcyjne XL,Zabawki,2026-05-01,19,191.08
SKU-0448,Klocki konstrukcyjne XL,Zabawki,2026-06-01,15,191.41
SKU-0448,Klocki konstrukcyjne XL,Zabawki,2026-07-01,17,182.24
SKU-0449,Żarówka LED E27 Pro,Oświetlenie,2024-08-01,9,178.69
SKU-0449,Żarówka LED E27 Pro,Oświetlenie,2024-09-01,9,165.86
SKU-0449,Żarówka LED E27 Pro,Oświetlenie,2024-10-01,10,168.06
SKU-0449,Żarówka LED E27 Pro,Oświetlenie,2024-11-01,10,182.36
SKU-0449,Żarówka LED E27 Pro,Oświetlenie,2024-12-01,10,179.65
SKU-0449,Żarówka LED E27 Pro,Oświetlenie,2025-01-01,9,177.6
SKU-0449,Żarówka LED E27 Pro,Oświetlenie,2025-02-01,12,173.36
SKU-0449,Żarówka LED E27 Pro,Oświetlenie,2025-03-01,12,171.5
SKU-0449,Żarówka LED E27 Pro,Oświetlenie,2025-04-01,10,173.49
SKU-0449,Żarówka LED E27 Pro,Oświetlenie,2025-05-01,9,174.99
SKU-0449,Żarówka LED E27 Pro,Oświetlenie,2025-06-01,11,167.43
SKU-0449,Żarówka LED E27 Pro,Oświetlenie,2025-07-01,12,166.15
SKU-0449,Żarówka LED E27 Pro,Oświetlenie,2025-08-01,12,174.14
SKU-0449,Żarówka LED E27 Pro,Oświetlenie,2025-09-01,9,178.63
SKU-0449,Żarówka LED E27 Pro,Oświetlenie,2025-10-01,12,168.93
SKU-0449,Żarówka LED E27 Pro,Oświetlenie,2025-11-01,12,171.12
SKU-0449,Żarówka LED E27 Pro,Oświetlenie,2025-12-01,12,180.79
SKU-0449,Żarówka LED E27 Pro,Oświetlenie,2026-01-01,11,180.28
SKU-0449,Żarówka LED E27 Pro,Oświetlenie,2026-02-01,11,180.42
SKU-0449,Żarówka LED E27 Pro,Oświetlenie,2026-03-01,13,173.68
SKU-0449,Żarówka LED E27 Pro,Oświetlenie,2026-04-01,11,182.23
SKU-0449,Żarówka LED E27 Pro,Oświetlenie,2026-05-01,13,172.49
SKU-0449,Żarówka LED E27 Pro,Oświetlenie,2026-06-01,12,175.48
SKU-0449,Żarówka LED E27 Pro,Oświetlenie,2026-07-01,13,171.42
SKU-0450,Regał na książki Advanced,Meble,2024-08-01,91,329.19
SKU-0450,Regał na książki Advanced,Meble,2024-09-01,96,325.01
SKU-0450,Regał na książki Advanced,Meble,2024-10-01,97,333.97
SKU-0450,Regał na książki Advanced,Meble,2024-11-01,47,329.26
SKU-0450,Regał na książki Advanced,Meble,2024-12-01,33,334.65
SKU-0450,Regał na książki Advanced,Meble,2025-01-01,31,349.67
SKU-0450,Regał na książki Advanced,Meble,2025-02-01,35,321.53
SKU-0450,Regał na książki Advanced,Meble,2025-03-01,44,335.07
SKU-0450,Regał na książki Advanced,Meble,2025-04-01,86,335.6
SKU-0450,Regał na książki Advanced,Meble,2025-05-01,110,326.09
SKU-0450,Regał na książki Advanced,Meble,2025-06-01,113,329.01
SKU-0450,Regał na książki Advanced,Meble,2025-07-01,129,331.9
SKU-0450,Regał na książki Advanced,Meble,2025-08-01,143,347.44
SKU-0450,Regał na książki Advanced,Meble,2025-09-01,117,345.45
SKU-0450,Regał na książki Advanced,Meble,2025-10-01,92,338.19
SKU-0450,Regał na książki Advanced,Meble,2025-11-01,66,340.93
SKU-0450,Regał na książki Advanced,Meble,2025-12-01,41,341.2
SKU-0450,Regał na książki Advanced,Meble,2026-01-01,34,340.2
SKU-0450,Regał na książki Advanced,Meble,2026-02-01,32,351.73
SKU-0450,Regał na książki Advanced,Meble,2026-03-01,64,333.12
SKU-0450,Regał na książki Advanced,Meble,2026-04-01,71,329.31
SKU-0450,Regał na książki Advanced,Meble,2026-05-01,107,351.53
SKU-0450,Regał na książki Advanced,Meble,2026-06-01,124,339.33
SKU-0450,Regał na książki Advanced,Meble,2026-07-01,183,333.58
SKU-0451,Plecak trekkingowy XL,Sport i rekreacja,2024-08-01,8,369.93
SKU-0451,Plecak trekkingowy XL,Sport i rekreacja,2024-09-01,7,352.3
SKU-0451,Plecak trekkingowy XL,Sport i rekreacja,2024-10-01,6,354.73
SKU-0451,Plecak trekkingowy XL,Sport i rekreacja,2024-11-01,7,388.05
SKU-0451,Plecak trekkingowy XL,Sport i rekreacja,2024-12-01,8,358.9
SKU-0451,Plecak trekkingowy XL,Sport i rekreacja,2025-01-01,7,364.28
SKU-0451,Plecak trekkingowy XL,Sport i rekreacja,2025-02-01,7,367.32
SKU-0451,Plecak trekkingowy XL,Sport i rekreacja,2025-03-01,9,363.23
SKU-0451,Plecak trekkingowy XL,Sport i rekreacja,2025-04-01,8,361.57
SKU-0451,Plecak trekkingowy XL,Sport i rekreacja,2025-05-01,8,386.24
SKU-0451,Plecak trekkingowy XL,Sport i rekreacja,2025-06-01,7,370.8
SKU-0451,Plecak trekkingowy XL,Sport i rekreacja,2025-07-01,6,373.77
SKU-0451,Plecak trekkingowy XL,Sport i rekreacja,2025-08-01,6,377.04
SKU-0451,Plecak trekkingowy XL,Sport i rekreacja,2025-09-01,7,382.47
SKU-0451,Plecak trekkingowy XL,Sport i rekreacja,2025-10-01,6,372.5
SKU-0451,Plecak trekkingowy XL,Sport i rekreacja,2025-11-01,6,359.86
SKU-0451,Plecak trekkingowy XL,Sport i rekreacja,2025-12-01,7,385.86
SKU-0451,Plecak trekkingowy XL,Sport i rekreacja,2026-01-01,7,383.15
SKU-0451,Plecak trekkingowy XL,Sport i rekreacja,2026-02-01,7,361.33
SKU-0451,Plecak trekkingowy XL,Sport i rekreacja,2026-03-01,7,385.69
SKU-0451,Plecak trekkingowy XL,Sport i rekreacja,2026-04-01,7,377.9
SKU-0451,Plecak trekkingowy XL,Sport i rekreacja,2026-05-01,7,379.22
SKU-0451,Plecak trekkingowy XL,Sport i rekreacja,2026-06-01,6,369.05
SKU-0451,Plecak trekkingowy XL,Sport i rekreacja,2026-07-01,6,373.81
SKU-0452,Dezodorant w kulce Plus,Kosmetyki,2024-08-01,3,39.61
SKU-0452,Dezodorant w kulce Plus,Kosmetyki,2024-09-01,4,41.94
SKU-0452,Dezodorant w kulce Plus,Kosmetyki,2024-10-01,4,38.65
SKU-0452,Dezodorant w kulce Plus,Kosmetyki,2024-11-01,6,39.04
SKU-0452,Dezodorant w kulce Plus,Kosmetyki,2024-12-01,5,39.56
SKU-0452,Dezodorant w kulce Plus,Kosmetyki,2025-01-01,5,39.7
SKU-0452,Dezodorant w kulce Plus,Kosmetyki,2025-02-01,3,39.7
SKU-0452,Dezodorant w kulce Plus,Kosmetyki,2025-03-01,2,39.63
SKU-0452,Dezodorant w kulce Plus,Kosmetyki,2025-04-01,1,41.06
SKU-0452,Dezodorant w kulce Plus,Kosmetyki,2025-05-01,0,38.54
SKU-0452,Dezodorant w kulce Plus,Kosmetyki,2025-06-01,0,41.71
SKU-0452,Dezodorant w kulce Plus,Kosmetyki,2025-07-01,2,41.1
SKU-0452,Dezodorant w kulce Plus,Kosmetyki,2025-08-01,2,38.59
SKU-0452,Dezodorant w kulce Plus,Kosmetyki,2025-09-01,4,38.69
SKU-0452,Dezodorant w kulce Plus,Kosmetyki,2025-10-01,4,39.06
SKU-0452,Dezodorant w kulce Plus,Kosmetyki,2025-11-01,5,41.07
SKU-0452,Dezodorant w kulce Plus,Kosmetyki,2025-12-01,3,41.24
SKU-0452,Dezodorant w kulce Plus,Kosmetyki,2026-01-01,3,40.68
SKU-0452,Dezodorant w kulce Plus,Kosmetyki,2026-02-01,2,40.96
SKU-0452,Dezodorant w kulce Plus,Kosmetyki,2026-03-01,1,38.57
SKU-0452,Dezodorant w kulce Plus,Kosmetyki,2026-04-01,0,39.16
SKU-0452,Dezodorant w kulce Plus,Kosmetyki,2026-05-01,0,40.87
SKU-0452,Dezodorant w kulce Plus,Kosmetyki,2026-06-01,1,40.23
SKU-0452,Dezodorant w kulce Plus,Kosmetyki,2026-07-01,1,39.23
SKU-0453,Blender kielichowy Eco,AGD,2024-08-01,0,458.89
SKU-0453,Blender kielichowy Eco,AGD,2024-09-01,0,446.08
SKU-0453,Blender kielichowy Eco,AGD,2024-10-01,0,480.4
SKU-0453,Blender kielichowy Eco,AGD,2024-11-01,1,464.4
SKU-0453,Blender kielichowy Eco,AGD,2024-12-01,1,489.4
SKU-0453,Blender kielichowy Eco,AGD,2025-01-01,0,477.29
SKU-0453,Blender kielichowy Eco,AGD,2025-02-01,1,449.69
SKU-0453,Blender kielichowy Eco,AGD,2025-03-01,0,448.01
SKU-0453,Blender kielichowy Eco,AGD,2025-04-01,3,470.53
SKU-0453,Blender kielichowy Eco,AGD,2025-05-01,0,447.91
SKU-0453,Blender kielichowy Eco,AGD,2025-06-01,1,445.81
SKU-0453,Blender kielichowy Eco,AGD,2025-07-01,2,460.38
SKU-0453,Blender kielichowy Eco,AGD,2025-08-01,0,466.06
SKU-0453,Blender kielichowy Eco,AGD,2025-09-01,0,489.37
SKU-0453,Blender kielichowy Eco,AGD,2025-10-01,3,452.73
SKU-0453,Blender kielichowy Eco,AGD,2025-11-01,1,447.01
SKU-0453,Blender kielichowy Eco,AGD,2025-12-01,0,450.61
SKU-0453,Blender kielichowy Eco,AGD,2026-01-01,1,470.28
SKU-0453,Blender kielichowy Eco,AGD,2026-02-01,4,484.73
SKU-0453,Blender kielichowy Eco,AGD,2026-03-01,0,471.82
SKU-0453,Blender kielichowy Eco,AGD,2026-04-01,2,490.09
SKU-0453,Blender kielichowy Eco,AGD,2026-05-01,1,478.79
SKU-0453,Blender kielichowy Eco,AGD,2026-06-01,0,458.88
SKU-0453,Blender kielichowy Eco,AGD,2026-07-01,1,482.34
SKU-0454,Fotel wypoczynkowy Pro,Meble,2024-08-01,0,488.77
SKU-0454,Fotel wypoczynkowy Pro,Meble,2024-09-01,2,497.76
SKU-0454,Fotel wypoczynkowy Pro,Meble,2024-10-01,1,489.21
SKU-0454,Fotel wypoczynkowy Pro,Meble,2024-11-01,1,480.65
SKU-0454,Fotel wypoczynkowy Pro,Meble,2024-12-01,0,456.88
SKU-0454,Fotel wypoczynkowy Pro,Meble,2025-01-01,1,481.27
SKU-0454,Fotel wypoczynkowy Pro,Meble,2025-02-01,0,465.78
SKU-0454,Fotel wypoczynkowy Pro,Meble,2025-03-01,0,483.76
SKU-0454,Fotel wypoczynkowy Pro,Meble,2025-04-01,1,482.61
SKU-0454,Fotel wypoczynkowy Pro,Meble,2025-05-01,2,462.64
SKU-0454,Fotel wypoczynkowy Pro,Meble,2025-06-01,0,487.47
SKU-0454,Fotel wypoczynkowy Pro,Meble,2025-07-01,1,474.38
SKU-0454,Fotel wypoczynkowy Pro,Meble,2025-08-01,0,467.1
SKU-0454,Fotel wypoczynkowy Pro,Meble,2025-09-01,1,475.65
SKU-0454,Fotel wypoczynkowy Pro,Meble,2025-10-01,1,467.02
SKU-0454,Fotel wypoczynkowy Pro,Meble,2025-11-01,1,463.76
SKU-0454,Fotel wypoczynkowy Pro,Meble,2025-12-01,1,494.51
SKU-0454,Fotel wypoczynkowy Pro,Meble,2026-01-01,2,461.73
SKU-0454,Fotel wypoczynkowy Pro,Meble,2026-02-01,3,486.96
SKU-0454,Fotel wypoczynkowy Pro,Meble,2026-03-01,0,470.59
SKU-0454,Fotel wypoczynkowy Pro,Meble,2026-04-01,0,458.01
SKU-0454,Fotel wypoczynkowy Pro,Meble,2026-05-01,2,482.29
SKU-0454,Fotel wypoczynkowy Pro,Meble,2026-06-01,1,486.26
SKU-0454,Fotel wypoczynkowy Pro,Meble,2026-07-01,0,495.7
SKU-0455,Klocki konstrukcyjne,Zabawki,2024-08-01,3,169.39
SKU-0455,Klocki konstrukcyjne,Zabawki,2024-09-01,0,165.8
SKU-0455,Klocki konstrukcyjne,Zabawki,2024-10-01,2,177.37
SKU-0455,Klocki konstrukcyjne,Zabawki,2024-11-01,0,168.43
SKU-0455,Klocki konstrukcyjne,Zabawki,2024-12-01,4,163.71
SKU-0455,Klocki konstrukcyjne,Zabawki,2025-01-01,3,175.09
SKU-0455,Klocki konstrukcyjne,Zabawki,2025-02-01,6,171.71
SKU-0455,Klocki konstrukcyjne,Zabawki,2025-03-01,7,162.92
SKU-0455,Klocki konstrukcyjne,Zabawki,2025-04-01,2,172.36
SKU-0455,Klocki konstrukcyjne,Zabawki,2025-05-01,2,174.83
SKU-0455,Klocki konstrukcyjne,Zabawki,2025-06-01,0,169.47
SKU-0455,Klocki konstrukcyjne,Zabawki,2025-07-01,4,164.36
SKU-0455,Klocki konstrukcyjne,Zabawki,2025-08-01,1,169.2
SKU-0455,Klocki konstrukcyjne,Zabawki,2025-09-01,0,168.14
SKU-0455,Klocki konstrukcyjne,Zabawki,2025-10-01,0,168.2
SKU-0455,Klocki konstrukcyjne,Zabawki,2025-11-01,0,177.7
SKU-0455,Klocki konstrukcyjne,Zabawki,2025-12-01,1,166.39
SKU-0455,Klocki konstrukcyjne,Zabawki,2026-01-01,2,169.24
SKU-0455,Klocki konstrukcyjne,Zabawki,2026-02-01,0,174.12
SKU-0455,Klocki konstrukcyjne,Zabawki,2026-03-01,6,170.98
SKU-0455,Klocki konstrukcyjne,Zabawki,2026-04-01,6,169.67
SKU-0455,Klocki konstrukcyjne,Zabawki,2026-05-01,4,175.79
SKU-0455,Klocki konstrukcyjne,Zabawki,2026-06-01,3,170.24
SKU-0455,Klocki konstrukcyjne,Zabawki,2026-07-01,1,169.41
SKU-0456,Powerbank 10000mAh Advanced,Elektronika,2024-08-01,4,45.99
SKU-0456,Powerbank 10000mAh Advanced,Elektronika,2024-09-01,4,45.01
SKU-0456,Powerbank 10000mAh Advanced,Elektronika,2024-10-01,4,42.19
SKU-0456,Powerbank 10000mAh Advanced,Elektronika,2024-11-01,5,44.9
SKU-0456,Powerbank 10000mAh Advanced,Elektronika,2024-12-01,5,45.22
SKU-0456,Powerbank 10000mAh Advanced,Elektronika,2025-01-01,4,44.19
SKU-0456,Powerbank 10000mAh Advanced,Elektronika,2025-02-01,4,45.9
SKU-0456,Powerbank 10000mAh Advanced,Elektronika,2025-03-01,3,43.62
SKU-0456,Powerbank 10000mAh Advanced,Elektronika,2025-04-01,5,44.02
SKU-0456,Powerbank 10000mAh Advanced,Elektronika,2025-05-01,4,43.49
SKU-0456,Powerbank 10000mAh Advanced,Elektronika,2025-06-01,4,42.39
SKU-0456,Powerbank 10000mAh Advanced,Elektronika,2025-07-01,4,42.96
SKU-0456,Powerbank 10000mAh Advanced,Elektronika,2025-08-01,4,45.96
SKU-0456,Powerbank 10000mAh Advanced,Elektronika,2025-09-01,4,44.59
SKU-0456,Powerbank 10000mAh Advanced,Elektronika,2025-10-01,4,42.6
SKU-0456,Powerbank 10000mAh Advanced,Elektronika,2025-11-01,4,43.34
SKU-0456,Powerbank 10000mAh Advanced,Elektronika,2025-12-01,4,45.97
SKU-0456,Powerbank 10000mAh Advanced,Elektronika,2026-01-01,4,42.37
SKU-0456,Powerbank 10000mAh Advanced,Elektronika,2026-02-01,4,44.52
SKU-0456,Powerbank 10000mAh Advanced,Elektronika,2026-03-01,4,42.41
SKU-0456,Powerbank 10000mAh Advanced,Elektronika,2026-04-01,4,46.08
SKU-0456,Powerbank 10000mAh Advanced,Elektronika,2026-05-01,4,43.9
SKU-0456,Powerbank 10000mAh Advanced,Elektronika,2026-06-01,4,42.84
SKU-0456,Powerbank 10000mAh Advanced,Elektronika,2026-07-01,4,44.21
SKU-0457,Trampki klasyczne Compact,Obuwie,2024-08-01,0,334.82
SKU-0457,Trampki klasyczne Compact,Obuwie,2024-09-01,1,346.94
SKU-0457,Trampki klasyczne Compact,Obuwie,2024-10-01,1,335.68
SKU-0457,Trampki klasyczne Compact,Obuwie,2024-11-01,2,329.14
SKU-0457,Trampki klasyczne Compact,Obuwie,2024-12-01,1,343.32
SKU-0457,Trampki klasyczne Compact,Obuwie,2025-01-01,3,340.63
SKU-0457,Trampki klasyczne Compact,Obuwie,2025-02-01,1,323.69
SKU-0457,Trampki klasyczne Compact,Obuwie,2025-03-01,2,331.01
SKU-0457,Trampki klasyczne Compact,Obuwie,2025-04-01,2,344.55
SKU-0457,Trampki klasyczne Compact,Obuwie,2025-05-01,1,324.25
SKU-0457,Trampki klasyczne Compact,Obuwie,2025-06-01,1,347.58
SKU-0457,Trampki klasyczne Compact,Obuwie,2025-07-01,0,337.12
SKU-0457,Trampki klasyczne Compact,Obuwie,2025-08-01,0,342.55
SKU-0457,Trampki klasyczne Compact,Obuwie,2025-09-01,0,335.6
SKU-0457,Trampki klasyczne Compact,Obuwie,2025-10-01,1,335.84
SKU-0457,Trampki klasyczne Compact,Obuwie,2025-11-01,1,327.39
SKU-0457,Trampki klasyczne Compact,Obuwie,2025-12-01,2,347.06
SKU-0457,Trampki klasyczne Compact,Obuwie,2026-01-01,2,346.31
SKU-0457,Trampki klasyczne Compact,Obuwie,2026-02-01,2,330.88
SKU-0457,Trampki klasyczne Compact,Obuwie,2026-03-01,1,349.6
SKU-0457,Trampki klasyczne Compact,Obuwie,2026-04-01,1,346.39
SKU-0457,Trampki klasyczne Compact,Obuwie,2026-05-01,1,328.45
SKU-0457,Trampki klasyczne Compact,Obuwie,2026-06-01,1,343.32
SKU-0457,Trampki klasyczne Compact,Obuwie,2026-07-01,0,351.33
SKU-0458,Rower stacjonarny XL,Sport i rekreacja,2024-08-01,0,185.4
SKU-0458,Rower stacjonarny XL,Sport i rekreacja,2024-09-01,116,198.47
SKU-0458,Rower stacjonarny XL,Sport i rekreacja,2024-10-01,0,193.82
SKU-0458,Rower stacjonarny XL,Sport i rekreacja,2024-11-01,204,188.93
SKU-0458,Rower stacjonarny XL,Sport i rekreacja,2024-12-01,186,195.27
SKU-0458,Rower stacjonarny XL,Sport i rekreacja,2025-01-01,0,182.47
SKU-0458,Rower stacjonarny XL,Sport i rekreacja,2025-02-01,146,190.2
SKU-0458,Rower stacjonarny XL,Sport i rekreacja,2025-03-01,0,185.63
SKU-0458,Rower stacjonarny XL,Sport i rekreacja,2025-04-01,95,197.61
SKU-0458,Rower stacjonarny XL,Sport i rekreacja,2025-05-01,30,193.69
SKU-0458,Rower stacjonarny XL,Sport i rekreacja,2025-06-01,112,197.65
SKU-0458,Rower stacjonarny XL,Sport i rekreacja,2025-07-01,0,191.44
SKU-0458,Rower stacjonarny XL,Sport i rekreacja,2025-08-01,4,185.5
SKU-0458,Rower stacjonarny XL,Sport i rekreacja,2025-09-01,0,189.16
SKU-0458,Rower stacjonarny XL,Sport i rekreacja,2025-10-01,193,187.76
SKU-0458,Rower stacjonarny XL,Sport i rekreacja,2025-11-01,135,181.52
SKU-0458,Rower stacjonarny XL,Sport i rekreacja,2025-12-01,265,198.09
SKU-0458,Rower stacjonarny XL,Sport i rekreacja,2026-01-01,257,193.16
SKU-0458,Rower stacjonarny XL,Sport i rekreacja,2026-02-01,178,180.46
SKU-0458,Rower stacjonarny XL,Sport i rekreacja,2026-03-01,184,198.27
SKU-0458,Rower stacjonarny XL,Sport i rekreacja,2026-04-01,0,193.79
SKU-0458,Rower stacjonarny XL,Sport i rekreacja,2026-05-01,0,196.8
SKU-0458,Rower stacjonarny XL,Sport i rekreacja,2026-06-01,0,192.72
SKU-0458,Rower stacjonarny XL,Sport i rekreacja,2026-07-01,0,189.6
SKU-0459,Mikser ręczny Mini,AGD,2024-08-01,6,495.06
SKU-0459,Mikser ręczny Mini,AGD,2024-09-01,6,503.09
SKU-0459,Mikser ręczny Mini,AGD,2024-10-01,6,483.86
SKU-0459,Mikser ręczny Mini,AGD,2024-11-01,6,457.32
SKU-0459,Mikser ręczny Mini,AGD,2024-12-01,6,497.03
SKU-0459,Mikser ręczny Mini,AGD,2025-01-01,4,467.41
SKU-0459,Mikser ręczny Mini,AGD,2025-02-01,5,475.75
SKU-0459,Mikser ręczny Mini,AGD,2025-03-01,5,499.72
SKU-0459,Mikser ręczny Mini,AGD,2025-04-01,5,487.46
SKU-0459,Mikser ręczny Mini,AGD,2025-05-01,6,459.75
SKU-0459,Mikser ręczny Mini,AGD,2025-06-01,5,497.11
SKU-0459,Mikser ręczny Mini,AGD,2025-07-01,6,458.47
SKU-0459,Mikser ręczny Mini,AGD,2025-08-01,7,463.24
SKU-0459,Mikser ręczny Mini,AGD,2025-09-01,6,499.53
SKU-0459,Mikser ręczny Mini,AGD,2025-10-01,7,459.59
SKU-0459,Mikser ręczny Mini,AGD,2025-11-01,6,473.25
SKU-0459,Mikser ręczny Mini,AGD,2025-12-01,5,462.98
SKU-0459,Mikser ręczny Mini,AGD,2026-01-01,5,468.89
SKU-0459,Mikser ręczny Mini,AGD,2026-02-01,5,456.3
SKU-0459,Mikser ręczny Mini,AGD,2026-03-01,5,489.75
SKU-0459,Mikser ręczny Mini,AGD,2026-04-01,6,493.76
SKU-0459,Mikser ręczny Mini,AGD,2026-05-01,6,484.49
SKU-0459,Mikser ręczny Mini,AGD,2026-06-01,5,483.86
SKU-0459,Mikser ręczny Mini,AGD,2026-07-01,6,484.37
SKU-0460,Kalkulator naukowy Premium,Artykuły biurowe,2024-08-01,1,53.78
SKU-0460,Kalkulator naukowy Premium,Artykuły biurowe,2024-09-01,1,52.2
SKU-0460,Kalkulator naukowy Premium,Artykuły biurowe,2024-10-01,1,51.89
SKU-0460,Kalkulator naukowy Premium,Artykuły biurowe,2024-11-01,1,52.13
SKU-0460,Kalkulator naukowy Premium,Artykuły biurowe,2024-12-01,1,51.1
SKU-0460,Kalkulator naukowy Premium,Artykuły biurowe,2025-01-01,1,50.3
SKU-0460,Kalkulator naukowy Premium,Artykuły biurowe,2025-02-01,1,49.34
SKU-0460,Kalkulator naukowy Premium,Artykuły biurowe,2025-03-01,1,52.08
SKU-0460,Kalkulator naukowy Premium,Artykuły biurowe,2025-04-01,1,50.04
SKU-0460,Kalkulator naukowy Premium,Artykuły biurowe,2025-05-01,1,51.61
SKU-0460,Kalkulator naukowy Premium,Artykuły biurowe,2025-06-01,1,50.65
SKU-0460,Kalkulator naukowy Premium,Artykuły biurowe,2025-07-01,1,53.99
SKU-0460,Kalkulator naukowy Premium,Artykuły biurowe,2025-08-01,1,49.17
SKU-0460,Kalkulator naukowy Premium,Artykuły biurowe,2025-09-01,1,53.8
SKU-0460,Kalkulator naukowy Premium,Artykuły biurowe,2025-10-01,1,51.29
SKU-0460,Kalkulator naukowy Premium,Artykuły biurowe,2025-11-01,1,50.74
SKU-0460,Kalkulator naukowy Premium,Artykuły biurowe,2025-12-01,1,49.73
SKU-0460,Kalkulator naukowy Premium,Artykuły biurowe,2026-01-01,1,54.05
SKU-0460,Kalkulator naukowy Premium,Artykuły biurowe,2026-02-01,1,51.01
SKU-0460,Kalkulator naukowy Premium,Artykuły biurowe,2026-03-01,1,51.77
SKU-0460,Kalkulator naukowy Premium,Artykuły biurowe,2026-04-01,1,50.21
SKU-0460,Kalkulator naukowy Premium,Artykuły biurowe,2026-05-01,2,50.63
SKU-0460,Kalkulator naukowy Premium,Artykuły biurowe,2026-06-01,1,50.04
SKU-0460,Kalkulator naukowy Premium,Artykuły biurowe,2026-07-01,1,50.23
SKU-0461,Balsam do ciała Pro,Kosmetyki,2024-08-01,49,62.97
SKU-0461,Balsam do ciała Pro,Kosmetyki,2024-09-01,0,65.95
SKU-0461,Balsam do ciała Pro,Kosmetyki,2024-10-01,32,66.38
SKU-0461,Balsam do ciała Pro,Kosmetyki,2024-11-01,30,62.73
SKU-0461,Balsam do ciała Pro,Kosmetyki,2024-12-01,108,63.13
SKU-0461,Balsam do ciała Pro,Kosmetyki,2025-01-01,86,65.5
SKU-0461,Balsam do ciała Pro,Kosmetyki,2025-02-01,69,66.42
SKU-0461,Balsam do ciała Pro,Kosmetyki,2025-03-01,0,63.21
SKU-0461,Balsam do ciała Pro,Kosmetyki,2025-04-01,10,66.37
SKU-0461,Balsam do ciała Pro,Kosmetyki,2025-05-01,167,66.14
SKU-0461,Balsam do ciała Pro,Kosmetyki,2025-06-01,68,61.76
SKU-0461,Balsam do ciała Pro,Kosmetyki,2025-07-01,0,61.71
SKU-0461,Balsam do ciała Pro,Kosmetyki,2025-08-01,0,67.17
SKU-0461,Balsam do ciała Pro,Kosmetyki,2025-09-01,29,64.79
SKU-0461,Balsam do ciała Pro,Kosmetyki,2025-10-01,27,64.09
SKU-0461,Balsam do ciała Pro,Kosmetyki,2025-11-01,0,62.01
SKU-0461,Balsam do ciała Pro,Kosmetyki,2025-12-01,22,67.51
SKU-0461,Balsam do ciała Pro,Kosmetyki,2026-01-01,0,64.59
SKU-0461,Balsam do ciała Pro,Kosmetyki,2026-02-01,26,67.3
SKU-0461,Balsam do ciała Pro,Kosmetyki,2026-03-01,0,61.72
SKU-0461,Balsam do ciała Pro,Kosmetyki,2026-04-01,40,63.44
SKU-0461,Balsam do ciała Pro,Kosmetyki,2026-05-01,59,66.69
SKU-0461,Balsam do ciała Pro,Kosmetyki,2026-06-01,4,63.41
SKU-0461,Balsam do ciała Pro,Kosmetyki,2026-07-01,0,64.83
SKU-0462,Płyn do spryskiwaczy Classic,Motoryzacja,2024-08-01,6,164.69
SKU-0462,Płyn do spryskiwaczy Classic,Motoryzacja,2024-09-01,5,166.63
SKU-0462,Płyn do spryskiwaczy Classic,Motoryzacja,2024-10-01,5,174.04
SKU-0462,Płyn do spryskiwaczy Classic,Motoryzacja,2024-11-01,5,162.31
SKU-0462,Płyn do spryskiwaczy Classic,Motoryzacja,2024-12-01,5,165.57
SKU-0462,Płyn do spryskiwaczy Classic,Motoryzacja,2025-01-01,5,175.11
SKU-0462,Płyn do spryskiwaczy Classic,Motoryzacja,2025-02-01,6,165.57
SKU-0462,Płyn do spryskiwaczy Classic,Motoryzacja,2025-03-01,6,165.15
SKU-0462,Płyn do spryskiwaczy Classic,Motoryzacja,2025-04-01,7,169.3
SKU-0462,Płyn do spryskiwaczy Classic,Motoryzacja,2025-05-01,6,173.58
SKU-0462,Płyn do spryskiwaczy Classic,Motoryzacja,2025-06-01,6,174.6
SKU-0462,Płyn do spryskiwaczy Classic,Motoryzacja,2025-07-01,6,167.41
SKU-0462,Płyn do spryskiwaczy Classic,Motoryzacja,2025-08-01,6,169.88
SKU-0462,Płyn do spryskiwaczy Classic,Motoryzacja,2025-09-01,5,161.99
SKU-0462,Płyn do spryskiwaczy Classic,Motoryzacja,2025-10-01,5,169.48
SKU-0462,Płyn do spryskiwaczy Classic,Motoryzacja,2025-11-01,4,164.36
SKU-0462,Płyn do spryskiwaczy Classic,Motoryzacja,2025-12-01,5,172.42
SKU-0462,Płyn do spryskiwaczy Classic,Motoryzacja,2026-01-01,5,167.63
SKU-0462,Płyn do spryskiwaczy Classic,Motoryzacja,2026-02-01,6,168.43
SKU-0462,Płyn do spryskiwaczy Classic,Motoryzacja,2026-03-01,6,164.99
SKU-0462,Płyn do spryskiwaczy Classic,Motoryzacja,2026-04-01,5,175.37
SKU-0462,Płyn do spryskiwaczy Classic,Motoryzacja,2026-05-01,6,163.05
SKU-0462,Płyn do spryskiwaczy Classic,Motoryzacja,2026-06-01,6,171.93
SKU-0462,Płyn do spryskiwaczy Classic,Motoryzacja,2026-07-01,5,173.12
SKU-0463,Herbata czarna 100g Plus,Spożywcze,2024-08-01,25,22.73
SKU-0463,Herbata czarna 100g Plus,Spożywcze,2024-09-01,25,23.34
SKU-0463,Herbata czarna 100g Plus,Spożywcze,2024-10-01,27,22.56
SKU-0463,Herbata czarna 100g Plus,Spożywcze,2024-11-01,20,23.69
SKU-0463,Herbata czarna 100g Plus,Spożywcze,2024-12-01,21,22.96
SKU-0463,Herbata czarna 100g Plus,Spożywcze,2025-01-01,20,23.39
SKU-0463,Herbata czarna 100g Plus,Spożywcze,2025-02-01,18,23.12
SKU-0463,Herbata czarna 100g Plus,Spożywcze,2025-03-01,22,24.0
SKU-0463,Herbata czarna 100g Plus,Spożywcze,2025-04-01,18,23.49
SKU-0463,Herbata czarna 100g Plus,Spożywcze,2025-05-01,23,23.21
SKU-0463,Herbata czarna 100g Plus,Spożywcze,2025-06-01,26,24.0
SKU-0463,Herbata czarna 100g Plus,Spożywcze,2025-07-01,28,21.89
SKU-0463,Herbata czarna 100g Plus,Spożywcze,2025-08-01,23,23.24
SKU-0463,Herbata czarna 100g Plus,Spożywcze,2025-09-01,24,23.84
SKU-0463,Herbata czarna 100g Plus,Spożywcze,2025-10-01,21,22.91
SKU-0463,Herbata czarna 100g Plus,Spożywcze,2025-11-01,24,21.85
SKU-0463,Herbata czarna 100g Plus,Spożywcze,2025-12-01,21,21.89
SKU-0463,Herbata czarna 100g Plus,Spożywcze,2026-01-01,19,22.47
SKU-0463,Herbata czarna 100g Plus,Spożywcze,2026-02-01,17,23.55
SKU-0463,Herbata czarna 100g Plus,Spożywcze,2026-03-01,19,21.9
SKU-0463,Herbata czarna 100g Plus,Spożywcze,2026-04-01,19,22.5
SKU-0463,Herbata czarna 100g Plus,Spożywcze,2026-05-01,21,21.85
SKU-0463,Herbata czarna 100g Plus,Spożywcze,2026-06-01,23,23.37
SKU-0463,Herbata czarna 100g Plus,Spożywcze,2026-07-01,25,23.24
SKU-0464,Olej silnikowy 5W40 Mini,Motoryzacja,2024-08-01,1,85.63
SKU-0464,Olej silnikowy 5W40 Mini,Motoryzacja,2024-09-01,1,79.95
SKU-0464,Olej silnikowy 5W40 Mini,Motoryzacja,2024-10-01,1,86.51
SKU-0464,Olej silnikowy 5W40 Mini,Motoryzacja,2024-11-01,1,84.16
SKU-0464,Olej silnikowy 5W40 Mini,Motoryzacja,2024-12-01,1,80.99
SKU-0464,Olej silnikowy 5W40 Mini,Motoryzacja,2025-01-01,1,85.72
SKU-0464,Olej silnikowy 5W40 Mini,Motoryzacja,2025-02-01,1,83.96
SKU-0464,Olej silnikowy 5W40 Mini,Motoryzacja,2025-03-01,1,86.97
SKU-0464,Olej silnikowy 5W40 Mini,Motoryzacja,2025-04-01,1,85.25
SKU-0464,Olej silnikowy 5W40 Mini,Motoryzacja,2025-05-01,1,83.66
SKU-0464,Olej silnikowy 5W40 Mini,Motoryzacja,2025-06-01,1,82.59
SKU-0464,Olej silnikowy 5W40 Mini,Motoryzacja,2025-07-01,1,79.14
SKU-0464,Olej silnikowy 5W40 Mini,Motoryzacja,2025-08-01,1,82.69
SKU-0464,Olej silnikowy 5W40 Mini,Motoryzacja,2025-09-01,1,79.18
SKU-0464,Olej silnikowy 5W40 Mini,Motoryzacja,2025-10-01,1,83.82
SKU-0464,Olej silnikowy 5W40 Mini,Motoryzacja,2025-11-01,1,80.71
SKU-0464,Olej silnikowy 5W40 Mini,Motoryzacja,2025-12-01,1,80.85
SKU-0464,Olej silnikowy 5W40 Mini,Motoryzacja,2026-01-01,1,85.05
SKU-0464,Olej silnikowy 5W40 Mini,Motoryzacja,2026-02-01,1,83.6
SKU-0464,Olej silnikowy 5W40 Mini,Motoryzacja,2026-03-01,1,85.87
SKU-0464,Olej silnikowy 5W40 Mini,Motoryzacja,2026-04-01,2,79.22
SKU-0464,Olej silnikowy 5W40 Mini,Motoryzacja,2026-05-01,1,80.02
SKU-0464,Olej silnikowy 5W40 Mini,Motoryzacja,2026-06-01,1,80.39
SKU-0464,Olej silnikowy 5W40 Mini,Motoryzacja,2026-07-01,2,86.17
SKU-0465,Kozaki zimowe,Obuwie,2024-08-01,74,111.88
SKU-0465,Kozaki zimowe,Obuwie,2024-09-01,84,104.33
SKU-0465,Kozaki zimowe,Obuwie,2024-10-01,0,106.41
SKU-0465,Kozaki zimowe,Obuwie,2024-11-01,63,109.6
SKU-0465,Kozaki zimowe,Obuwie,2024-12-01,0,110.99
SKU-0465,Kozaki zimowe,Obuwie,2025-01-01,12,104.07
SKU-0465,Kozaki zimowe,Obuwie,2025-02-01,25,108.99
SKU-0465,Kozaki zimowe,Obuwie,2025-03-01,58,104.21
SKU-0465,Kozaki zimowe,Obuwie,2025-04-01,52,111.09
SKU-0465,Kozaki zimowe,Obuwie,2025-05-01,0,109.75
SKU-0465,Kozaki zimowe,Obuwie,2025-06-01,52,108.25
SKU-0465,Kozaki zimowe,Obuwie,2025-07-01,70,111.93
SKU-0465,Kozaki zimowe,Obuwie,2025-08-01,13,107.96
SKU-0465,Kozaki zimowe,Obuwie,2025-09-01,0,113.86
SKU-0465,Kozaki zimowe,Obuwie,2025-10-01,0,106.22
SKU-0465,Kozaki zimowe,Obuwie,2025-11-01,18,111.2
SKU-0465,Kozaki zimowe,Obuwie,2025-12-01,10,114.4
SKU-0465,Kozaki zimowe,Obuwie,2026-01-01,0,112.75
SKU-0465,Kozaki zimowe,Obuwie,2026-02-01,0,104.71
SKU-0465,Kozaki zimowe,Obuwie,2026-03-01,22,113.58
SKU-0465,Kozaki zimowe,Obuwie,2026-04-01,95,112.94
SKU-0465,Kozaki zimowe,Obuwie,2026-05-01,53,106.6
SKU-0465,Kozaki zimowe,Obuwie,2026-06-01,128,111.53
SKU-0465,Kozaki zimowe,Obuwie,2026-07-01,29,113.32
SKU-0466,Grill węglowy Eco,Ogród,2024-08-01,48,426.67
SKU-0466,Grill węglowy Eco,Ogród,2024-09-01,32,416.1
SKU-0466,Grill węglowy Eco,Ogród,2024-10-01,42,450.91
SKU-0466,Grill węglowy Eco,Ogród,2024-11-01,0,431.99
SKU-0466,Grill węglowy Eco,Ogród,2024-12-01,53,418.5
SKU-0466,Grill węglowy Eco,Ogród,2025-01-01,29,442.15
SKU-0466,Grill węglowy Eco,Ogród,2025-02-01,38,420.49
SKU-0466,Grill węglowy Eco,Ogród,2025-03-01,18,420.38
SKU-0466,Grill węglowy Eco,Ogród,2025-04-01,46,421.38
SKU-0466,Grill węglowy Eco,Ogród,2025-05-01,23,420.6
SKU-0466,Grill węglowy Eco,Ogród,2025-06-01,20,420.74
SKU-0466,Grill węglowy Eco,Ogród,2025-07-01,1,441.99
SKU-0466,Grill węglowy Eco,Ogród,2025-08-01,61,418.77
SKU-0466,Grill węglowy Eco,Ogród,2025-09-01,7,411.45
SKU-0466,Grill węglowy Eco,Ogród,2025-10-01,11,439.65
SKU-0466,Grill węglowy Eco,Ogród,2025-11-01,1,435.95
SKU-0466,Grill węglowy Eco,Ogród,2025-12-01,0,451.57
SKU-0466,Grill węglowy Eco,Ogród,2026-01-01,55,413.38
SKU-0466,Grill węglowy Eco,Ogród,2026-02-01,2,418.43
SKU-0466,Grill węglowy Eco,Ogród,2026-03-01,32,413.76
SKU-0466,Grill węglowy Eco,Ogród,2026-04-01,0,450.64
SKU-0466,Grill węglowy Eco,Ogród,2026-05-01,46,451.77
SKU-0466,Grill węglowy Eco,Ogród,2026-06-01,0,413.92
SKU-0466,Grill węglowy Eco,Ogród,2026-07-01,0,437.59
SKU-0467,Puzzle 1000 elementów Eco,Zabawki,2024-08-01,66,214.16
SKU-0467,Puzzle 1000 elementów Eco,Zabawki,2024-09-01,35,195.63
SKU-0467,Puzzle 1000 elementów Eco,Zabawki,2024-10-01,33,204.36
SKU-0467,Puzzle 1000 elementów Eco,Zabawki,2024-11-01,32,194.62
SKU-0467,Puzzle 1000 elementów Eco,Zabawki,2024-12-01,14,206.17
SKU-0467,Puzzle 1000 elementów Eco,Zabawki,2025-01-01,69,208.68
SKU-0467,Puzzle 1000 elementów Eco,Zabawki,2025-02-01,82,196.83
SKU-0467,Puzzle 1000 elementów Eco,Zabawki,2025-03-01,62,208.53
SKU-0467,Puzzle 1000 elementów Eco,Zabawki,2025-04-01,89,197.06
SKU-0467,Puzzle 1000 elementów Eco,Zabawki,2025-05-01,110,201.55
SKU-0467,Puzzle 1000 elementów Eco,Zabawki,2025-06-01,86,204.38
SKU-0467,Puzzle 1000 elementów Eco,Zabawki,2025-07-01,68,201.05
SKU-0467,Puzzle 1000 elementów Eco,Zabawki,2025-08-01,68,201.75
SKU-0467,Puzzle 1000 elementów Eco,Zabawki,2025-09-01,44,198.18
SKU-0467,Puzzle 1000 elementów Eco,Zabawki,2025-10-01,43,208.7
SKU-0467,Puzzle 1000 elementów Eco,Zabawki,2025-11-01,35,197.81
SKU-0467,Puzzle 1000 elementów Eco,Zabawki,2025-12-01,43,201.79
SKU-0467,Puzzle 1000 elementów Eco,Zabawki,2026-01-01,66,212.08
SKU-0467,Puzzle 1000 elementów Eco,Zabawki,2026-02-01,66,206.53
SKU-0467,Puzzle 1000 elementów Eco,Zabawki,2026-03-01,107,211.65
SKU-0467,Puzzle 1000 elementów Eco,Zabawki,2026-04-01,108,214.17
SKU-0467,Puzzle 1000 elementów Eco,Zabawki,2026-05-01,111,195.03
SKU-0467,Puzzle 1000 elementów Eco,Zabawki,2026-06-01,102,201.43
SKU-0467,Puzzle 1000 elementów Eco,Zabawki,2026-07-01,104,205.2
SKU-0468,Lampa biurkowa Premium,Oświetlenie,2024-08-01,0,57.1
SKU-0468,Lampa biurkowa Premium,Oświetlenie,2024-09-01,2,59.48
SKU-0468,Lampa biurkowa Premium,Oświetlenie,2024-10-01,0,57.42
SKU-0468,Lampa biurkowa Premium,Oświetlenie,2024-11-01,0,58.42
SKU-0468,Lampa biurkowa Premium,Oświetlenie,2024-12-01,1,59.72
SKU-0468,Lampa biurkowa Premium,Oświetlenie,2025-01-01,0,59.37
SKU-0468,Lampa biurkowa Premium,Oświetlenie,2025-02-01,0,57.89
SKU-0468,Lampa biurkowa Premium,Oświetlenie,2025-03-01,0,55.89
SKU-0468,Lampa biurkowa Premium,Oświetlenie,2025-04-01,1,60.62
SKU-0468,Lampa biurkowa Premium,Oświetlenie,2025-05-01,0,57.63
SKU-0468,Lampa biurkowa Premium,Oświetlenie,2025-06-01,0,57.1
SKU-0468,Lampa biurkowa Premium,Oświetlenie,2025-07-01,1,58.55
SKU-0468,Lampa biurkowa Premium,Oświetlenie,2025-08-01,1,57.58
SKU-0468,Lampa biurkowa Premium,Oświetlenie,2025-09-01,0,56.77
SKU-0468,Lampa biurkowa Premium,Oświetlenie,2025-10-01,0,59.76
SKU-0468,Lampa biurkowa Premium,Oświetlenie,2025-11-01,1,59.38
SKU-0468,Lampa biurkowa Premium,Oświetlenie,2025-12-01,2,57.12
SKU-0468,Lampa biurkowa Premium,Oświetlenie,2026-01-01,0,56.33
SKU-0468,Lampa biurkowa Premium,Oświetlenie,2026-02-01,0,58.42
SKU-0468,Lampa biurkowa Premium,Oświetlenie,2026-03-01,1,61.23
SKU-0468,Lampa biurkowa Premium,Oświetlenie,2026-04-01,0,60.72
SKU-0468,Lampa biurkowa Premium,Oświetlenie,2026-05-01,1,59.34
SKU-0468,Lampa biurkowa Premium,Oświetlenie,2026-06-01,0,60.9
SKU-0468,Lampa biurkowa Premium,Oświetlenie,2026-07-01,0,55.76
SKU-0469,Płyn do spryskiwaczy,Motoryzacja,2024-08-01,1,71.77
SKU-0469,Płyn do spryskiwaczy,Motoryzacja,2024-09-01,3,71.89
SKU-0469,Płyn do spryskiwaczy,Motoryzacja,2024-10-01,2,74.42
SKU-0469,Płyn do spryskiwaczy,Motoryzacja,2024-11-01,1,70.52
SKU-0469,Płyn do spryskiwaczy,Motoryzacja,2024-12-01,1,71.74
SKU-0469,Płyn do spryskiwaczy,Motoryzacja,2025-01-01,0,73.37
SKU-0469,Płyn do spryskiwaczy,Motoryzacja,2025-02-01,0,76.12
SKU-0469,Płyn do spryskiwaczy,Motoryzacja,2025-03-01,1,73.03
SKU-0469,Płyn do spryskiwaczy,Motoryzacja,2025-04-01,1,71.84
SKU-0469,Płyn do spryskiwaczy,Motoryzacja,2025-05-01,2,71.33
SKU-0469,Płyn do spryskiwaczy,Motoryzacja,2025-06-01,0,72.96
SKU-0469,Płyn do spryskiwaczy,Motoryzacja,2025-07-01,0,71.0
SKU-0469,Płyn do spryskiwaczy,Motoryzacja,2025-08-01,0,77.16
SKU-0469,Płyn do spryskiwaczy,Motoryzacja,2025-09-01,0,74.85
SKU-0469,Płyn do spryskiwaczy,Motoryzacja,2025-10-01,0,72.59
SKU-0469,Płyn do spryskiwaczy,Motoryzacja,2025-11-01,1,72.55
SKU-0469,Płyn do spryskiwaczy,Motoryzacja,2025-12-01,0,70.85
SKU-0469,Płyn do spryskiwaczy,Motoryzacja,2026-01-01,1,70.08
SKU-0469,Płyn do spryskiwaczy,Motoryzacja,2026-02-01,2,75.38
SKU-0469,Płyn do spryskiwaczy,Motoryzacja,2026-03-01,1,73.35
SKU-0469,Płyn do spryskiwaczy,Motoryzacja,2026-04-01,1,74.79
SKU-0469,Płyn do spryskiwaczy,Motoryzacja,2026-05-01,0,73.3
SKU-0469,Płyn do spryskiwaczy,Motoryzacja,2026-06-01,2,73.79
SKU-0469,Płyn do spryskiwaczy,Motoryzacja,2026-07-01,1,70.17
SKU-0470,Maseczka do twarzy Compact,Kosmetyki,2024-08-01,3,62.49
SKU-0470,Maseczka do twarzy Compact,Kosmetyki,2024-09-01,14,61.98
SKU-0470,Maseczka do twarzy Compact,Kosmetyki,2024-10-01,26,66.87
SKU-0470,Maseczka do twarzy Compact,Kosmetyki,2024-11-01,44,65.78
SKU-0470,Maseczka do twarzy Compact,Kosmetyki,2024-12-01,46,62.46
SKU-0470,Maseczka do twarzy Compact,Kosmetyki,2025-01-01,52,63.37
SKU-0470,Maseczka do twarzy Compact,Kosmetyki,2025-02-01,29,67.98
SKU-0470,Maseczka do twarzy Compact,Kosmetyki,2025-03-01,35,62.3
SKU-0470,Maseczka do twarzy Compact,Kosmetyki,2025-04-01,28,62.73
SKU-0470,Maseczka do twarzy Compact,Kosmetyki,2025-05-01,19,67.54
SKU-0470,Maseczka do twarzy Compact,Kosmetyki,2025-06-01,5,66.09
SKU-0470,Maseczka do twarzy Compact,Kosmetyki,2025-07-01,1,63.89
SKU-0470,Maseczka do twarzy Compact,Kosmetyki,2025-08-01,4,65.3
SKU-0470,Maseczka do twarzy Compact,Kosmetyki,2025-09-01,13,66.6
SKU-0470,Maseczka do twarzy Compact,Kosmetyki,2025-10-01,24,65.61
SKU-0470,Maseczka do twarzy Compact,Kosmetyki,2025-11-01,33,63.4
SKU-0470,Maseczka do twarzy Compact,Kosmetyki,2025-12-01,72,65.08
SKU-0470,Maseczka do twarzy Compact,Kosmetyki,2026-01-01,57,65.25
SKU-0470,Maseczka do twarzy Compact,Kosmetyki,2026-02-01,48,63.93
SKU-0470,Maseczka do twarzy Compact,Kosmetyki,2026-03-01,53,64.77
SKU-0470,Maseczka do twarzy Compact,Kosmetyki,2026-04-01,39,62.21
SKU-0470,Maseczka do twarzy Compact,Kosmetyki,2026-05-01,13,67.09
SKU-0470,Maseczka do twarzy Compact,Kosmetyki,2026-06-01,5,61.8
SKU-0470,Maseczka do twarzy Compact,Kosmetyki,2026-07-01,1,66.8
SKU-0471,Suszarka do włosów Premium,AGD,2024-08-01,8,464.37
SKU-0471,Suszarka do włosów Premium,AGD,2024-09-01,17,445.58
SKU-0471,Suszarka do włosów Premium,AGD,2024-10-01,20,454.13
SKU-0471,Suszarka do włosów Premium,AGD,2024-11-01,58,432.67
SKU-0471,Suszarka do włosów Premium,AGD,2024-12-01,42,424.94
SKU-0471,Suszarka do włosów Premium,AGD,2025-01-01,21,428.74
SKU-0471,Suszarka do włosów Premium,AGD,2025-02-01,37,440.92
SKU-0471,Suszarka do włosów Premium,AGD,2025-03-01,28,434.42
SKU-0471,Suszarka do włosów Premium,AGD,2025-04-01,22,461.67
SKU-0471,Suszarka do włosów Premium,AGD,2025-05-01,13,439.69
SKU-0471,Suszarka do włosów Premium,AGD,2025-06-01,3,456.87
SKU-0471,Suszarka do włosów Premium,AGD,2025-07-01,3,464.82
SKU-0471,Suszarka do włosów Premium,AGD,2025-08-01,9,443.56
SKU-0471,Suszarka do włosów Premium,AGD,2025-09-01,23,431.91
SKU-0471,Suszarka do włosów Premium,AGD,2025-10-01,27,458.07
SKU-0471,Suszarka do włosów Premium,AGD,2025-11-01,48,447.07
SKU-0471,Suszarka do włosów Premium,AGD,2025-12-01,30,462.49
SKU-0471,Suszarka do włosów Premium,AGD,2026-01-01,64,440.94
SKU-0471,Suszarka do włosów Premium,AGD,2026-02-01,57,430.6
SKU-0471,Suszarka do włosów Premium,AGD,2026-03-01,33,462.78
SKU-0471,Suszarka do włosów Premium,AGD,2026-04-01,25,434.03
SKU-0471,Suszarka do włosów Premium,AGD,2026-05-01,8,425.51
SKU-0471,Suszarka do włosów Premium,AGD,2026-06-01,6,426.1
SKU-0471,Suszarka do włosów Premium,AGD,2026-07-01,2,434.01
SKU-0472,Osłona przeciwsłoneczna Advanced,Motoryzacja,2024-08-01,9,208.77
SKU-0472,Osłona przeciwsłoneczna Advanced,Motoryzacja,2024-09-01,8,211.88
SKU-0472,Osłona przeciwsłoneczna Advanced,Motoryzacja,2024-10-01,7,213.27
SKU-0472,Osłona przeciwsłoneczna Advanced,Motoryzacja,2024-11-01,9,202.96
SKU-0472,Osłona przeciwsłoneczna Advanced,Motoryzacja,2024-12-01,9,211.68
SKU-0472,Osłona przeciwsłoneczna Advanced,Motoryzacja,2025-01-01,9,213.18
SKU-0472,Osłona przeciwsłoneczna Advanced,Motoryzacja,2025-02-01,8,207.06
SKU-0472,Osłona przeciwsłoneczna Advanced,Motoryzacja,2025-03-01,8,201.67
SKU-0472,Osłona przeciwsłoneczna Advanced,Motoryzacja,2025-04-01,9,208.26
SKU-0472,Osłona przeciwsłoneczna Advanced,Motoryzacja,2025-05-01,10,202.94
SKU-0472,Osłona przeciwsłoneczna Advanced,Motoryzacja,2025-06-01,11,207.88
SKU-0472,Osłona przeciwsłoneczna Advanced,Motoryzacja,2025-07-01,10,194.36
SKU-0472,Osłona przeciwsłoneczna Advanced,Motoryzacja,2025-08-01,11,208.43
SKU-0472,Osłona przeciwsłoneczna Advanced,Motoryzacja,2025-09-01,12,208.4
SKU-0472,Osłona przeciwsłoneczna Advanced,Motoryzacja,2025-10-01,11,198.47
SKU-0472,Osłona przeciwsłoneczna Advanced,Motoryzacja,2025-11-01,11,213.27
SKU-0472,Osłona przeciwsłoneczna Advanced,Motoryzacja,2025-12-01,10,207.18
SKU-0472,Osłona przeciwsłoneczna Advanced,Motoryzacja,2026-01-01,10,209.41
SKU-0472,Osłona przeciwsłoneczna Advanced,Motoryzacja,2026-02-01,10,207.77
SKU-0472,Osłona przeciwsłoneczna Advanced,Motoryzacja,2026-03-01,11,196.86
SKU-0472,Osłona przeciwsłoneczna Advanced,Motoryzacja,2026-04-01,11,213.3
SKU-0472,Osłona przeciwsłoneczna Advanced,Motoryzacja,2026-05-01,11,200.02
SKU-0472,Osłona przeciwsłoneczna Advanced,Motoryzacja,2026-06-01,12,211.71
SKU-0472,Osłona przeciwsłoneczna Advanced,Motoryzacja,2026-07-01,13,208.99
SKU-0473,Koszulka bawełniana Pro,Odzież,2024-08-01,40,166.36
SKU-0473,Koszulka bawełniana Pro,Odzież,2024-09-01,20,173.9
SKU-0473,Koszulka bawełniana Pro,Odzież,2024-10-01,6,176.24
SKU-0473,Koszulka bawełniana Pro,Odzież,2024-11-01,1,165.91
SKU-0473,Koszulka bawełniana Pro,Odzież,2024-12-01,6,171.06
SKU-0473,Koszulka bawełniana Pro,Odzież,2025-01-01,14,172.35
SKU-0473,Koszulka bawełniana Pro,Odzież,2025-02-01,36,181.39
SKU-0473,Koszulka bawełniana Pro,Odzież,2025-03-01,32,170.3
SKU-0473,Koszulka bawełniana Pro,Odzież,2025-04-01,49,166.48
SKU-0473,Koszulka bawełniana Pro,Odzież,2025-05-01,82,181.41
SKU-0473,Koszulka bawełniana Pro,Odzież,2025-06-01,67,180.28
SKU-0473,Koszulka bawełniana Pro,Odzież,2025-07-01,45,173.1
SKU-0473,Koszulka bawełniana Pro,Odzież,2025-08-01,31,175.7
SKU-0473,Koszulka bawełniana Pro,Odzież,2025-09-01,16,172.59
SKU-0473,Koszulka bawełniana Pro,Odzież,2025-10-01,7,179.58
SKU-0473,Koszulka bawełniana Pro,Odzież,2025-11-01,1,168.57
SKU-0473,Koszulka bawełniana Pro,Odzież,2025-12-01,6,179.07
SKU-0473,Koszulka bawełniana Pro,Odzież,2026-01-01,21,171.09
SKU-0473,Koszulka bawełniana Pro,Odzież,2026-02-01,28,174.65
SKU-0473,Koszulka bawełniana Pro,Odzież,2026-03-01,52,175.74
SKU-0473,Koszulka bawełniana Pro,Odzież,2026-04-01,57,180.27
SKU-0473,Koszulka bawełniana Pro,Odzież,2026-05-01,73,172.7
SKU-0473,Koszulka bawełniana Pro,Odzież,2026-06-01,75,169.62
SKU-0473,Koszulka bawełniana Pro,Odzież,2026-07-01,69,172.59
SKU-0474,Kalkulator naukowy Compact,Artykuły biurowe,2024-08-01,0,11.6
SKU-0474,Kalkulator naukowy Compact,Artykuły biurowe,2024-09-01,0,11.74
SKU-0474,Kalkulator naukowy Compact,Artykuły biurowe,2024-10-01,40,10.96
SKU-0474,Kalkulator naukowy Compact,Artykuły biurowe,2024-11-01,28,11.04
SKU-0474,Kalkulator naukowy Compact,Artykuły biurowe,2024-12-01,14,10.98
SKU-0474,Kalkulator naukowy Compact,Artykuły biurowe,2025-01-01,0,11.99
SKU-0474,Kalkulator naukowy Compact,Artykuły biurowe,2025-02-01,0,11.93
SKU-0474,Kalkulator naukowy Compact,Artykuły biurowe,2025-03-01,28,11.87
SKU-0474,Kalkulator naukowy Compact,Artykuły biurowe,2025-04-01,0,11.91
SKU-0474,Kalkulator naukowy Compact,Artykuły biurowe,2025-05-01,37,11.38
SKU-0474,Kalkulator naukowy Compact,Artykuły biurowe,2025-06-01,66,11.73
SKU-0474,Kalkulator naukowy Compact,Artykuły biurowe,2025-07-01,1,11.15
SKU-0474,Kalkulator naukowy Compact,Artykuły biurowe,2025-08-01,54,11.02
SKU-0474,Kalkulator naukowy Compact,Artykuły biurowe,2025-09-01,0,11.67
SKU-0474,Kalkulator naukowy Compact,Artykuły biurowe,2025-10-01,43,11.78
SKU-0474,Kalkulator naukowy Compact,Artykuły biurowe,2025-11-01,0,11.21
SKU-0474,Kalkulator naukowy Compact,Artykuły biurowe,2025-12-01,5,11.86
SKU-0474,Kalkulator naukowy Compact,Artykuły biurowe,2026-01-01,0,11.07
SKU-0474,Kalkulator naukowy Compact,Artykuły biurowe,2026-02-01,0,11.67
SKU-0474,Kalkulator naukowy Compact,Artykuły biurowe,2026-03-01,12,11.59
SKU-0474,Kalkulator naukowy Compact,Artykuły biurowe,2026-04-01,22,10.93
SKU-0474,Kalkulator naukowy Compact,Artykuły biurowe,2026-05-01,0,11.36
SKU-0474,Kalkulator naukowy Compact,Artykuły biurowe,2026-06-01,22,11.24
SKU-0474,Kalkulator naukowy Compact,Artykuły biurowe,2026-07-01,33,11.5
SKU-0475,Kabel USB-C,Elektronika,2024-08-01,8,338.33
SKU-0475,Kabel USB-C,Elektronika,2024-09-01,8,345.47
SKU-0475,Kabel USB-C,Elektronika,2024-10-01,9,327.86
SKU-0475,Kabel USB-C,Elektronika,2024-11-01,8,346.52
SKU-0475,Kabel USB-C,Elektronika,2024-12-01,10,354.08
SKU-0475,Kabel USB-C,Elektronika,2025-01-01,10,340.9
SKU-0475,Kabel USB-C,Elektronika,2025-02-01,10,333.87
SKU-0475,Kabel USB-C,Elektronika,2025-03-01,9,342.44
SKU-0475,Kabel USB-C,Elektronika,2025-04-01,8,337.93
SKU-0475,Kabel USB-C,Elektronika,2025-05-01,10,323.68
SKU-0475,Kabel USB-C,Elektronika,2025-06-01,9,355.13
SKU-0475,Kabel USB-C,Elektronika,2025-07-01,8,342.3
SKU-0475,Kabel USB-C,Elektronika,2025-08-01,8,333.39
SKU-0475,Kabel USB-C,Elektronika,2025-09-01,6,325.23
SKU-0475,Kabel USB-C,Elektronika,2025-10-01,9,348.06
SKU-0475,Kabel USB-C,Elektronika,2025-11-01,10,330.97
SKU-0475,Kabel USB-C,Elektronika,2025-12-01,10,333.72
SKU-0475,Kabel USB-C,Elektronika,2026-01-01,10,348.43
SKU-0475,Kabel USB-C,Elektronika,2026-02-01,10,346.55
SKU-0475,Kabel USB-C,Elektronika,2026-03-01,12,329.9
SKU-0475,Kabel USB-C,Elektronika,2026-04-01,9,356.49
SKU-0475,Kabel USB-C,Elektronika,2026-05-01,9,349.29
SKU-0475,Kabel USB-C,Elektronika,2026-06-01,10,323.53
SKU-0475,Kabel USB-C,Elektronika,2026-07-01,9,343.8
SKU-0476,Kosiarka elektryczna Pro,Ogród,2024-08-01,14,587.9
SKU-0476,Kosiarka elektryczna Pro,Ogród,2024-09-01,15,593.51
SKU-0476,Kosiarka elektryczna Pro,Ogród,2024-10-01,14,581.07
SKU-0476,Kosiarka elektryczna Pro,Ogród,2024-11-01,16,602.68
SKU-0476,Kosiarka elektryczna Pro,Ogród,2024-12-01,19,563.76
SKU-0476,Kosiarka elektryczna Pro,Ogród,2025-01-01,18,568.25
SKU-0476,Kosiarka elektryczna Pro,Ogród,2025-02-01,20,601.73
SKU-0476,Kosiarka elektryczna Pro,Ogród,2025-03-01,18,590.07
SKU-0476,Kosiarka elektryczna Pro,Ogród,2025-04-01,20,554.06
SKU-0476,Kosiarka elektryczna Pro,Ogród,2025-05-01,17,599.71
SKU-0476,Kosiarka elektryczna Pro,Ogród,2025-06-01,20,609.44
SKU-0476,Kosiarka elektryczna Pro,Ogród,2025-07-01,20,572.1
SKU-0476,Kosiarka elektryczna Pro,Ogród,2025-08-01,16,603.96
SKU-0476,Kosiarka elektryczna Pro,Ogród,2025-09-01,20,597.05
SKU-0476,Kosiarka elektryczna Pro,Ogród,2025-10-01,19,579.66
SKU-0476,Kosiarka elektryczna Pro,Ogród,2025-11-01,20,573.7
SKU-0476,Kosiarka elektryczna Pro,Ogród,2025-12-01,20,557.9
SKU-0476,Kosiarka elektryczna Pro,Ogród,2026-01-01,25,553.57
SKU-0476,Kosiarka elektryczna Pro,Ogród,2026-02-01,26,587.22
SKU-0476,Kosiarka elektryczna Pro,Ogród,2026-03-01,23,560.23
SKU-0476,Kosiarka elektryczna Pro,Ogród,2026-04-01,25,560.22
SKU-0476,Kosiarka elektryczna Pro,Ogród,2026-05-01,21,594.28
SKU-0476,Kosiarka elektryczna Pro,Ogród,2026-06-01,25,600.6
SKU-0476,Kosiarka elektryczna Pro,Ogród,2026-07-01,20,580.21
SKU-0477,Młotek stolarski Pro,Narzędzia,2024-08-01,6,145.02
SKU-0477,Młotek stolarski Pro,Narzędzia,2024-09-01,11,151.94
SKU-0477,Młotek stolarski Pro,Narzędzia,2024-10-01,11,139.7
SKU-0477,Młotek stolarski Pro,Narzędzia,2024-11-01,22,142.14
SKU-0477,Młotek stolarski Pro,Narzędzia,2024-12-01,15,150.66
SKU-0477,Młotek stolarski Pro,Narzędzia,2025-01-01,22,149.25
SKU-0477,Młotek stolarski Pro,Narzędzia,2025-02-01,23,151.47
SKU-0477,Młotek stolarski Pro,Narzędzia,2025-03-01,9,152.29
SKU-0477,Młotek stolarski Pro,Narzędzia,2025-04-01,10,150.59
SKU-0477,Młotek stolarski Pro,Narzędzia,2025-05-01,8,152.2
SKU-0477,Młotek stolarski Pro,Narzędzia,2025-06-01,8,147.06
SKU-0477,Młotek stolarski Pro,Narzędzia,2025-07-01,5,152.75
SKU-0477,Młotek stolarski Pro,Narzędzia,2025-08-01,7,144.57
SKU-0477,Młotek stolarski Pro,Narzędzia,2025-09-01,10,139.13
SKU-0477,Młotek stolarski Pro,Narzędzia,2025-10-01,14,139.45
SKU-0477,Młotek stolarski Pro,Narzędzia,2025-11-01,15,152.52
SKU-0477,Młotek stolarski Pro,Narzędzia,2025-12-01,16,144.93
SKU-0477,Młotek stolarski Pro,Narzędzia,2026-01-01,23,145.24
SKU-0477,Młotek stolarski Pro,Narzędzia,2026-02-01,14,139.39
SKU-0477,Młotek stolarski Pro,Narzędzia,2026-03-01,8,145.33
SKU-0477,Młotek stolarski Pro,Narzędzia,2026-04-01,8,149.75
SKU-0477,Młotek stolarski Pro,Narzędzia,2026-05-01,4,145.88
SKU-0477,Młotek stolarski Pro,Narzędzia,2026-06-01,6,147.27
SKU-0477,Młotek stolarski Pro,Narzędzia,2026-07-01,6,139.04
SKU-0478,Piłka do piłki nożnej,Sport i rekreacja,2024-08-01,43,163.8
SKU-0478,Piłka do piłki nożnej,Sport i rekreacja,2024-09-01,53,163.53
SKU-0478,Piłka do piłki nożnej,Sport i rekreacja,2024-10-01,49,162.73
SKU-0478,Piłka do piłki nożnej,Sport i rekreacja,2024-11-01,50,160.85
SKU-0478,Piłka do piłki nożnej,Sport i rekreacja,2024-12-01,54,167.95
SKU-0478,Piłka do piłki nożnej,Sport i rekreacja,2025-01-01,60,174.33
SKU-0478,Piłka do piłki nożnej,Sport i rekreacja,2025-02-01,61,176.69
SKU-0478,Piłka do piłki nożnej,Sport i rekreacja,2025-03-01,68,164.56
SKU-0478,Piłka do piłki nożnej,Sport i rekreacja,2025-04-01,67,167.18
SKU-0478,Piłka do piłki nożnej,Sport i rekreacja,2025-05-01,59,164.18
SKU-0478,Piłka do piłki nożnej,Sport i rekreacja,2025-06-01,63,162.59
SKU-0478,Piłka do piłki nożnej,Sport i rekreacja,2025-07-01,54,167.65
SKU-0478,Piłka do piłki nożnej,Sport i rekreacja,2025-08-01,60,170.11
SKU-0478,Piłka do piłki nożnej,Sport i rekreacja,2025-09-01,54,161.64
SKU-0478,Piłka do piłki nożnej,Sport i rekreacja,2025-10-01,51,170.32
SKU-0478,Piłka do piłki nożnej,Sport i rekreacja,2025-11-01,71,163.78
SKU-0478,Piłka do piłki nożnej,Sport i rekreacja,2025-12-01,70,167.3
SKU-0478,Piłka do piłki nożnej,Sport i rekreacja,2026-01-01,73,167.86
SKU-0478,Piłka do piłki nożnej,Sport i rekreacja,2026-02-01,68,161.77
SKU-0478,Piłka do piłki nożnej,Sport i rekreacja,2026-03-01,89,164.29
SKU-0478,Piłka do piłki nożnej,Sport i rekreacja,2026-04-01,81,163.66
SKU-0478,Piłka do piłki nożnej,Sport i rekreacja,2026-05-01,79,170.29
SKU-0478,Piłka do piłki nożnej,Sport i rekreacja,2026-06-01,67,169.46
SKU-0478,Piłka do piłki nożnej,Sport i rekreacja,2026-07-01,60,165.6
SKU-0479,Dezodorant w kulce Eco,Kosmetyki,2024-08-01,0,35.2
SKU-0479,Dezodorant w kulce Eco,Kosmetyki,2024-09-01,55,35.85
SKU-0479,Dezodorant w kulce Eco,Kosmetyki,2024-10-01,0,35.44
SKU-0479,Dezodorant w kulce Eco,Kosmetyki,2024-11-01,40,36.86
SKU-0479,Dezodorant w kulce Eco,Kosmetyki,2024-12-01,0,35.02
SKU-0479,Dezodorant w kulce Eco,Kosmetyki,2025-01-01,46,34.41
SKU-0479,Dezodorant w kulce Eco,Kosmetyki,2025-02-01,0,37.67
SKU-0479,Dezodorant w kulce Eco,Kosmetyki,2025-03-01,25,37.25
SKU-0479,Dezodorant w kulce Eco,Kosmetyki,2025-04-01,21,35.16
SKU-0479,Dezodorant w kulce Eco,Kosmetyki,2025-05-01,0,36.68
SKU-0479,Dezodorant w kulce Eco,Kosmetyki,2025-06-01,0,37.3
SKU-0479,Dezodorant w kulce Eco,Kosmetyki,2025-07-01,17,36.58
SKU-0479,Dezodorant w kulce Eco,Kosmetyki,2025-08-01,81,36.08
SKU-0479,Dezodorant w kulce Eco,Kosmetyki,2025-09-01,15,34.67
SKU-0479,Dezodorant w kulce Eco,Kosmetyki,2025-10-01,0,37.56
SKU-0479,Dezodorant w kulce Eco,Kosmetyki,2025-11-01,47,35.77
SKU-0479,Dezodorant w kulce Eco,Kosmetyki,2025-12-01,0,35.28
SKU-0479,Dezodorant w kulce Eco,Kosmetyki,2026-01-01,58,37.55
SKU-0479,Dezodorant w kulce Eco,Kosmetyki,2026-02-01,0,36.9
SKU-0479,Dezodorant w kulce Eco,Kosmetyki,2026-03-01,0,35.83
SKU-0479,Dezodorant w kulce Eco,Kosmetyki,2026-04-01,44,37.23
SKU-0479,Dezodorant w kulce Eco,Kosmetyki,2026-05-01,34,34.56
SKU-0479,Dezodorant w kulce Eco,Kosmetyki,2026-06-01,17,35.29
SKU-0479,Dezodorant w kulce Eco,Kosmetyki,2026-07-01,26,37.84
SKU-0480,Poziomica 60cm Mini,Narzędzia,2024-08-01,211,59.04
SKU-0480,Poziomica 60cm Mini,Narzędzia,2024-09-01,168,62.43
SKU-0480,Poziomica 60cm Mini,Narzędzia,2024-10-01,114,60.31
SKU-0480,Poziomica 60cm Mini,Narzędzia,2024-11-01,57,62.55
SKU-0480,Poziomica 60cm Mini,Narzędzia,2024-12-01,83,62.93
SKU-0480,Poziomica 60cm Mini,Narzędzia,2025-01-01,32,61.69
SKU-0480,Poziomica 60cm Mini,Narzędzia,2025-02-01,34,60.35
SKU-0480,Poziomica 60cm Mini,Narzędzia,2025-03-01,51,57.88
SKU-0480,Poziomica 60cm Mini,Narzędzia,2025-04-01,85,59.31
SKU-0480,Poziomica 60cm Mini,Narzędzia,2025-05-01,115,60.21
SKU-0480,Poziomica 60cm Mini,Narzędzia,2025-06-01,180,57.59
SKU-0480,Poziomica 60cm Mini,Narzędzia,2025-07-01,235,60.02
SKU-0480,Poziomica 60cm Mini,Narzędzia,2025-08-01,261,58.94
SKU-0480,Poziomica 60cm Mini,Narzędzia,2025-09-01,239,57.26
SKU-0480,Poziomica 60cm Mini,Narzędzia,2025-10-01,164,58.29
SKU-0480,Poziomica 60cm Mini,Narzędzia,2025-11-01,98,57.48
SKU-0480,Poziomica 60cm Mini,Narzędzia,2025-12-01,56,60.01
SKU-0480,Poziomica 60cm Mini,Narzędzia,2026-01-01,29,58.94
SKU-0480,Poziomica 60cm Mini,Narzędzia,2026-02-01,48,58.33
SKU-0480,Poziomica 60cm Mini,Narzędzia,2026-03-01,72,60.22
SKU-0480,Poziomica 60cm Mini,Narzędzia,2026-04-01,119,61.35
SKU-0480,Poziomica 60cm Mini,Narzędzia,2026-05-01,144,59.93
SKU-0480,Poziomica 60cm Mini,Narzędzia,2026-06-01,208,59.18
SKU-0480,Poziomica 60cm Mini,Narzędzia,2026-07-01,200,57.29
SKU-0481,Grill węglowy Advanced,Ogród,2024-08-01,25,389.82
SKU-0481,Grill węglowy Advanced,Ogród,2024-09-01,28,361.8
SKU-0481,Grill węglowy Advanced,Ogród,2024-10-01,49,380.17
SKU-0481,Grill węglowy Advanced,Ogród,2024-11-01,41,365.26
SKU-0481,Grill węglowy Advanced,Ogród,2024-12-01,55,378.92
SKU-0481,Grill węglowy Advanced,Ogród,2025-01-01,65,365.07
SKU-0481,Grill węglowy Advanced,Ogród,2025-02-01,57,374.21
SKU-0481,Grill węglowy Advanced,Ogród,2025-03-01,77,388.22
SKU-0481,Grill węglowy Advanced,Ogród,2025-04-01,31,365.24
SKU-0481,Grill węglowy Advanced,Ogród,2025-05-01,48,360.65
SKU-0481,Grill węglowy Advanced,Ogród,2025-06-01,33,360.62
SKU-0481,Grill węglowy Advanced,Ogród,2025-07-01,21,376.66
SKU-0481,Grill węglowy Advanced,Ogród,2025-08-01,23,369.12
SKU-0481,Grill węglowy Advanced,Ogród,2025-09-01,22,377.95
SKU-0481,Grill węglowy Advanced,Ogród,2025-10-01,37,376.45
SKU-0481,Grill węglowy Advanced,Ogród,2025-11-01,47,390.49
SKU-0481,Grill węglowy Advanced,Ogród,2025-12-01,25,361.92
SKU-0481,Grill węglowy Advanced,Ogród,2026-01-01,60,381.33
SKU-0481,Grill węglowy Advanced,Ogród,2026-02-01,48,370.9
SKU-0481,Grill węglowy Advanced,Ogród,2026-03-01,58,371.88
SKU-0481,Grill węglowy Advanced,Ogród,2026-04-01,55,376.34
SKU-0481,Grill węglowy Advanced,Ogród,2026-05-01,34,382.08
SKU-0481,Grill węglowy Advanced,Ogród,2026-06-01,25,366.91
SKU-0481,Grill węglowy Advanced,Ogród,2026-07-01,21,366.1
SKU-0482,Koszulka bawełniana Premium,Odzież,2024-08-01,4,99.4
SKU-0482,Koszulka bawełniana Premium,Odzież,2024-09-01,6,95.96
SKU-0482,Koszulka bawełniana Premium,Odzież,2024-10-01,3,101.52
SKU-0482,Koszulka bawełniana Premium,Odzież,2024-11-01,5,96.38
SKU-0482,Koszulka bawełniana Premium,Odzież,2024-12-01,5,96.73
SKU-0482,Koszulka bawełniana Premium,Odzież,2025-01-01,4,95.14
SKU-0482,Koszulka bawełniana Premium,Odzież,2025-02-01,3,94.71
SKU-0482,Koszulka bawełniana Premium,Odzież,2025-03-01,1,97.86
SKU-0482,Koszulka bawełniana Premium,Odzież,2025-04-01,1,99.7
SKU-0482,Koszulka bawełniana Premium,Odzież,2025-05-01,1,93.47
SKU-0482,Koszulka bawełniana Premium,Odzież,2025-06-01,1,95.16
SKU-0482,Koszulka bawełniana Premium,Odzież,2025-07-01,2,100.66
SKU-0482,Koszulka bawełniana Premium,Odzież,2025-08-01,3,102.38
SKU-0482,Koszulka bawełniana Premium,Odzież,2025-09-01,6,95.73
SKU-0482,Koszulka bawełniana Premium,Odzież,2025-10-01,6,102.49
SKU-0482,Koszulka bawełniana Premium,Odzież,2025-11-01,5,97.27
SKU-0482,Koszulka bawełniana Premium,Odzież,2025-12-01,4,94.93
SKU-0482,Koszulka bawełniana Premium,Odzież,2026-01-01,3,94.77
SKU-0482,Koszulka bawełniana Premium,Odzież,2026-02-01,1,101.14
SKU-0482,Koszulka bawełniana Premium,Odzież,2026-03-01,1,102.17
SKU-0482,Koszulka bawełniana Premium,Odzież,2026-04-01,1,99.58
SKU-0482,Koszulka bawełniana Premium,Odzież,2026-05-01,1,94.8
SKU-0482,Koszulka bawełniana Premium,Odzież,2026-06-01,2,99.3
SKU-0482,Koszulka bawełniana Premium,Odzież,2026-07-01,3,93.28
SKU-0483,Osłona przeciwsłoneczna Mini,Motoryzacja,2024-08-01,90,231.51
SKU-0483,Osłona przeciwsłoneczna Mini,Motoryzacja,2024-09-01,50,230.46
SKU-0483,Osłona przeciwsłoneczna Mini,Motoryzacja,2024-10-01,33,236.85
SKU-0483,Osłona przeciwsłoneczna Mini,Motoryzacja,2024-11-01,20,247.94
SKU-0483,Osłona przeciwsłoneczna Mini,Motoryzacja,2024-12-01,20,242.55
SKU-0483,Osłona przeciwsłoneczna Mini,Motoryzacja,2025-01-01,31,232.54
SKU-0483,Osłona przeciwsłoneczna Mini,Motoryzacja,2025-02-01,33,241.49
SKU-0483,Osłona przeciwsłoneczna Mini,Motoryzacja,2025-03-01,69,226.61
SKU-0483,Osłona przeciwsłoneczna Mini,Motoryzacja,2025-04-01,112,248.41
SKU-0483,Osłona przeciwsłoneczna Mini,Motoryzacja,2025-05-01,73,239.51
SKU-0483,Osłona przeciwsłoneczna Mini,Motoryzacja,2025-06-01,101,227.13
SKU-0483,Osłona przeciwsłoneczna Mini,Motoryzacja,2025-07-01,80,240.8
SKU-0483,Osłona przeciwsłoneczna Mini,Motoryzacja,2025-08-01,52,237.84
SKU-0483,Osłona przeciwsłoneczna Mini,Motoryzacja,2025-09-01,68,225.73
SKU-0483,Osłona przeciwsłoneczna Mini,Motoryzacja,2025-10-01,32,245.04
SKU-0483,Osłona przeciwsłoneczna Mini,Motoryzacja,2025-11-01,30,234.26
SKU-0483,Osłona przeciwsłoneczna Mini,Motoryzacja,2025-12-01,23,245.08
SKU-0483,Osłona przeciwsłoneczna Mini,Motoryzacja,2026-01-01,38,225.25
SKU-0483,Osłona przeciwsłoneczna Mini,Motoryzacja,2026-02-01,36,244.11
SKU-0483,Osłona przeciwsłoneczna Mini,Motoryzacja,2026-03-01,48,236.43
SKU-0483,Osłona przeciwsłoneczna Mini,Motoryzacja,2026-04-01,91,246.28
SKU-0483,Osłona przeciwsłoneczna Mini,Motoryzacja,2026-05-01,69,234.94
SKU-0483,Osłona przeciwsłoneczna Mini,Motoryzacja,2026-06-01,116,246.26
SKU-0483,Osłona przeciwsłoneczna Mini,Motoryzacja,2026-07-01,101,241.48
SKU-0484,Suszarka do włosów Pro,AGD,2024-08-01,43,106.26
SKU-0484,Suszarka do włosów Pro,AGD,2024-09-01,44,111.01
SKU-0484,Suszarka do włosów Pro,AGD,2024-10-01,39,102.73
SKU-0484,Suszarka do włosów Pro,AGD,2024-11-01,40,101.49
SKU-0484,Suszarka do włosów Pro,AGD,2024-12-01,43,102.74
SKU-0484,Suszarka do włosów Pro,AGD,2025-01-01,43,103.72
SKU-0484,Suszarka do włosów Pro,AGD,2025-02-01,44,101.2
SKU-0484,Suszarka do włosów Pro,AGD,2025-03-01,35,104.3
SKU-0484,Suszarka do włosów Pro,AGD,2025-04-01,53,108.53
SKU-0484,Suszarka do włosów Pro,AGD,2025-05-01,51,105.03
SKU-0484,Suszarka do włosów Pro,AGD,2025-06-01,52,105.18
SKU-0484,Suszarka do włosów Pro,AGD,2025-07-01,51,108.77
SKU-0484,Suszarka do włosów Pro,AGD,2025-08-01,51,110.49
SKU-0484,Suszarka do włosów Pro,AGD,2025-09-01,49,101.6
SKU-0484,Suszarka do włosów Pro,AGD,2025-10-01,52,101.66
SKU-0484,Suszarka do włosów Pro,AGD,2025-11-01,45,110.2
SKU-0484,Suszarka do włosów Pro,AGD,2025-12-01,47,108.5
SKU-0484,Suszarka do włosów Pro,AGD,2026-01-01,46,110.59
SKU-0484,Suszarka do włosów Pro,AGD,2026-02-01,65,104.43
SKU-0484,Suszarka do włosów Pro,AGD,2026-03-01,57,101.05
SKU-0484,Suszarka do włosów Pro,AGD,2026-04-01,55,101.27
SKU-0484,Suszarka do włosów Pro,AGD,2026-05-01,58,107.05
SKU-0484,Suszarka do włosów Pro,AGD,2026-06-01,57,105.08
SKU-0484,Suszarka do włosów Pro,AGD,2026-07-01,60,108.28
SKU-0485,Żarówka LED H7 Eco,Motoryzacja,2024-08-01,1,27.31
SKU-0485,Żarówka LED H7 Eco,Motoryzacja,2024-09-01,0,26.14
SKU-0485,Żarówka LED H7 Eco,Motoryzacja,2024-10-01,4,27.09
SKU-0485,Żarówka LED H7 Eco,Motoryzacja,2024-11-01,3,25.32
SKU-0485,Żarówka LED H7 Eco,Motoryzacja,2024-12-01,0,25.59
SKU-0485,Żarówka LED H7 Eco,Motoryzacja,2025-01-01,0,27.25
SKU-0485,Żarówka LED H7 Eco,Motoryzacja,2025-02-01,1,26.45
SKU-0485,Żarówka LED H7 Eco,Motoryzacja,2025-03-01,1,26.19
SKU-0485,Żarówka LED H7 Eco,Motoryzacja,2025-04-01,2,27.12
SKU-0485,Żarówka LED H7 Eco,Motoryzacja,2025-05-01,0,26.05
SKU-0485,Żarówka LED H7 Eco,Motoryzacja,2025-06-01,0,26.96
SKU-0485,Żarówka LED H7 Eco,Motoryzacja,2025-07-01,0,26.68
SKU-0485,Żarówka LED H7 Eco,Motoryzacja,2025-08-01,0,24.92
SKU-0485,Żarówka LED H7 Eco,Motoryzacja,2025-09-01,2,26.6
SKU-0485,Żarówka LED H7 Eco,Motoryzacja,2025-10-01,0,26.99
SKU-0485,Żarówka LED H7 Eco,Motoryzacja,2025-11-01,0,26.37
SKU-0485,Żarówka LED H7 Eco,Motoryzacja,2025-12-01,0,27.24
SKU-0485,Żarówka LED H7 Eco,Motoryzacja,2026-01-01,1,26.96
SKU-0485,Żarówka LED H7 Eco,Motoryzacja,2026-02-01,4,27.32
SKU-0485,Żarówka LED H7 Eco,Motoryzacja,2026-03-01,3,26.34
SKU-0485,Żarówka LED H7 Eco,Motoryzacja,2026-04-01,0,25.08
SKU-0485,Żarówka LED H7 Eco,Motoryzacja,2026-05-01,3,25.65
SKU-0485,Żarówka LED H7 Eco,Motoryzacja,2026-06-01,3,25.14
SKU-0485,Żarówka LED H7 Eco,Motoryzacja,2026-07-01,2,25.56
SKU-0486,Żarówka LED E27 Compact,Oświetlenie,2024-08-01,16,206.09
SKU-0486,Żarówka LED E27 Compact,Oświetlenie,2024-09-01,17,205.69
SKU-0486,Żarówka LED E27 Compact,Oświetlenie,2024-10-01,9,217.89
SKU-0486,Żarówka LED E27 Compact,Oświetlenie,2024-11-01,4,209.49
SKU-0486,Żarówka LED E27 Compact,Oświetlenie,2024-12-01,4,214.47
SKU-0486,Żarówka LED E27 Compact,Oświetlenie,2025-01-01,4,213.39
SKU-0486,Żarówka LED E27 Compact,Oświetlenie,2025-02-01,7,207.17
SKU-0486,Żarówka LED E27 Compact,Oświetlenie,2025-03-01,10,224.99
SKU-0486,Żarówka LED E27 Compact,Oświetlenie,2025-04-01,10,205.33
SKU-0486,Żarówka LED E27 Compact,Oświetlenie,2025-05-01,9,209.03
SKU-0486,Żarówka LED E27 Compact,Oświetlenie,2025-06-01,16,204.76
SKU-0486,Żarówka LED E27 Compact,Oświetlenie,2025-07-01,22,208.83
SKU-0486,Żarówka LED E27 Compact,Oświetlenie,2025-08-01,17,210.83
SKU-0486,Żarówka LED E27 Compact,Oświetlenie,2025-09-01,12,209.57
SKU-0486,Żarówka LED E27 Compact,Oświetlenie,2025-10-01,6,209.18
SKU-0486,Żarówka LED E27 Compact,Oświetlenie,2025-11-01,4,224.74
SKU-0486,Żarówka LED E27 Compact,Oświetlenie,2025-12-01,4,221.43
SKU-0486,Żarówka LED E27 Compact,Oświetlenie,2026-01-01,3,217.61
SKU-0486,Żarówka LED E27 Compact,Oświetlenie,2026-02-01,8,211.6
SKU-0486,Żarówka LED E27 Compact,Oświetlenie,2026-03-01,11,216.2
SKU-0486,Żarówka LED E27 Compact,Oświetlenie,2026-04-01,16,212.97
SKU-0486,Żarówka LED E27 Compact,Oświetlenie,2026-05-01,14,216.76
SKU-0486,Żarówka LED E27 Compact,Oświetlenie,2026-06-01,17,224.43
SKU-0486,Żarówka LED E27 Compact,Oświetlenie,2026-07-01,17,209.75
SKU-0487,Zeszyt A5 Pro,Artykuły biurowe,2024-08-01,1,13.79
SKU-0487,Zeszyt A5 Pro,Artykuły biurowe,2024-09-01,1,14.53
SKU-0487,Zeszyt A5 Pro,Artykuły biurowe,2024-10-01,1,14.39
SKU-0487,Zeszyt A5 Pro,Artykuły biurowe,2024-11-01,1,14.38
SKU-0487,Zeszyt A5 Pro,Artykuły biurowe,2024-12-01,1,14.38
SKU-0487,Zeszyt A5 Pro,Artykuły biurowe,2025-01-01,1,13.63
SKU-0487,Zeszyt A5 Pro,Artykuły biurowe,2025-02-01,1,14.3
SKU-0487,Zeszyt A5 Pro,Artykuły biurowe,2025-03-01,1,13.4
SKU-0487,Zeszyt A5 Pro,Artykuły biurowe,2025-04-01,1,13.73
SKU-0487,Zeszyt A5 Pro,Artykuły biurowe,2025-05-01,1,14.39
SKU-0487,Zeszyt A5 Pro,Artykuły biurowe,2025-06-01,1,14.3
SKU-0487,Zeszyt A5 Pro,Artykuły biurowe,2025-07-01,1,13.3
SKU-0487,Zeszyt A5 Pro,Artykuły biurowe,2025-08-01,1,13.93
SKU-0487,Zeszyt A5 Pro,Artykuły biurowe,2025-09-01,1,14.51
SKU-0487,Zeszyt A5 Pro,Artykuły biurowe,2025-10-01,1,13.86
SKU-0487,Zeszyt A5 Pro,Artykuły biurowe,2025-11-01,1,14.31
SKU-0487,Zeszyt A5 Pro,Artykuły biurowe,2025-12-01,1,13.4
SKU-0487,Zeszyt A5 Pro,Artykuły biurowe,2026-01-01,1,13.96
SKU-0487,Zeszyt A5 Pro,Artykuły biurowe,2026-02-01,1,13.44
SKU-0487,Zeszyt A5 Pro,Artykuły biurowe,2026-03-01,1,13.85
SKU-0487,Zeszyt A5 Pro,Artykuły biurowe,2026-04-01,1,13.29
SKU-0487,Zeszyt A5 Pro,Artykuły biurowe,2026-05-01,1,13.72
SKU-0487,Zeszyt A5 Pro,Artykuły biurowe,2026-06-01,1,14.41
SKU-0487,Zeszyt A5 Pro,Artykuły biurowe,2026-07-01,1,13.91
SKU-0488,Wiertarka udarowa Premium,Narzędzia,2024-08-01,8,77.1
SKU-0488,Wiertarka udarowa Premium,Narzędzia,2024-09-01,9,80.56
SKU-0488,Wiertarka udarowa Premium,Narzędzia,2024-10-01,7,77.71
SKU-0488,Wiertarka udarowa Premium,Narzędzia,2024-11-01,7,73.48
SKU-0488,Wiertarka udarowa Premium,Narzędzia,2024-12-01,7,74.58
SKU-0488,Wiertarka udarowa Premium,Narzędzia,2025-01-01,6,74.24
SKU-0488,Wiertarka udarowa Premium,Narzędzia,2025-02-01,6,78.46
SKU-0488,Wiertarka udarowa Premium,Narzędzia,2025-03-01,7,75.27
SKU-0488,Wiertarka udarowa Premium,Narzędzia,2025-04-01,7,78.92
SKU-0488,Wiertarka udarowa Premium,Narzędzia,2025-05-01,7,79.13
SKU-0488,Wiertarka udarowa Premium,Narzędzia,2025-06-01,8,80.78
SKU-0488,Wiertarka udarowa Premium,Narzędzia,2025-07-01,8,75.37
SKU-0488,Wiertarka udarowa Premium,Narzędzia,2025-08-01,8,80.45
SKU-0488,Wiertarka udarowa Premium,Narzędzia,2025-09-01,7,75.39
SKU-0488,Wiertarka udarowa Premium,Narzędzia,2025-10-01,6,73.43
SKU-0488,Wiertarka udarowa Premium,Narzędzia,2025-11-01,6,79.1
SKU-0488,Wiertarka udarowa Premium,Narzędzia,2025-12-01,5,77.38
SKU-0488,Wiertarka udarowa Premium,Narzędzia,2026-01-01,6,77.97
SKU-0488,Wiertarka udarowa Premium,Narzędzia,2026-02-01,6,73.43
SKU-0488,Wiertarka udarowa Premium,Narzędzia,2026-03-01,6,80.26
SKU-0488,Wiertarka udarowa Premium,Narzędzia,2026-04-01,6,77.97
SKU-0488,Wiertarka udarowa Premium,Narzędzia,2026-05-01,7,79.28
SKU-0488,Wiertarka udarowa Premium,Narzędzia,2026-06-01,7,74.97
SKU-0488,Wiertarka udarowa Premium,Narzędzia,2026-07-01,7,74.46
SKU-0489,Płatki śniadaniowe XL,Spożywcze,2024-08-01,66,31.83
SKU-0489,Płatki śniadaniowe XL,Spożywcze,2024-09-01,67,32.71
SKU-0489,Płatki śniadaniowe XL,Spożywcze,2024-10-01,68,32.4
SKU-0489,Płatki śniadaniowe XL,Spożywcze,2024-11-01,61,30.15
SKU-0489,Płatki śniadaniowe XL,Spożywcze,2024-12-01,64,31.46
SKU-0489,Płatki śniadaniowe XL,Spożywcze,2025-01-01,64,29.63
SKU-0489,Płatki śniadaniowe XL,Spożywcze,2025-02-01,55,32.53
SKU-0489,Płatki śniadaniowe XL,Spożywcze,2025-03-01,66,31.7
SKU-0489,Płatki śniadaniowe XL,Spożywcze,2025-04-01,64,31.23
SKU-0489,Płatki śniadaniowe XL,Spożywcze,2025-05-01,55,32.56
SKU-0489,Płatki śniadaniowe XL,Spożywcze,2025-06-01,59,30.99
SKU-0489,Płatki śniadaniowe XL,Spożywcze,2025-07-01,55,29.91
SKU-0489,Płatki śniadaniowe XL,Spożywcze,2025-08-01,57,31.98
SKU-0489,Płatki śniadaniowe XL,Spożywcze,2025-09-01,54,32.21
SKU-0489,Płatki śniadaniowe XL,Spożywcze,2025-10-01,62,31.64
SKU-0489,Płatki śniadaniowe XL,Spożywcze,2025-11-01,74,32.63
SKU-0489,Płatki śniadaniowe XL,Spożywcze,2025-12-01,54,31.87
SKU-0489,Płatki śniadaniowe XL,Spożywcze,2026-01-01,54,30.47
SKU-0489,Płatki śniadaniowe XL,Spożywcze,2026-02-01,62,32.3
SKU-0489,Płatki śniadaniowe XL,Spożywcze,2026-03-01,66,31.64
SKU-0489,Płatki śniadaniowe XL,Spożywcze,2026-04-01,72,31.04
SKU-0489,Płatki śniadaniowe XL,Spożywcze,2026-05-01,56,31.14
SKU-0489,Płatki śniadaniowe XL,Spożywcze,2026-06-01,58,30.86
SKU-0489,Płatki śniadaniowe XL,Spożywcze,2026-07-01,64,29.87
SKU-0490,Klapki basenowe Mini,Obuwie,2024-08-01,0,261.26
SKU-0490,Klapki basenowe Mini,Obuwie,2024-09-01,0,259.59
SKU-0490,Klapki basenowe Mini,Obuwie,2024-10-01,0,246.21
SKU-0490,Klapki basenowe Mini,Obuwie,2024-11-01,0,250.22
SKU-0490,Klapki basenowe Mini,Obuwie,2024-12-01,79,248.78
SKU-0490,Klapki basenowe Mini,Obuwie,2025-01-01,0,245.42
SKU-0490,Klapki basenowe Mini,Obuwie,2025-02-01,30,237.42
SKU-0490,Klapki basenowe Mini,Obuwie,2025-03-01,0,251.85
SKU-0490,Klapki basenowe Mini,Obuwie,2025-04-01,30,242.95
SKU-0490,Klapki basenowe Mini,Obuwie,2025-05-01,0,254.17
SKU-0490,Klapki basenowe Mini,Obuwie,2025-06-01,42,252.57
SKU-0490,Klapki basenowe Mini,Obuwie,2025-07-01,0,255.75
SKU-0490,Klapki basenowe Mini,Obuwie,2025-08-01,0,251.95
SKU-0490,Klapki basenowe Mini,Obuwie,2025-09-01,56,255.61
SKU-0490,Klapki basenowe Mini,Obuwie,2025-10-01,24,258.21
SKU-0490,Klapki basenowe Mini,Obuwie,2025-11-01,0,238.64
SKU-0490,Klapki basenowe Mini,Obuwie,2025-12-01,0,253.77
SKU-0490,Klapki basenowe Mini,Obuwie,2026-01-01,0,243.6
SKU-0490,Klapki basenowe Mini,Obuwie,2026-02-01,38,249.54
SKU-0490,Klapki basenowe Mini,Obuwie,2026-03-01,0,259.15
SKU-0490,Klapki basenowe Mini,Obuwie,2026-04-01,0,258.92
SKU-0490,Klapki basenowe Mini,Obuwie,2026-05-01,76,238.24
SKU-0490,Klapki basenowe Mini,Obuwie,2026-06-01,42,253.15
SKU-0490,Klapki basenowe Mini,Obuwie,2026-07-01,87,245.91
SKU-0491,Wycieraczki samochodowe Premium,Motoryzacja,2024-08-01,2,158.97
SKU-0491,Wycieraczki samochodowe Premium,Motoryzacja,2024-09-01,1,155.68
SKU-0491,Wycieraczki samochodowe Premium,Motoryzacja,2024-10-01,3,158.2
SKU-0491,Wycieraczki samochodowe Premium,Motoryzacja,2024-11-01,3,156.56
SKU-0491,Wycieraczki samochodowe Premium,Motoryzacja,2024-12-01,10,152.98
SKU-0491,Wycieraczki samochodowe Premium,Motoryzacja,2025-01-01,13,152.4
SKU-0491,Wycieraczki samochodowe Premium,Motoryzacja,2025-02-01,10,151.86
SKU-0491,Wycieraczki samochodowe Premium,Motoryzacja,2025-03-01,14,152.22
SKU-0491,Wycieraczki samochodowe Premium,Motoryzacja,2025-04-01,12,148.52
SKU-0491,Wycieraczki samochodowe Premium,Motoryzacja,2025-05-01,10,155.86
SKU-0491,Wycieraczki samochodowe Premium,Motoryzacja,2025-06-01,5,149.84
SKU-0491,Wycieraczki samochodowe Premium,Motoryzacja,2025-07-01,4,157.86
SKU-0491,Wycieraczki samochodowe Premium,Motoryzacja,2025-08-01,2,161.01
SKU-0491,Wycieraczki samochodowe Premium,Motoryzacja,2025-09-01,1,156.95
SKU-0491,Wycieraczki samochodowe Premium,Motoryzacja,2025-10-01,2,160.91
SKU-0491,Wycieraczki samochodowe Premium,Motoryzacja,2025-11-01,5,157.82
SKU-0491,Wycieraczki samochodowe Premium,Motoryzacja,2025-12-01,7,154.05
SKU-0491,Wycieraczki samochodowe Premium,Motoryzacja,2026-01-01,13,147.57
SKU-0491,Wycieraczki samochodowe Premium,Motoryzacja,2026-02-01,10,148.62
SKU-0491,Wycieraczki samochodowe Premium,Motoryzacja,2026-03-01,13,159.15
SKU-0491,Wycieraczki samochodowe Premium,Motoryzacja,2026-04-01,8,146.09
SKU-0491,Wycieraczki samochodowe Premium,Motoryzacja,2026-05-01,13,150.04
SKU-0491,Wycieraczki samochodowe Premium,Motoryzacja,2026-06-01,5,149.72
SKU-0491,Wycieraczki samochodowe Premium,Motoryzacja,2026-07-01,3,151.77
SKU-0492,Lalka interaktywna Mini,Zabawki,2024-08-01,16,19.2
SKU-0492,Lalka interaktywna Mini,Zabawki,2024-09-01,17,17.97
SKU-0492,Lalka interaktywna Mini,Zabawki,2024-10-01,8,18.63
SKU-0492,Lalka interaktywna Mini,Zabawki,2024-11-01,5,18.55
SKU-0492,Lalka interaktywna Mini,Zabawki,2024-12-01,6,18.2
SKU-0492,Lalka interaktywna Mini,Zabawki,2025-01-01,8,18.02
SKU-0492,Lalka interaktywna Mini,Zabawki,2025-02-01,9,18.99
SKU-0492,Lalka interaktywna Mini,Zabawki,2025-03-01,18,18.93
SKU-0492,Lalka interaktywna Mini,Zabawki,2025-04-01,15,18.98
SKU-0492,Lalka interaktywna Mini,Zabawki,2025-05-01,34,19.19
SKU-0492,Lalka interaktywna Mini,Zabawki,2025-06-01,29,18.4
SKU-0492,Lalka interaktywna Mini,Zabawki,2025-07-01,26,18.91
SKU-0492,Lalka interaktywna Mini,Zabawki,2025-08-01,20,18.86
SKU-0492,Lalka interaktywna Mini,Zabawki,2025-09-01,13,18.66
SKU-0492,Lalka interaktywna Mini,Zabawki,2025-10-01,11,17.83
SKU-0492,Lalka interaktywna Mini,Zabawki,2025-11-01,9,19.34
SKU-0492,Lalka interaktywna Mini,Zabawki,2025-12-01,6,19.43
SKU-0492,Lalka interaktywna Mini,Zabawki,2026-01-01,8,18.0
SKU-0492,Lalka interaktywna Mini,Zabawki,2026-02-01,16,18.42
SKU-0492,Lalka interaktywna Mini,Zabawki,2026-03-01,17,18.78
SKU-0492,Lalka interaktywna Mini,Zabawki,2026-04-01,25,19.12
SKU-0492,Lalka interaktywna Mini,Zabawki,2026-05-01,31,18.14
SKU-0492,Lalka interaktywna Mini,Zabawki,2026-06-01,26,19.26
SKU-0492,Lalka interaktywna Mini,Zabawki,2026-07-01,29,18.94
SKU-0493,Żelazko parowe Premium,AGD,2024-08-01,9,281.11
SKU-0493,Żelazko parowe Premium,AGD,2024-09-01,7,269.89
SKU-0493,Żelazko parowe Premium,AGD,2024-10-01,10,278.53
SKU-0493,Żelazko parowe Premium,AGD,2024-11-01,7,267.24
SKU-0493,Żelazko parowe Premium,AGD,2024-12-01,9,257.55
SKU-0493,Żelazko parowe Premium,AGD,2025-01-01,4,270.85
SKU-0493,Żelazko parowe Premium,AGD,2025-02-01,1,259.46
SKU-0493,Żelazko parowe Premium,AGD,2025-03-01,0,256.65
SKU-0493,Żelazko parowe Premium,AGD,2025-04-01,0,261.82
SKU-0493,Żelazko parowe Premium,AGD,2025-05-01,1,265.63
SKU-0493,Żelazko parowe Premium,AGD,2025-06-01,3,259.26
SKU-0493,Żelazko parowe Premium,AGD,2025-07-01,6,264.76
SKU-0493,Żelazko parowe Premium,AGD,2025-08-01,8,266.24
SKU-0493,Żelazko parowe Premium,AGD,2025-09-01,10,262.4
SKU-0493,Żelazko parowe Premium,AGD,2025-10-01,6,259.13
SKU-0493,Żelazko parowe Premium,AGD,2025-11-01,8,274.74
SKU-0493,Żelazko parowe Premium,AGD,2025-12-01,8,259.29
SKU-0493,Żelazko parowe Premium,AGD,2026-01-01,4,265.14
SKU-0493,Żelazko parowe Premium,AGD,2026-02-01,2,256.09
SKU-0493,Żelazko parowe Premium,AGD,2026-03-01,0,256.38
SKU-0493,Żelazko parowe Premium,AGD,2026-04-01,0,270.74
SKU-0493,Żelazko parowe Premium,AGD,2026-05-01,1,276.86
SKU-0493,Żelazko parowe Premium,AGD,2026-06-01,2,281.75
SKU-0493,Żelazko parowe Premium,AGD,2026-07-01,5,260.11
SKU-0494,Kamera sportowa Compact,RTV,2024-08-01,13,964.0
SKU-0494,Kamera sportowa Compact,RTV,2024-09-01,16,904.82
SKU-0494,Kamera sportowa Compact,RTV,2024-10-01,16,994.57
SKU-0494,Kamera sportowa Compact,RTV,2024-11-01,17,975.87
SKU-0494,Kamera sportowa Compact,RTV,2024-12-01,19,915.9
SKU-0494,Kamera sportowa Compact,RTV,2025-01-01,18,983.79
SKU-0494,Kamera sportowa Compact,RTV,2025-02-01,17,966.26
SKU-0494,Kamera sportowa Compact,RTV,2025-03-01,12,935.9
SKU-0494,Kamera sportowa Compact,RTV,2025-04-01,13,949.75
SKU-0494,Kamera sportowa Compact,RTV,2025-05-01,16,944.52
SKU-0494,Kamera sportowa Compact,RTV,2025-06-01,14,967.81
SKU-0494,Kamera sportowa Compact,RTV,2025-07-01,15,928.55
SKU-0494,Kamera sportowa Compact,RTV,2025-08-01,16,976.24
SKU-0494,Kamera sportowa Compact,RTV,2025-09-01,17,940.21
SKU-0494,Kamera sportowa Compact,RTV,2025-10-01,17,966.44
SKU-0494,Kamera sportowa Compact,RTV,2025-11-01,18,951.47
SKU-0494,Kamera sportowa Compact,RTV,2025-12-01,19,937.02
SKU-0494,Kamera sportowa Compact,RTV,2026-01-01,17,930.59
SKU-0494,Kamera sportowa Compact,RTV,2026-02-01,18,978.78
SKU-0494,Kamera sportowa Compact,RTV,2026-03-01,17,989.49
SKU-0494,Kamera sportowa Compact,RTV,2026-04-01,16,933.82
SKU-0494,Kamera sportowa Compact,RTV,2026-05-01,15,935.25
SKU-0494,Kamera sportowa Compact,RTV,2026-06-01,16,924.77
SKU-0494,Kamera sportowa Compact,RTV,2026-07-01,14,919.26
SKU-0495,Głośnik Bluetooth Plus,Elektronika,2024-08-01,71,120.36
SKU-0495,Głośnik Bluetooth Plus,Elektronika,2024-09-01,81,124.77
SKU-0495,Głośnik Bluetooth Plus,Elektronika,2024-10-01,75,129.52
SKU-0495,Głośnik Bluetooth Plus,Elektronika,2024-11-01,83,131.18
SKU-0495,Głośnik Bluetooth Plus,Elektronika,2024-12-01,80,126.5
SKU-0495,Głośnik Bluetooth Plus,Elektronika,2025-01-01,75,124.59
SKU-0495,Głośnik Bluetooth Plus,Elektronika,2025-02-01,93,128.17
SKU-0495,Głośnik Bluetooth Plus,Elektronika,2025-03-01,101,131.16
SKU-0495,Głośnik Bluetooth Plus,Elektronika,2025-04-01,100,127.44
SKU-0495,Głośnik Bluetooth Plus,Elektronika,2025-05-01,83,123.15
SKU-0495,Głośnik Bluetooth Plus,Elektronika,2025-06-01,94,124.64
SKU-0495,Głośnik Bluetooth Plus,Elektronika,2025-07-01,97,123.4
SKU-0495,Głośnik Bluetooth Plus,Elektronika,2025-08-01,71,130.55
SKU-0495,Głośnik Bluetooth Plus,Elektronika,2025-09-01,62,125.78
SKU-0495,Głośnik Bluetooth Plus,Elektronika,2025-10-01,71,119.54
SKU-0495,Głośnik Bluetooth Plus,Elektronika,2025-11-01,80,128.65
SKU-0495,Głośnik Bluetooth Plus,Elektronika,2025-12-01,95,122.64
SKU-0495,Głośnik Bluetooth Plus,Elektronika,2026-01-01,87,121.26
SKU-0495,Głośnik Bluetooth Plus,Elektronika,2026-02-01,93,129.11
SKU-0495,Głośnik Bluetooth Plus,Elektronika,2026-03-01,95,130.42
SKU-0495,Głośnik Bluetooth Plus,Elektronika,2026-04-01,105,120.22
SKU-0495,Głośnik Bluetooth Plus,Elektronika,2026-05-01,97,125.31
SKU-0495,Głośnik Bluetooth Plus,Elektronika,2026-06-01,88,128.73
SKU-0495,Głośnik Bluetooth Plus,Elektronika,2026-07-01,109,119.95
SKU-0496,Głośnik Bluetooth Premium,Elektronika,2024-08-01,9,120.48
SKU-0496,Głośnik Bluetooth Premium,Elektronika,2024-09-01,0,125.13
SKU-0496,Głośnik Bluetooth Premium,Elektronika,2024-10-01,9,120.65
SKU-0496,Głośnik Bluetooth Premium,Elektronika,2024-11-01,0,121.03
SKU-0496,Głośnik Bluetooth Premium,Elektronika,2024-12-01,0,119.62
SKU-0496,Głośnik Bluetooth Premium,Elektronika,2025-01-01,11,123.96
SKU-0496,Głośnik Bluetooth Premium,Elektronika,2025-02-01,0,119.07
SKU-0496,Głośnik Bluetooth Premium,Elektronika,2025-03-01,0,123.34
SKU-0496,Głośnik Bluetooth Premium,Elektronika,2025-04-01,8,124.24
SKU-0496,Głośnik Bluetooth Premium,Elektronika,2025-05-01,2,120.32
SKU-0496,Głośnik Bluetooth Premium,Elektronika,2025-06-01,0,115.13
SKU-0496,Głośnik Bluetooth Premium,Elektronika,2025-07-01,0,124.74
SKU-0496,Głośnik Bluetooth Premium,Elektronika,2025-08-01,0,125.23
SKU-0496,Głośnik Bluetooth Premium,Elektronika,2025-09-01,3,118.5
SKU-0496,Głośnik Bluetooth Premium,Elektronika,2025-10-01,0,123.51
SKU-0496,Głośnik Bluetooth Premium,Elektronika,2025-11-01,5,116.21
SKU-0496,Głośnik Bluetooth Premium,Elektronika,2025-12-01,0,120.94
SKU-0496,Głośnik Bluetooth Premium,Elektronika,2026-01-01,5,121.44
SKU-0496,Głośnik Bluetooth Premium,Elektronika,2026-02-01,8,119.67
SKU-0496,Głośnik Bluetooth Premium,Elektronika,2026-03-01,4,120.34
SKU-0496,Głośnik Bluetooth Premium,Elektronika,2026-04-01,3,116.4
SKU-0496,Głośnik Bluetooth Premium,Elektronika,2026-05-01,2,121.34
SKU-0496,Głośnik Bluetooth Premium,Elektronika,2026-06-01,6,123.53
SKU-0496,Głośnik Bluetooth Premium,Elektronika,2026-07-01,5,117.29
SKU-0497,Trampki klasyczne Classic,Obuwie,2024-08-01,4,257.91
SKU-0497,Trampki klasyczne Classic,Obuwie,2024-09-01,5,259.16
SKU-0497,Trampki klasyczne Classic,Obuwie,2024-10-01,4,270.25
SKU-0497,Trampki klasyczne Classic,Obuwie,2024-11-01,4,259.04
SKU-0497,Trampki klasyczne Classic,Obuwie,2024-12-01,4,261.0
SKU-0497,Trampki klasyczne Classic,Obuwie,2025-01-01,3,275.25
SKU-0497,Trampki klasyczne Classic,Obuwie,2025-02-01,4,279.73
SKU-0497,Trampki klasyczne Classic,Obuwie,2025-03-01,4,259.2
SKU-0497,Trampki klasyczne Classic,Obuwie,2025-04-01,4,282.27
SKU-0497,Trampki klasyczne Classic,Obuwie,2025-05-01,4,266.69
SKU-0497,Trampki klasyczne Classic,Obuwie,2025-06-01,4,262.03
SKU-0497,Trampki klasyczne Classic,Obuwie,2025-07-01,5,258.55
SKU-0497,Trampki klasyczne Classic,Obuwie,2025-08-01,4,271.09
SKU-0497,Trampki klasyczne Classic,Obuwie,2025-09-01,4,262.08
SKU-0497,Trampki klasyczne Classic,Obuwie,2025-10-01,4,266.28
SKU-0497,Trampki klasyczne Classic,Obuwie,2025-11-01,4,274.56
SKU-0497,Trampki klasyczne Classic,Obuwie,2025-12-01,4,273.97
SKU-0497,Trampki klasyczne Classic,Obuwie,2026-01-01,4,261.95
SKU-0497,Trampki klasyczne Classic,Obuwie,2026-02-01,4,256.34
SKU-0497,Trampki klasyczne Classic,Obuwie,2026-03-01,5,263.12
SKU-0497,Trampki klasyczne Classic,Obuwie,2026-04-01,4,278.51
SKU-0497,Trampki klasyczne Classic,Obuwie,2026-05-01,5,282.3
SKU-0497,Trampki klasyczne Classic,Obuwie,2026-06-01,5,266.84
SKU-0497,Trampki klasyczne Classic,Obuwie,2026-07-01,5,261.28
SKU-0498,Papier do drukarki Eco,Artykuły biurowe,2024-08-01,3,38.49
SKU-0498,Papier do drukarki Eco,Artykuły biurowe,2024-09-01,4,37.36
SKU-0498,Papier do drukarki Eco,Artykuły biurowe,2024-10-01,5,36.24
SKU-0498,Papier do drukarki Eco,Artykuły biurowe,2024-11-01,6,37.99
SKU-0498,Papier do drukarki Eco,Artykuły biurowe,2024-12-01,4,36.31
SKU-0498,Papier do drukarki Eco,Artykuły biurowe,2025-01-01,5,35.79
SKU-0498,Papier do drukarki Eco,Artykuły biurowe,2025-02-01,4,35.43
SKU-0498,Papier do drukarki Eco,Artykuły biurowe,2025-03-01,4,38.31
SKU-0498,Papier do drukarki Eco,Artykuły biurowe,2025-04-01,2,38.73
SKU-0498,Papier do drukarki Eco,Artykuły biurowe,2025-05-01,2,35.74
SKU-0498,Papier do drukarki Eco,Artykuły biurowe,2025-06-01,1,35.52
SKU-0498,Papier do drukarki Eco,Artykuły biurowe,2025-07-01,2,37.0
SKU-0498,Papier do drukarki Eco,Artykuły biurowe,2025-08-01,3,36.94
SKU-0498,Papier do drukarki Eco,Artykuły biurowe,2025-09-01,4,38.88
SKU-0498,Papier do drukarki Eco,Artykuły biurowe,2025-10-01,5,35.56
SKU-0498,Papier do drukarki Eco,Artykuły biurowe,2025-11-01,5,38.81
SKU-0498,Papier do drukarki Eco,Artykuły biurowe,2025-12-01,6,36.22
SKU-0498,Papier do drukarki Eco,Artykuły biurowe,2026-01-01,6,37.59
SKU-0498,Papier do drukarki Eco,Artykuły biurowe,2026-02-01,4,35.58
SKU-0498,Papier do drukarki Eco,Artykuły biurowe,2026-03-01,4,38.74
SKU-0498,Papier do drukarki Eco,Artykuły biurowe,2026-04-01,2,37.01
SKU-0498,Papier do drukarki Eco,Artykuły biurowe,2026-05-01,2,37.75
SKU-0498,Papier do drukarki Eco,Artykuły biurowe,2026-06-01,2,37.1
SKU-0498,Papier do drukarki Eco,Artykuły biurowe,2026-07-01,2,38.61
SKU-0499,Żelazko parowe,AGD,2024-08-01,0,507.79
SKU-0499,Żelazko parowe,AGD,2024-09-01,0,478.14
SKU-0499,Żelazko parowe,AGD,2024-10-01,1,511.02
SKU-0499,Żelazko parowe,AGD,2024-11-01,2,509.25
SKU-0499,Żelazko parowe,AGD,2024-12-01,3,469.57
SKU-0499,Żelazko parowe,AGD,2025-01-01,3,510.59
SKU-0499,Żelazko parowe,AGD,2025-02-01,2,475.3
SKU-0499,Żelazko parowe,AGD,2025-03-01,2,495.3
SKU-0499,Żelazko parowe,AGD,2025-04-01,2,484.98
SKU-0499,Żelazko parowe,AGD,2025-05-01,2,516.87
SKU-0499,Żelazko parowe,AGD,2025-06-01,1,506.12
SKU-0499,Żelazko parowe,AGD,2025-07-01,0,515.03
SKU-0499,Żelazko parowe,AGD,2025-08-01,0,505.99
SKU-0499,Żelazko parowe,AGD,2025-09-01,0,474.98
SKU-0499,Żelazko parowe,AGD,2025-10-01,1,486.11
SKU-0499,Żelazko parowe,AGD,2025-11-01,1,492.66
SKU-0499,Żelazko parowe,AGD,2025-12-01,2,502.14
SKU-0499,Żelazko parowe,AGD,2026-01-01,2,478.04
SKU-0499,Żelazko parowe,AGD,2026-02-01,2,502.71
SKU-0499,Żelazko parowe,AGD,2026-03-01,3,490.1
SKU-0499,Żelazko parowe,AGD,2026-04-01,2,502.16
SKU-0499,Żelazko parowe,AGD,2026-05-01,2,496.12
SKU-0499,Żelazko parowe,AGD,2026-06-01,1,505.54
SKU-0499,Żelazko parowe,AGD,2026-07-01,1,509.51
SKU-0500,Blender kielichowy,AGD,2024-08-01,7,91.32
SKU-0500,Blender kielichowy,AGD,2024-09-01,2,91.72
SKU-0500,Blender kielichowy,AGD,2024-10-01,0,90.24
SKU-0500,Blender kielichowy,AGD,2024-11-01,2,84.05
SKU-0500,Blender kielichowy,AGD,2024-12-01,7,91.27
SKU-0500,Blender kielichowy,AGD,2025-01-01,15,84.43
SKU-0500,Blender kielichowy,AGD,2025-02-01,26,85.72
SKU-0500,Blender kielichowy,AGD,2025-03-01,24,90.28
SKU-0500,Blender kielichowy,AGD,2025-04-01,31,90.4
SKU-0500,Blender kielichowy,AGD,2025-05-01,25,88.99
SKU-0500,Blender kielichowy,AGD,2025-06-01,22,88.44
SKU-0500,Blender kielichowy,AGD,2025-07-01,14,84.19
SKU-0500,Blender kielichowy,AGD,2025-08-01,6,88.2
SKU-0500,Blender kielichowy,AGD,2025-09-01,3,86.06
SKU-0500,Blender kielichowy,AGD,2025-10-01,0,87.05
SKU-0500,Blender kielichowy,AGD,2025-11-01,2,91.88
SKU-0500,Blender kielichowy,AGD,2025-12-01,5,89.75
SKU-0500,Blender kielichowy,AGD,2026-01-01,13,88.93
SKU-0500,Blender kielichowy,AGD,2026-02-01,18,86.66
SKU-0500,Blender kielichowy,AGD,2026-03-01,19,87.15
SKU-0500,Blender kielichowy,AGD,2026-04-01,26,84.52
SKU-0500,Blender kielichowy,AGD,2026-05-01,37,85.03
SKU-0500,Blender kielichowy,AGD,2026-06-01,23,88.91
SKU-0500,Blender kielichowy,AGD,2026-07-01,15,89.5
